Zone,Nom,Catégorie,Statut,Adresse,Latitude,Longitude,Image,Source
Berger,Carrefour,Supermarché,Formel,Carrefour,33.5738188,-7.6446827,icons/supermarket.png,OSM
Ain Diab,Carrefour Market,Supermarché,Formel,Carrefour Market,33.5771567,-7.6741813,icons/supermarket.png,OSM
راسين,Carrefour Gourmet,Supermarché,Formel,Avenue Ahmed Charci شارع أحمد الشرسي,33.5908121,-7.6462218,icons/supermarket.png,OSM
Anfa Supérieur,Carrefour,Supermarché,Formel,Boulevard de la Corniche شارع الكورنيش,33.5981369,-7.6644676,icons/supermarket.png,OSM
Maârif Extension,Carrefour Market,Supermarché,Formel,Rue Al Fourate زنقة الفرات,33.5802189,-7.6409084,icons/supermarket.png,OSM
Les Hôpitaux,Carrefour Market,Supermarché,Formel,Carrefour Market,33.5730326,-7.6198771,icons/supermarket.png,OSM
Sour Jdid,Carrefour Market,Supermarché,Formel,Boulevard Ziraoui شارع الزيراوي,33.597148,-7.6294045,icons/supermarket.png,OSM
Assoukhour Assawda,Carrefour des Saveurs,Restaurant,Formel,Carrefour des Saveurs,33.595159,-7.5913872,icons/restaurant.png,OSM
Mers Sultan,Carrefour,Supermarché,Formel,Carrefour,33.5844973,-7.6080134,icons/supermarket.png,OSM
Berger,Carrefour,Supermarché,Formel,Carrefour,33.5739187,-7.6445744,icons/supermarket.png,OSM
Arrondissement de Mers Sultan,Carrefour Market,Supermarché,Formel,Boulevard de la Gironde,33.5841408,-7.599484,icons/supermarket.png,OSM
Assoukhour Assawda,Carrefour Market,Supermarché,Formel,Carrefour Market,33.5926838,-7.6011795,icons/supermarket.png,OSM
Val Fleuri,Carrefour Market,Supermarché,Formel,Rue Henri Murger,33.5740376,-7.6361871,icons/supermarket.png,OSM
Sidi Maârouf,Carrefour Market,Supermarché,Formel,Carrefour Market,33.5382022,-7.6435543,icons/supermarket.png,OSM
Sidi Maârouf,Carrefour Market,Supermarché,Formel,Carrefour Market,33.5380366,-7.6432946,icons/supermarket.png,OSM
Oulad Azzouz,Carrefour,Supermarché,Formel,Carrefour,33.5173168,-7.7990506,icons/supermarket.png,OSM
Oulad Azzouz,Carrefour Dar Bouzza,Supermarché,Formel,Carrefour Dar Bouzza,33.5176502,-7.7999632,icons/supermarket.png,OSM
Arrondissement d'Aïn Sebaâ,Carrefour,Supermarché,Formel,Carrefour,33.607527,-7.5368732,icons/supermarket.png,OSM
Arrondissement d'Aïn Sebaâ,Carrefour Market,Supermarché,Formel,Carrefour Market,33.6021269,-7.5265618,icons/supermarket.png,OSM
Gauthier,Carrefour Market,Supermarché,Formel,Rue Taha Houcine زنقة طه حسين,33.5897236,-7.6297373,icons/supermarket.png,OSM
Arrondissement d'Aïn Sebaâ,Carrefour,Supermarché,Formel,Carrefour,33.5987457,-7.5751282,icons/supermarket.png,OSM
Préfecture d'arrondissement de Hay Hassani,Carrefour Market,Supermarché,Formel,Carrefour Market,33.5379265,-7.680443,icons/supermarket.png,OSM
Berger,Carrefour,Supermarché,Formel,Carrefour,33.5737578,-7.6446216,icons/supermarket.png,OSM
Arrondissement d'Aïn-Chock,Carrefour Market,Supermarché,Formel,Carrefour Market,33.531131,-7.6226294,icons/supermarket.png,OSM
راسين,Carrefour Express,Supérette / Mini-market,Formel,Rue Ahmed El Mokri زنقة أحمد المقري,33.5911972,-7.6388189,icons/convenience.png,OSM
Beauséjour,Carrefour Market,Supermarché,Formel,Rue Al Banafsaj زنقة البنفسج,33.5667786,-7.6514343,icons/supermarket.png,OSM
Sidi Maârouf,Carrefour,Supermarché,Formel,Carrefour,33.5354196,-7.6419162,icons/supermarket.png,OSM
Préfecture d'arrondissement de Hay Hassani,Carrefour d'Azbane,Supermarché,Formel,Carrefour d'Azbane,33.5375122,-7.6636622,icons/supermarket.png,OSM
Préfecture d'arrondissement de Hay Hassani,Carrefour d'Azbane,Supermarché,Formel,Carrefour d'Azbane,33.5378775,-7.6630145,icons/supermarket.png,OSM
Préfecture d'arrondissement de Hay Hassani,Carrefour d'Azbane,Supermarché,Formel,Carrefour d'Azbane,33.5376046,-7.6637789,icons/supermarket.png,OSM
Préfecture d'arrondissement de Hay Hassani,Carrefour d'Azbane,Supermarché,Formel,Carrefour d'Azbane,33.5383281,-7.6624972,icons/supermarket.png,OSM
Préfecture d'arrondissement de Hay Hassani,Carrefour d'Azbane,Supermarché,Formel,Carrefour d'Azbane,33.5380952,-7.6632303,icons/supermarket.png,OSM
Arrondissement d'Aïn-Chock,Carrefour,Supermarché,Formel,Carrefour,33.5290416,-7.5930685,icons/supermarket.png,OSM
Al Fida,Marjane Drissia M6,Supermarché,Formel,Marjane Drissia M6,33.5618694,-7.5946468,icons/supermarket.png,OSM
Californie,Marjane,Supermarché,Formel,Marjane,33.5446703,-7.639958,icons/supermarket.png,OSM
Arrondissement d'Aïn Sebaâ,Marjane Aïn Sbaâ,Supermarché,Formel,Marjane Aïn Sbaâ,33.5958294,-7.5301296,icons/supermarket.png,OSM
Arrondissement d'Anfa,Marjane,Supermarché,Formel,Marjane,33.5746919,-7.7081046,icons/supermarket.png,OSM
Val d'Anfa,Marjane Market,Supermarché,Formel,Boulevard de Bourgogne شارع بوركون,33.594818,-7.6515874,icons/supermarket.png,OSM
Arrondissement d'Aïn Sebaâ,Marjane,Supermarché,Formel,Marjane,33.595682,-7.531687,icons/supermarket.png,OSM
Arrondissement d'Aïn Sebaâ,Pharmacie Marjane Ain Sebaa,Supermarché,Formel,Centre Commercial Marjane Ain Sebaa,33.5962524,-7.5321201,icons/supermarket.png,OSM
Les Princesses,Marjane Market,Supermarché,Formel,Boulevard Ghandi شارع غاندي,33.5743416,-7.65024,icons/supermarket.png,OSM
Arrondissement d'Aïn Sebaâ,Marjane Aïn Sbaâ,Supermarché,Formel,Marjane Aïn Sbaâ,33.5957237,-7.5302589,icons/supermarket.png,OSM
Arrondissement d'Al Fida,Marjane Drissia,Supermarché,Formel,Marjane Drissia,33.5627041,-7.5940106,icons/supermarket.png,OSM
Arrondissement d'Al Fida,Marjane Drissia,Supermarché,Formel,Marjane Drissia,33.5629532,-7.5939177,icons/supermarket.png,OSM
Al Fida,Marjane Drissia M6,Supermarché,Formel,Marjane Drissia M6,33.561581,-7.5948997,icons/supermarket.png,OSM
El Oulfa,Marjane Hay Hassani,Supermarché,Formel,Marjane Hay Hassani,33.5657963,-7.6765505,icons/supermarket.png,OSM
Ancienne Medina,Marjane,Supermarché,Formel,Boulevard Rahal El Meskini,33.5879069,-7.6125249,icons/supermarket.png,OSM
Ancienne Medina,Marjane,Supermarché,Formel,Boulevard Mohamed Smiha,33.59444,-7.6086746,icons/supermarket.png,OSM
Arrondissement d'Aïn-Chock,Marjane,Supermarché,Formel,Marjane,33.5130223,-7.6593739,icons/supermarket.png,OSM
Arrondissement d'Al Fida,interieur marjane drissia cote autoroute,Supermarché,Formel,interieur marjane drissia cote autoroute,33.5606342,-7.5934651,icons/supermarket.png,OSM
Arrondissement d'Al Fida,Bd touria chaoui derriere marjane drissia devant residence fal anour,Supermarché,Formel,Bd touria chaoui derriere marjane drissia devant residence fal anour,33.5619618,-7.5922072,icons/supermarket.png,OSM
Arrondissement d'Al Fida,Derriere marjane drissia enface centre العمل الاجتماعي النسوي,Supermarché,Formel,Derriere marjane drissia enface centre العمل الاجتماعي النسوي,33.5627218,-7.5931433,icons/supermarket.png,OSM
Arrondissement d'Al Fida,Derriere marjane drissia a cite de porte de chargement,Supermarché,Formel,Derriere marjane drissia a cite de porte de chargement,33.5623217,-7.5927812,icons/supermarket.png,OSM
Al Fida,Souk des bois Bd med vi enface electroplanete marjane drissia,Supermarché,Formel,Souk des bois Bd med vi enface electroplanete marjane drissia,33.5610432,-7.5948465,icons/supermarket.png,OSM
Arrondissement d'Al Fida,Rue 30 angle rue 28 hay drissia2 cote marjane,Supermarché,Formel,Rue 30 angle rue 28 hay drissia2 cote marjane,33.5629341,-7.5912872,icons/supermarket.png,OSM
Arrondissement d'Al Fida,Bd bouchaib doukali angle bd led 6 enface porte principale marjane,Supermarché,Formel,Bd bouchaib doukali angle bd led 6 enface porte principale marjane,33.5626011,-7.5945568,icons/supermarket.png,OSM
Bouskoura,Marjane,Supermarché,Formel,Marjane,33.4753036,-7.6069947,icons/supermarket.png,OSM
Beauséjour,Marjane Market مرجان ماركت,Supermarché,Formel,Boulevard Sidi Abderrahmane شارع سيدي عبد الرحمان,33.566764,-7.6559254,icons/supermarket.png,OSM
Arrondissement de Sidi Othmane,Sidi Othmane - Marjane,Supermarché,Formel,Sidi Othmane - Marjane,33.5608884,-7.5615566,icons/supermarket.png,OSM
Arrondissement de Sidi Othmane,Sidi Othmane - Marjane,Supermarché,Formel,Sidi Othmane - Marjane,33.5607332,-7.5614891,icons/supermarket.png,OSM
Assoukhour Assawda,Marjane,Supermarché,Formel,Boulevard Ibn Tachfine,33.5859021,-7.5930568,icons/supermarket.png,OSM
Préfecture d'arrondissement de Hay Hassani,Marjane,Supermarché,Formel,Marjane,33.5632914,-7.6637711,icons/supermarket.png,OSM
Arrondissement d'Aïn-Chock,Marjane Californie,Supermarché,Formel,Marjane Californie,33.544542,-7.6423514,icons/supermarket.png,OSM
Arrondissement d'Aïn-Chock,Marjane Californie,Supermarché,Formel,Marjane Californie,33.5446148,-7.6419546,icons/supermarket.png,OSM
Maârif Extension,Marjane,Supermarché,Formel,Rue Al Fourate زنقة الفرات,33.58076,-7.6415292,icons/supermarket.png,OSM
Palmiers,Marjane,Supermarché,Formel,Marjane,33.5785138,-7.6243943,icons/supermarket.png,OSM
Anfa Supérieur,Rue Al Marjane,Supermarché,Formel,Rue Al Marjane,33.597159,-7.6626748,icons/supermarket.png,OSM
Arrondissement d'Al Fida,Marjane,Supermarché,Formel,Marjane,33.5616025,-7.5935293,icons/supermarket.png,OSM
Arrondissement de Sidi Othmane,Marjane,Supermarché,Formel,Marjane,33.5602836,-7.5614755,icons/supermarket.png,OSM
Arrondissement de Sidi Othmane,Marjane Sidi Othmane,Supermarché,Formel,Marjane Sidi Othmane,33.5459358,-7.5495858,icons/supermarket.png,OSM
راسين,Résidence Marjane إقامة مرجان,Supermarché,Formel,Rue Ibnou Yaala Al Ifrani زنقة إبن يلعى الإفراني,33.5879624,-7.640294,icons/supermarket.png,OSM
El Oulfa,Marjane,Supermarché,Formel,Marjane,33.5662976,-7.6760715,icons/supermarket.png,OSM
Assoukhour Assawda,L139 Marjane Aïn Sbaâ - Hôpital Sofi,Supermarché,Formel,L139 Marjane Aïn Sbaâ - Hôpital Sofi,33.5970845,-7.5815519,icons/supermarket.png,OSM
Assoukhour Assawda,L139 Hôpital Sofi - Marjane Aïn Sbaâ,Supermarché,Formel,L139 Hôpital Sofi - Marjane Aïn Sbaâ,33.5970534,-7.5816907,icons/supermarket.png,OSM
Arrondissement d'Al Fida,McDonald's,Restaurant,Formel,Boulevard Mohamed VI,33.5623474,-7.5941062,icons/restaurant.png,OSM
Les Hôpitaux,McDonald's,Restaurant,Formel,Avenue 2 Mars,33.5759477,-7.6153091,icons/restaurant.png,OSM
Ancienne Medina,McDonald's,Restaurant,Formel,Avenue Mers Sultan,33.5881192,-7.6175943,icons/restaurant.png,OSM
Assoukhour Assawda,McDonald's,Restaurant,Formel,McDonald's,33.5858757,-7.5928149,icons/restaurant.png,OSM
Maârif,KFC,Restaurant,Formel,Rue El Kadi Iass زنقة القاضي إياس,33.5861117,-7.6368073,icons/restaurant.png,OSM
Ancienne Medina,KFC,Restaurant,Formel,KFC,33.595602,-7.6174129,icons/restaurant.png,OSM
Gauthier,KFC,Restaurant,Formel,KFC,33.5928524,-7.6318233,icons/restaurant.png,OSM
Les Hôpitaux,KFC,Restaurant,Formel,Avenue 2 Mars,33.5753667,-7.6156108,icons/restaurant.png,OSM
Arrondissement d'Anfa,KFC,Restaurant,Formel,KFC,33.5764438,-7.7065764,icons/restaurant.png,OSM
Ain Diab,KFC,Restaurant,Formel,KFC,33.5873876,-7.6850644,icons/restaurant.png,OSM
Arrondissement de Mers Sultan,Carrefour Centre Ville,Supermarché,Formel,"Avenue Centre Ville, Casablanca",33.5731,-7.5898,icons/supermarket.png,ATP
Anfa Supérieur,Carrefour Ain Diab,Supermarché,Formel,"Avenue Ain Diab, Casablanca",33.5981,-7.6644,icons/supermarket.png,ATP
راسين,Carrefour Maarif,Supermarché,Formel,"Avenue Maarif, Casablanca",33.5908,-7.6462,icons/supermarket.png,ATP
L'Oasis,Marjane Derb Ghallef,Supermarché,Formel,"Avenue Derb Ghallef, Casablanca",33.5625,-7.6331,icons/supermarket.png,ATP
El Oulfa,Marjane California,Supermarché,Formel,"Avenue California, Casablanca",33.5456,-7.6789,icons/supermarket.png,ATP
Arrondissement de Sidi Belyout,Marjane Racine,Supermarché,Formel,"Avenue Racine, Casablanca",33.6012,-7.6123,icons/supermarket.png,ATP
Les Hôpitaux,BIM Centre,Supérette / Mini-market,Formel,"Avenue Centre, Casablanca",33.5723,-7.6234,icons/convenience.png,ATP
Les Princesses,BIM Hay Hassani,Supérette / Mini-market,Formel,"Avenue Hay Hassani, Casablanca",33.5834,-7.6456,icons/convenience.png,ATP
El Oulfa,BIM Sidi Bernoussi,Supérette / Mini-market,Formel,"Avenue Sidi Bernoussi, Casablanca",33.5612,-7.6789,icons/convenience.png,ATP
Arrondissement de Mers Sultan,McDonald's Mers Sultan,Restaurant,Formel,"Avenue Mers Sultan, Casablanca",33.5831,-7.608,icons/restaurant.png,ATP
Sour Jdid,McDonald's Sour Jdid,Restaurant,Formel,"Avenue Sour Jdid, Casablanca",33.5971,-7.6294,icons/restaurant.png,ATP
Maârif Extension,McDonald's Maarif,Restaurant,Formel,"Avenue Maarif, Casablanca",33.5802,-7.6409,icons/restaurant.png,ATP
Berger,KFC Berger,Restaurant,Formel,"Avenue Berger, Casablanca",33.5738,-7.6446,icons/restaurant.png,ATP
Ain Diab,KFC Ain Diab,Restaurant,Formel,"Avenue Ain Diab, Casablanca",33.5771,-7.6741,icons/restaurant.png,ATP
Les Hôpitaux,KFC Les Hôpitaux,Restaurant,Formel,"Avenue Les Hôpitaux, Casablanca",33.573,-7.6198,icons/restaurant.png,ATP
Arrondissement d'Aïn-Chock,Paul Casablanca Centre,Boulangerie,Formel,"Centre Commercial, Casablanca",33.55309999999999,-7.6098,icons/bakery.png,ATP
Arrondissement d'Al Fida,Brioche Dorée Casablanca Centre,Boulangerie,Formel,"Centre Commercial, Casablanca",33.56309999999999,-7.6018,icons/bakery.png,ATP
Mers Sultan,Domino's Pizza Casablanca Centre,Restaurant,Formel,"Centre Commercial, Casablanca",33.5731,-7.5938,icons/restaurant.png,ATP
Assoukhour Assawda,Starbucks Casablanca Centre,Café,Formel,"Centre Commercial, Casablanca",33.583099999999995,-7.5858,icons/cafe.png,ATP
Arrondissement de Hay Mohammadi,Subway Casablanca Centre,Restaurant,Formel,"Centre Commercial, Casablanca",33.59309999999999,-7.5778,icons/restaurant.png,ATP
Arrondissement d'Aïn Sebaâ,Pizza Hut Casablanca Centre,Restaurant,Formel,"Centre Commercial, Casablanca",33.60309999999999,-7.5698,icons/restaurant.png,ATP
,Acima,Supermarché,Formel,Acima,33.5945384,-7.595292,,Existant
,Supermarché Mamoun,Supermarché,Formel,Supermarché Mamoun,33.5879309,-7.6393934,,Existant
,Hachmi,Supermarché,Formel,Hachmi,33.6022232,-7.5788395,,Existant
,BIM,Supermarché,Formel,BIM,33.5640326,-7.555968,,Existant
,BİM,Supermarché,Formel,BİM,33.5972247,-7.6346254,,Existant
,BİM,Supermarché,Formel,BİM,33.6014315,-7.6346726,,Existant
,Supermarché,Supermarché,Formel,Supermarché,33.601049,-7.632989,,Existant
,BİM,Supermarché,Formel,BİM,33.5729969,-7.6201882,,Existant
,BİM,Supermarché,Formel,BİM,33.557744,-7.559864,,Existant
,Protectron Maroc,Supermarché,Formel,Protectron Maroc,33.5835673,-7.596623,,Existant
,Supermarche Bim,Supermarché,Formel,Supermarche Bim,33.5841994,-7.5826163,,Existant
,BİM,Supermarché,Formel,BİM,33.5939838,-7.6244925,,Existant
,BİM,Supermarché,Formel,BİM,33.5957829,-7.628286,,Existant
,Acima Mers Sultan,Supermarché,Formel,Acima Mers Sultan,33.5761212,-7.6156344,,Existant
,Aswak Assalam,Supermarché,Formel,Aswak Assalam,33.5808385,-7.5928561,,Existant
,BİM,Supermarché,Formel,BİM,33.5891579,-7.6310019,,Existant
,Marché Salmia 2,Supermarché,Formel,Marché Salmia 2,33.5386572,-7.5532235,,Existant
,BMI,Supermarché,Formel,BMI,33.5972407,-7.6152396,,Existant
,Bim,Supermarché,Formel,Bim,33.5905784,-7.5928946,,Existant
,,Supermarché,Formel,,33.5886673,-7.6130079,,Existant
,Economat du professeur,Supermarché,Formel,Economat du professeur,33.5882331,-7.6310778,,Existant
,سوق الخليل,Supermarché,Formel,سوق الخليل,33.5479552,-7.5974437,,Existant
,BIM,Supermarché,Formel,BIM,33.5395666,-7.5833828,,Existant
,Acima آسيما,Supermarché,Formel,Acima آسيما,33.540036,-7.6003544,,Existant
,Tachfine center,Supermarché,Formel,Tachfine center,33.5866306,-7.5924065,,Existant
,Coquillage Market,Supermarché,Formel,Coquillage Market,33.5904924,-7.6280568,,Existant
,BİM,Supermarché,Formel,BİM,33.6002411,-7.6178059,,Existant
,BİM,Supermarché,Formel,BİM,33.600148,-7.6178386,,Existant
,Asia Supermarché,Supermarché,Formel,Asia Supermarché,33.588586,-7.6110077,,Existant
,,Supermarché,Formel,,33.588499,-7.6144239,,Existant
,BİM,Supermarché,Formel,BİM,33.5840702,-7.6376258,,Existant
,Bim,Supermarché,Formel,Bim,33.586847,-7.6033536,,Existant
,BIM,Supermarché,Formel,BIM,33.5998615,-7.6374127,,Existant
,BIM,Supermarché,Formel,BIM,33.6019964,-7.6380539,,Existant
,Otob,Supermarché,Formel,Otob,33.6008678,-7.6355528,,Existant
,BİM,Supermarché,Formel,BİM,33.5944393,-7.6061698,,Existant
,BİM,Supermarché,Formel,BİM,33.5189452,-7.6444846,,Existant
,Epicier Oujdi,Supermarché,Formel,Epicier Oujdi,33.5217794,-7.6455492,,Existant
,BİM,Supermarché,Formel,BİM,33.5147228,-7.6453389,,Existant
,سوق السلام,Supermarché,Formel,سوق السلام,33.5849068,-7.5540871,,Existant
,alimentation général ZAHRI,Supermarché,Formel,alimentation général ZAHRI,33.5337483,-7.5561429,,Existant
,Bim,Supermarché,Formel,Bim,33.5833045,-7.6221079,,Existant
,BİM,Supermarché,Formel,BİM,33.5765392,-7.6464177,,Existant
,BİM,Supermarché,Formel,BİM,33.5937022,-7.5987385,,Existant
,,Supermarché,Formel,,33.591678,-7.5948403,,Existant
,ADIPRO,Supermarché,Formel,ADIPRO,33.5802619,-7.6224175,,Existant
,Art Deco Et Laser,Supermarché,Formel,Art Deco Et Laser,33.5805361,-7.6217608,,Existant
,Espace Turquie,Supermarché,Formel,Espace Turquie,33.5802289,-7.6232078,,Existant
,Societe Industrielle De Produits Medical Sa,Supermarché,Formel,Societe Industrielle De Produits Medical Sa,33.5798484,-7.6228174,,Existant
,Ensure Services,Supermarché,Formel,Ensure Services,33.5794161,-7.6229794,,Existant
,BIM,Supermarché,Formel,BIM,33.5789653,-7.6221811,,Existant
,KADI MED,Supermarché,Formel,KADI MED,33.5787764,-7.6219061,,Existant
,BİM,Supermarché,Formel,BİM,33.5739454,-7.5588138,,Existant
,,Supermarché,Formel,,33.593301,-7.6273077,,Existant
,souq baladia,Supermarché,Formel,souq baladia,33.5624485,-7.5748432,,Existant
,CARRE PRIMEUR,Supermarché,Formel,CARRE PRIMEUR,33.5992312,-7.6373297,,Existant
,BİM,Supermarché,Formel,BİM,33.5630833,-7.6476427,,Existant
,Bim,Supermarché,Formel,Bim,33.5710869,-7.6094122,,Existant
,Bim,Supermarché,Formel,Bim,33.5894279,-7.6137309,,Existant
,,Supermarché,Formel,,33.5872366,-7.6166659,,Existant
,BİM,Supermarché,Formel,BİM,33.5847171,-7.6114149,,Existant
,,Supermarché,Formel,,33.5845268,-7.6158941,,Existant
,,Supermarché,Formel,,33.5898327,-7.614064,,Existant
,BIM batinia,Supermarché,Formel,BIM batinia,33.5746394,-7.6299306,,Existant
,Celia Store,Supermarché,Formel,Celia Store,33.5886492,-7.6384436,,Existant
,Coin Vert,Supermarché,Formel,Coin Vert,33.5796449,-7.6405726,,Existant
,Kazyon,Supermarché,Formel,Kazyon,33.589598,-7.63254,,Existant
,,Supérette / Mini-market,Formel,,33.6004234,-7.6172703,,Existant
,,Supérette / Mini-market,Formel,,33.5966384,-7.628025,,Existant
,,Supérette / Mini-market,Formel,,33.596692,-7.6297201,,Existant
,,Supérette / Mini-market,Formel,,33.5966429,-7.6296397,,Existant
,,Supérette / Mini-market,Formel,,33.5960083,-7.627848,,Existant
,,Supérette / Mini-market,Formel,,33.5971612,-7.628353,,Existant
,,Supérette / Mini-market,Formel,,33.5965848,-7.6302949,,Existant
,,Supérette / Mini-market,Formel,,33.5957716,-7.6275422,,Existant
,,Supérette / Mini-market,Formel,,33.5992194,-7.6137934,,Existant
,Libre Service Zaki,Supérette / Mini-market,Formel,Libre Service Zaki,33.5917672,-7.6383605,,Existant
,Bim,Supérette / Mini-market,Formel,Bim,33.5530459,-7.5897091,,Existant
,Epicerie El Aarbi,Supérette / Mini-market,Formel,Epicerie El Aarbi,33.6008471,-7.5796349,,Existant
,Centre Artisanal,Supérette / Mini-market,Formel,Centre Artisanal,33.5997833,-7.6371617,,Existant
,Moumni Snack,Supérette / Mini-market,Formel,Moumni Snack,33.5832949,-7.6187043,,Existant
,Chez Abed,Supérette / Mini-market,Formel,Chez Abed,33.5858232,-7.611757,,Existant
,,Supérette / Mini-market,Formel,,33.584753,-7.6108485,,Existant
,,Supérette / Mini-market,Formel,,33.5848631,-7.6108948,,Existant
,,Supérette / Mini-market,Formel,,33.5855528,-7.6128631,,Existant
,,Supérette / Mini-market,Formel,,33.5857737,-7.6123614,,Existant
,,Supérette / Mini-market,Formel,,33.5858386,-7.6115699,,Existant
,,Supérette / Mini-market,Formel,,33.593054,-7.6140391,,Existant
,,Supérette / Mini-market,Formel,,33.6013825,-7.6346063,,Existant
,,Supérette / Mini-market,Formel,,33.5998131,-7.6344641,,Existant
,BIM,Supérette / Mini-market,Formel,BIM,33.6020163,-7.6438822,,Existant
,Shell Select,Supérette / Mini-market,Formel,Shell Select,33.5733051,-7.6149409,,Existant
,Snack Canizares,Supérette / Mini-market,Formel,Snack Canizares,33.5872307,-7.6111475,,Existant
,Snack City,Supérette / Mini-market,Formel,Snack City,33.5850687,-7.621232,,Existant
,Snack Abdou,Supérette / Mini-market,Formel,Snack Abdou,33.5770497,-7.6330103,,Existant
,Snack Amine,Supérette / Mini-market,Formel,Snack Amine,33.5769276,-7.6332021,,Existant
,Snack Aloum,Supérette / Mini-market,Formel,Snack Aloum,33.569411,-7.6285833,,Existant
,Snack Fixi,Supérette / Mini-market,Formel,Snack Fixi,33.5754778,-7.6263933,,Existant
,Snack Essaada,Supérette / Mini-market,Formel,Snack Essaada,33.577312,-7.6329808,,Existant
,Maro Snack,Supérette / Mini-market,Formel,Maro Snack,33.575046,-7.6260258,,Existant
,Para Vida,Supérette / Mini-market,Formel,Para Vida,33.5651892,-7.6079075,,Existant
,,Supérette / Mini-market,Formel,,33.6006423,-7.6382676,,Existant
,,Supérette / Mini-market,Formel,,33.5998343,-7.635678,,Existant
,,Supérette / Mini-market,Formel,,33.6009395,-7.6349887,,Existant
,,Supérette / Mini-market,Formel,,33.598828,-7.6375821,,Existant
,,Supérette / Mini-market,Formel,,33.5947426,-7.6421856,,Existant
,,Supérette / Mini-market,Formel,,33.5755753,-7.646333,,Existant
,مواد الغذائية صلاح,Supérette / Mini-market,Formel,مواد الغذائية صلاح,33.5744876,-7.5544471,,Existant
,Bureaux Tabac,Supérette / Mini-market,Formel,Bureaux Tabac,33.574463,-7.5544244,,Existant
,,Supérette / Mini-market,Formel,,33.588406,-7.618008,,Existant
,,Supérette / Mini-market,Formel,,33.5926666,-7.6157868,,Existant
,,Supérette / Mini-market,Formel,,33.592133,-7.6157691,,Existant
,,Supérette / Mini-market,Formel,,33.5811865,-7.6422423,,Existant
,,Supérette / Mini-market,Formel,,33.5811341,-7.6423016,,Existant
,Mondial Market,Supérette / Mini-market,Formel,Mondial Market,33.5808266,-7.6427583,,Existant
,,Supérette / Mini-market,Formel,,33.5807328,-7.6408999,,Existant
,,Supérette / Mini-market,Formel,,33.5810079,-7.6405848,,Existant
,,Supérette / Mini-market,Formel,,33.5813662,-7.6417189,,Existant
,,Supérette / Mini-market,Formel,,33.5815221,-7.6402524,,Existant
,,Supérette / Mini-market,Formel,,33.5817087,-7.6395588,,Existant
,,Supérette / Mini-market,Formel,,33.5817311,-7.6395935,,Existant
,,Supérette / Mini-market,Formel,,33.5814469,-7.6398593,,Existant
,,Supérette / Mini-market,Formel,,33.5793815,-7.6414329,,Existant
,,Supérette / Mini-market,Formel,,33.5796852,-7.640525,,Existant
,,Supérette / Mini-market,Formel,,33.5799469,-7.6398544,,Existant
,BİM,Supérette / Mini-market,Formel,BİM,33.5801724,-7.6382087,,Existant
,Fruits secs Ali,Supérette / Mini-market,Formel,Fruits secs Ali,33.5877474,-7.6186834,,Existant
,,Supérette / Mini-market,Formel,,33.5822476,-7.64182,,Existant
,,Supérette / Mini-market,Formel,,33.5796533,-7.6418564,,Existant
,Amanda Store,Supérette / Mini-market,Formel,Amanda Store,33.5865294,-7.6365008,,Existant
,,Épicerie,Informel,,33.585769,-7.6124983,,Existant
,Legumes & Fruits,Épicerie,Informel,Legumes & Fruits,33.5922058,-7.604536,,Existant
,,Épicerie,Informel,,33.5885606,-7.6057723,,Existant
,Au 19 Heure,Café,Formel,Au 19 Heure,33.5827625,-7.6112767,,Existant
,Maeva,Café,Formel,Maeva,33.5957256,-7.5933532,,Existant
,,Café,Formel,,33.5924515,-7.5954887,,Existant
,,Café,Formel,,33.5923666,-7.595596,,Existant
,,Café,Formel,,33.594621,-7.5934475,,Existant
,Sampione,Café,Formel,Sampione,33.5928563,-7.5971409,,Existant
,,Café,Formel,,33.5926705,-7.5961807,,Existant
,,Café,Formel,,33.5920315,-7.5973448,,Existant
,,Café,Formel,,33.592036,-7.5975808,,Existant
,,Café,Formel,,33.5916786,-7.5917569,,Existant
,,Café,Formel,,33.5921344,-7.6002863,,Existant
,,Café,Formel,,33.5909904,-7.5975933,,Existant
,,Café,Formel,,33.5915356,-7.5918427,,Existant
,,Café,Formel,,33.5914194,-7.59195,,Existant
,Venezia Ice,Café,Formel,Venezia Ice,33.5944312,-7.5954315,,Existant
,,Café,Formel,,33.5906061,-7.595469,,Existant
,,Café,Formel,,33.5910262,-7.5924971,,Existant
,Alhana,Café,Formel,Alhana,33.5900564,-7.5931006,,Existant
,Café de la gare,Café,Formel,Café de la gare,33.5899952,-7.5905952,,Existant
,,Café,Formel,,33.5909815,-7.591435,,Existant
,Bellevue,Café,Formel,Bellevue,33.5906508,-7.5928083,,Existant
,Jus Bordeaux,Café,Formel,Jus Bordeaux,33.5969487,-7.6279619,,Existant
,Café Splendeur,Café,Formel,Café Splendeur,33.5962469,-7.6313052,,Existant
,Cafe Black Stone,Café,Formel,Cafe Black Stone,33.5951697,-7.610295,,Existant
,Café Ghandi,Café,Formel,Café Ghandi,33.5656336,-7.6379599,,Existant
,Lugano Glacier,Café,Formel,Lugano Glacier,33.5942402,-7.6376222,,Existant
,Valencia,Café,Formel,Valencia,33.5289904,-7.6487632,,Existant
,Havana,Café,Formel,Havana,33.5285902,-7.6489134,,Existant
,Café Domani,Café,Formel,Café Domani,33.5620309,-7.5591609,,Existant
,Caffè Vernagno 1882,Café,Formel,Caffè Vernagno 1882,33.5766221,-7.6481068,,Existant
,Caniada,Café,Formel,Caniada,33.5835055,-7.6421257,,Existant
,Café Arije,Café,Formel,Café Arije,33.5819086,-7.6432771,,Existant
,Café les familles,Café,Formel,Café les familles,33.5819412,-7.6431848,,Existant
,Café le Bateau,Café,Formel,Café le Bateau,33.5798896,-7.6370591,,Existant
,Café Espace Mozart,Café,Formel,Café Espace Mozart,33.5801248,-7.6367203,,Existant
,Glacier Oliveri,Café,Formel,Glacier Oliveri,33.5848346,-7.622941,,Existant
,Café Agoustine,Café,Formel,Café Agoustine,33.5785797,-7.6401447,,Existant
,Café Caldo,Café,Formel,Café Caldo,33.579835,-7.640015,,Existant
,Café Céleste,Café,Formel,Café Céleste,33.5804839,-7.6412073,,Existant
,CAP 3000,Café,Formel,CAP 3000,33.5806609,-7.6410259,,Existant
,Café au Petit 'Maroc مقهى إلى المغرب الصغير,Café,Formel,Café au Petit 'Maroc مقهى إلى المغرب الصغير,33.5978903,-7.6344273,,Existant
,Café Bidawa,Café,Formel,Café Bidawa,33.5985843,-7.6326802,,Existant
,Diwan,Café,Formel,Diwan,33.5916481,-7.6351298,,Existant
,Patisserie&Traiteur TAZI,Café,Formel,Patisserie&Traiteur TAZI,33.595696,-7.6301959,,Existant
,Segafredo,Café,Formel,Segafredo,33.5922407,-7.6336602,,Existant
,jardin de Rome,Café,Formel,jardin de Rome,33.5923237,-7.6319383,,Existant
,cup's,Café,Formel,cup's,33.5930431,-7.629063,,Existant
,Le Noble,Café,Formel,Le Noble,33.5860329,-7.6342615,,Existant
,Garibaldi,Café,Formel,Garibaldi,33.601513,-7.6330486,,Existant
,Venezia Ice,Café,Formel,Venezia Ice,33.5866466,-7.6335102,,Existant
,Meet Up Coffee Pool,Café,Formel,Meet Up Coffee Pool,33.5917023,-7.6383239,,Existant
,La Flèche d’Anfa,Café,Formel,La Flèche d’Anfa,33.5904217,-7.6380902,,Existant
,Café Pasteur,Café,Formel,Café Pasteur,33.5737657,-7.6245966,,Existant
,café Etoile Plazza,Café,Formel,café Etoile Plazza,33.5740365,-7.6250894,,Existant
,café Alice,Café,Formel,café Alice,33.5740455,-7.6252611,,Existant
,café Gigi,Café,Formel,café Gigi,33.57405,-7.6253952,,Existant
,café Vesal,Café,Formel,café Vesal,33.5728315,-7.6205101,,Existant
,Café Lily White,Café,Formel,Café Lily White,33.5715053,-7.6241079,,Existant
,Café Soraya,Café,Formel,Café Soraya,33.5715156,-7.6244653,,Existant
,La Brioche Dorée,Café,Formel,La Brioche Dorée,33.5693746,-7.6255745,,Existant
,Gelatino,Café,Formel,Gelatino,33.5936482,-7.6162016,,Existant
,Nouaima,Café,Formel,Nouaima,33.592001,-7.626468,,Existant
,Café Anfa,Café,Formel,Café Anfa,33.5813192,-7.6383988,,Existant
,Café O'kfé,Café,Formel,Café O'kfé,33.5816678,-7.6389138,,Existant
,Café Mandela,Café,Formel,Café Mandela,33.6014368,-7.6336494,,Existant
,Cups,Café,Formel,Cups,33.5926384,-7.6295335,,Existant
,Marjonel,Café,Formel,Marjonel,33.5583463,-7.5604482,,Existant
,ستاربكس,Café,Formel,ستاربكس,33.5995419,-7.6123798,,Existant
,Astoria,Café,Formel,Astoria,33.5941874,-7.5873723,,Existant
,Café Iligh,Café,Formel,Café Iligh,33.5908419,-7.5907101,,Existant
,,Café,Formel,,33.593421,-7.5820873,,Existant
,BlueBerry,Café,Formel,BlueBerry,33.5996574,-7.6122203,,Existant
,Caféino,Café,Formel,Caféino,33.5994386,-7.6125072,,Existant
,Segafredo,Café,Formel,Segafredo,33.5992366,-7.6127376,,Existant
,Segafredo,Café,Formel,Segafredo,33.5917771,-7.627272,,Existant
,Café Glacier Rachidi,Café,Formel,Café Glacier Rachidi,33.5938662,-7.6283156,,Existant
,Café Glacier de l'Oize,Café,Formel,Café Glacier de l'Oize,33.594726,-7.6274061,,Existant
,Café glacier Casa Anfa,Café,Formel,Café glacier Casa Anfa,33.5953965,-7.6263675,,Existant
,Café La cabane,Café,Formel,Café La cabane,33.5955168,-7.6265613,,Existant
,Café Madrid,Café,Formel,Café Madrid,33.5954404,-7.6264835,,Existant
,Alegria,Café,Formel,Alegria,33.5838531,-7.5813298,,Existant
,Boulangerie-Pâtisserie Amanouz,Café,Formel,Boulangerie-Pâtisserie Amanouz,33.5846642,-7.5804276,,Existant
,Essalam Juice,Café,Formel,Essalam Juice,33.5852765,-7.5809747,,Existant
,Clivia Ice,Café,Formel,Clivia Ice,33.5853413,-7.581302,,Existant
,Sunset,Café,Formel,Sunset,33.5941228,-7.6443566,,Existant
,Le Local,Café,Formel,Le Local,33.5942483,-7.6434224,,Existant
,Amiga,Café,Formel,Amiga,33.5741004,-7.6148563,,Existant
,Café Karibo,Café,Formel,Café Karibo,33.5924741,-7.6254288,,Existant
,Le passage,Café,Formel,Le passage,33.5941743,-7.6252608,,Existant
,café le mirage,Café,Formel,café le mirage,33.5938975,-7.6283639,,Existant
,San mimoun,Café,Formel,San mimoun,33.5936871,-7.628102,,Existant
,Café saphir bleu,Café,Formel,Café saphir bleu,33.5945113,-7.6281082,,Existant
,Lora Café Restaurant,Café,Formel,Lora Café Restaurant,33.5943442,-7.6286229,,Existant
,Gaugan,Café,Formel,Gaugan,33.5927658,-7.6242626,,Existant
,Faraj,Café,Formel,Faraj,33.593897,-7.6251899,,Existant
,Rachidi,Café,Formel,Rachidi,33.5930352,-7.6266798,,Existant
,Café De France,Café,Formel,Café De France,33.5954385,-7.617482,,Existant
,Café Odissea,Café,Formel,Café Odissea,33.5940836,-7.6183033,,Existant
,Café Vogue,Café,Formel,Café Vogue,33.5945042,-7.6183755,,Existant
,,Café,Formel,,33.5516288,-7.5880864,,Existant
,Le Lys,Café,Formel,Le Lys,33.5914444,-7.594961,,Existant
,Face Cafe,Café,Formel,Face Cafe,33.6006767,-7.635819,,Existant
,The voice,Café,Formel,The voice,33.5635411,-7.5568378,,Existant
,,Café,Formel,,33.5970886,-7.635439,,Existant
,Belle d'Anfa,Café,Formel,Belle d'Anfa,33.5896085,-7.6276965,,Existant
,Le Yeel's,Café,Formel,Le Yeel's,33.5900878,-7.6303874,,Existant
,astoria,Café,Formel,astoria,33.5962813,-7.6168974,,Existant
,La Chope,Café,Formel,La Chope,33.5942999,-7.6164602,,Existant
,Don Quichotte,Café,Formel,Don Quichotte,33.5970492,-7.6163612,,Existant
,isis,Café,Formel,isis,33.5950092,-7.6173804,,Existant
,Eden Ice,Café,Formel,Eden Ice,33.5947705,-7.6170384,,Existant
,Le Maroc,Café,Formel,Le Maroc,33.5999428,-7.6140803,,Existant
,Montréal,Café,Formel,Montréal,33.5945485,-7.6155381,,Existant
,Nasma,Café,Formel,Nasma,33.5945946,-7.6157947,,Existant
,La Petite Perle,Café,Formel,La Petite Perle,33.594108,-7.6156948,,Existant
,Au Clair de Lune,Café,Formel,Au Clair de Lune,33.5944909,-7.6134185,,Existant
,Caza Ameal,Café,Formel,Caza Ameal,33.5952468,-7.616121,,Existant
,agarta,Café,Formel,agarta,33.5987015,-7.6149462,,Existant
,Café Glacier EGO,Café,Formel,Café Glacier EGO,33.5849588,-7.61423,,Existant
,Cafe May,Café,Formel,Cafe May,33.5859992,-7.6045843,,Existant
,Café de l'Arrivée,Café,Formel,Café de l'Arrivée,33.5896275,-7.5920967,,Existant
,Café Dubois,Café,Formel,Café Dubois,33.5876158,-7.6138836,,Existant
,Café Yasmina,Café,Formel,Café Yasmina,33.5856704,-7.6133866,,Existant
,Jus Rosenheim,Café,Formel,Jus Rosenheim,33.5857277,-7.6119478,,Existant
,La Colina,Café,Formel,La Colina,33.588729,-7.6162319,,Existant
,La Perle Blanche,Café,Formel,La Perle Blanche,33.5860749,-7.6114696,,Existant
,Les Gémaux,Café,Formel,Les Gémaux,33.5871751,-7.6120277,,Existant
,,Café,Formel,,33.5849083,-7.6109257,,Existant
,,Café,Formel,,33.5858704,-7.6114546,,Existant
,,Café,Formel,,33.5875331,-7.6122448,,Existant
,,Café,Formel,,33.5884774,-7.6127839,,Existant
,Martello,Café,Formel,Martello,33.5827185,-7.6174892,,Existant
,Café O'Joe,Café,Formel,Café O'Joe,33.594084,-7.6131607,,Existant
,,Café,Formel,,33.5942571,-7.6124982,,Existant
,Café Jasmine,Café,Formel,Café Jasmine,33.592787,-7.6062993,,Existant
,Auriga,Café,Formel,Auriga,33.5837685,-7.6438721,,Existant
,,Café,Formel,,33.6001046,-7.6344252,,Existant
,Café Romantique,Café,Formel,Café Romantique,33.5740209,-7.5819074,,Existant
,Zineb,Café,Formel,Zineb,33.6007115,-7.6332406,,Existant
,very ڤيري,Café,Formel,very ڤيري,33.603415,-7.6425831,,Existant
,le Châtelet,Café,Formel,le Châtelet,33.586116,-7.6350081,,Existant
,Café Fairplay,Café,Formel,Café Fairplay,33.5973188,-7.6382518,,Existant
,,Café,Formel,,33.5926388,-7.6319683,,Existant
,Café Karima مقهى كريمة,Café,Formel,Café Karima مقهى كريمة,33.5996177,-7.5824027,,Existant
,Beverly Bakery & Cafe,Café,Formel,Beverly Bakery & Cafe,33.5961331,-7.6416036,,Existant
,Café Charles Dego,Café,Formel,Café Charles Dego,33.5436554,-7.5682412,,Existant
,Café Kyoto,Café,Formel,Café Kyoto,33.5396601,-7.5997898,,Existant
,Café One Love,Café,Formel,Café One Love,33.5825944,-7.6280953,,Existant
,Café Basma,Café,Formel,Café Basma,33.5389745,-7.5561869,,Existant
,Casaforme,Café,Formel,Casaforme,33.5616595,-7.6119677,,Existant
,,Café,Formel,,33.5993502,-7.6058794,,Existant
,,Café,Formel,,33.6003791,-7.6169643,,Existant
,,Café,Formel,,33.601745,-7.6201855,,Existant
,côté d'or,Café,Formel,côté d'or,33.5771392,-7.625501,,Existant
,café mouad,Café,Formel,café mouad,33.5773541,-7.6268773,,Existant
,,Café,Formel,,33.5988308,-7.6193111,,Existant
,Café,Café,Formel,Café,33.5771471,-7.615869,,Existant
,Cafe 2 Mars,Café,Formel,Cafe 2 Mars,33.5661039,-7.6093338,,Existant
,Mondial,Café,Formel,Mondial,33.5711485,-7.6130091,,Existant
,Boudad,Café,Formel,Boudad,33.5908082,-7.6049423,,Existant
,Le 5 Palmiers,Café,Formel,Le 5 Palmiers,33.5322685,-7.5849699,,Existant
,Zounhours,Café,Formel,Zounhours,33.5312563,-7.5880645,,Existant
,Clip Cafe,Café,Formel,Clip Cafe,33.5397459,-7.5998991,,Existant
,Café La Source,Café,Formel,Café La Source,33.5478561,-7.6020569,,Existant
,Café Syntia,Café,Formel,Café Syntia,33.5461983,-7.6020982,,Existant
,El Baouraoui Café,Café,Formel,El Baouraoui Café,33.5462575,-7.6021096,,Existant
,Palais Amira,Café,Formel,Palais Amira,33.5355652,-7.5957638,,Existant
,Ixia,Café,Formel,Ixia,33.539469,-7.5791851,,Existant
,,Café,Formel,,33.5891426,-7.6317809,,Existant
,Cafe Rosage,Café,Formel,Cafe Rosage,33.5423571,-7.5856224,,Existant
,Skybury Café,Café,Formel,Skybury Café,33.5375745,-7.5853535,,Existant
,Espace La Parisien,Café,Formel,Espace La Parisien,33.5369536,-7.5863788,,Existant
,Cafe El Osra,Café,Formel,Cafe El Osra,33.5367993,-7.5866456,,Existant
,Espace Al Mouatine,Café,Formel,Espace Al Mouatine,33.5353707,-7.5861213,,Existant
,Espace Palma,Café,Formel,Espace Palma,33.5344037,-7.585955,,Existant
,Cafe Di Latorre,Café,Formel,Cafe Di Latorre,33.5377182,-7.5857055,,Existant
,Adana d'or,Café,Formel,Adana d'or,33.5381005,-7.5850551,,Existant
,Al Turkia,Café,Formel,Al Turkia,33.5388293,-7.5838058,,Existant
,Espace Laghlimi,Café,Formel,Espace Laghlimi,33.5409129,-7.5927289,,Existant
,Espace El Gharbia,Café,Formel,Espace El Gharbia,33.5373169,-7.5864244,,Existant
,Cafe Al Amal,Café,Formel,Cafe Al Amal,33.5324429,-7.5846836,,Existant
,Argana,Café,Formel,Argana,33.5647444,-7.5915889,,Existant
,La Qualité,Café,Formel,La Qualité,33.5655066,-7.5923198,,Existant
,Argana,Café,Formel,Argana,33.5651087,-7.5919417,,Existant
,Golden Space,Café,Formel,Golden Space,33.5832101,-7.5988175,,Existant
,Cafe du Pont,Café,Formel,Cafe du Pont,33.5826297,-7.5984453,,Existant
,Café Sbaï,Café,Formel,Café Sbaï,33.5667425,-7.5894016,,Existant
,Cafe Zodiaque,Café,Formel,Cafe Zodiaque,33.5418954,-7.5712685,,Existant
,Cafe La Liga,Café,Formel,Cafe La Liga,33.5468661,-7.57153,,Existant
,Nescafe,Café,Formel,Nescafe,33.5468069,-7.5716347,,Existant
,Golden Cup,Café,Formel,Golden Cup,33.5430099,-7.5732386,,Existant
,Café Anas,Café,Formel,Café Anas,33.5466593,-7.5770688,,Existant
,Verona Cafe,Café,Formel,Verona Cafe,33.5522891,-7.5823005,,Existant
,Cafe Rania,Café,Formel,Cafe Rania,33.550901,-7.57429,,Existant
,Moody's,Café,Formel,Moody's,33.598514,-7.5804283,,Existant
,Canova,Café,Formel,Canova,33.595432,-7.5874154,,Existant
,Cafe Glacier,Café,Formel,Cafe Glacier,33.567276,-7.6445413,,Existant
,Cafe Barcelona,Café,Formel,Cafe Barcelona,33.5831677,-7.5543948,,Existant
,Café Napoli,Café,Formel,Café Napoli,33.5620155,-7.5628182,,Existant
,Cafe L'Albatros,Café,Formel,Cafe L'Albatros,33.5851173,-7.6131231,,Existant
,Café Aloha,Café,Formel,Café Aloha,33.5848954,-7.6147637,,Existant
,Café Lucca El Ghazali,Café,Formel,Café Lucca El Ghazali,33.5677929,-7.5606577,,Existant
,Café La Canyada,Café,Formel,Café La Canyada,33.5743744,-7.5580466,,Existant
,Café Oum Erabia,Café,Formel,Café Oum Erabia,33.5698423,-7.5575115,,Existant
,Café Monsieur,Café,Formel,Café Monsieur,33.5877075,-7.6142021,,Existant
,Café Al Horia,Café,Formel,Café Al Horia,33.5640158,-7.5694406,,Existant
,Café Rostou,Café,Formel,Café Rostou,33.5619356,-7.5719364,,Existant
,Café Les Alpes,Café,Formel,Café Les Alpes,33.5869275,-7.6119141,,Existant
,Cafe Le 13,Café,Formel,Cafe Le 13,33.5553235,-7.6269016,,Existant
,La Goyave,Café,Formel,La Goyave,33.5543439,-7.6237741,,Existant
,Café Al Amana,Café,Formel,Café Al Amana,33.583915,-7.6283175,,Existant
,Café Club,Café,Formel,Café Club,33.5828766,-7.6294366,,Existant
,Espace Café,Café,Formel,Espace Café,33.5845274,-7.6211093,,Existant
,Café Élite,Café,Formel,Café Élite,33.5867395,-7.6191245,,Existant
,Glacier Cafeteria Tasman,Café,Formel,Glacier Cafeteria Tasman,33.5871897,-7.6202121,,Existant
,Brasserie Soleil,Café,Formel,Brasserie Soleil,33.5877405,-7.6189394,,Existant
,Café Faracha,Café,Formel,Café Faracha,33.5879583,-7.6182568,,Existant
,Café la Palmerale,Café,Formel,Café la Palmerale,33.5879494,-7.6185545,,Existant
,Café Le Capitole,Café,Formel,Café Le Capitole,33.5879025,-7.6191325,,Existant
,VIP Ole Cafe,Café,Formel,VIP Ole Cafe,33.5885756,-7.6196589,,Existant
,Cafe Nadif,Café,Formel,Cafe Nadif,33.588751,-7.619964,,Existant
,Café Fiori,Café,Formel,Café Fiori,33.5862713,-7.6216806,,Existant
,Red Coffee,Café,Formel,Red Coffee,33.583428,-7.6228702,,Existant
,El Presto,Café,Formel,El Presto,33.5853457,-7.6211469,,Existant
,Café Icarus,Café,Formel,Café Icarus,33.585291,-7.6211999,,Existant
,Café Panam,Café,Formel,Café Panam,33.5851156,-7.6208572,,Existant
,La Fontaine à Jus,Café,Formel,La Fontaine à Jus,33.5850083,-7.6209129,,Existant
,Cafétéria Tassili,Café,Formel,Cafétéria Tassili,33.5844994,-7.6213132,,Existant
,Ballon Ovale,Café,Formel,Ballon Ovale,33.5836123,-7.6196985,,Existant
,Café Bleu-Blanc,Café,Formel,Café Bleu-Blanc,33.5829219,-7.6307144,,Existant
,Glacier Missouri,Café,Formel,Glacier Missouri,33.5802013,-7.6334944,,Existant
,Café de Nono,Café,Formel,Café de Nono,33.5798063,-7.6346713,,Existant
,Café Palmier,Café,Formel,Café Palmier,33.5783147,-7.630255,,Existant
,Café Snack Al Hadaf,Café,Formel,Café Snack Al Hadaf,33.5725732,-7.6305762,,Existant
,Salon Thé,Café,Formel,Salon Thé,33.5725537,-7.6294597,,Existant
,Fuego,Café,Formel,Fuego,33.5739174,-7.6309879,,Existant
,Les Amis,Café,Formel,Les Amis,33.5751555,-7.6260312,,Existant
,Café Abd El Moumen,Café,Formel,Café Abd El Moumen,33.5748985,-7.6260272,,Existant
,Ifri,Café,Formel,Ifri,33.5745655,-7.6403026,,Existant
,Café Arcadie,Café,Formel,Café Arcadie,33.5704211,-7.643538,,Existant
,Real Time Coffee,Café,Formel,Real Time Coffee,33.5729262,-7.6383609,,Existant
,Phuket's,Café,Formel,Phuket's,33.5757584,-7.636172,,Existant
,Mira Fiori,Café,Formel,Mira Fiori,33.5744069,-7.6377277,,Existant
,Cafe Agouz Harbala,Café,Formel,Cafe Agouz Harbala,33.5382832,-7.5869816,,Existant
,La Seine,Café,Formel,La Seine,33.5689662,-7.62583,,Existant
,Cafe Roma!,Café,Formel,Cafe Roma!,33.5343869,-7.5896323,,Existant
,Cafe El Mamouina,Café,Formel,Cafe El Mamouina,33.5405574,-7.5940479,,Existant
,Cafe 7iLES,Café,Formel,Cafe 7iLES,33.5379205,-7.5953695,,Existant
,Milk House,Café,Formel,Milk House,33.5393329,-7.599079,,Existant
,Cafe Galactica,Café,Formel,Cafe Galactica,33.5391445,-7.5989114,,Existant
,Massilya Cafe,Café,Formel,Massilya Cafe,33.5695909,-7.6257804,,Existant
,Café Essannara,Café,Formel,Café Essannara,33.570073,-7.6076353,,Existant
,Cafe Riscatto,Café,Formel,Cafe Riscatto,33.5701161,-7.6066791,,Existant
,Cafe Holton,Café,Formel,Cafe Holton,33.5709295,-7.6044327,,Existant
,Cafe Mogador,Café,Formel,Cafe Mogador,33.570701,-7.6038694,,Existant
,Café Versailles,Café,Formel,Café Versailles,33.5879416,-7.6121977,,Existant
,Au Petit Port,Café,Formel,Au Petit Port,33.5879985,-7.6132518,,Existant
,Café Colisee,Café,Formel,Café Colisee,33.5891928,-7.6132894,,Existant
,Espace Palmier Du Sud,Café,Formel,Espace Palmier Du Sud,33.5878823,-7.6156604,,Existant
,Cafe Avalone,Café,Formel,Cafe Avalone,33.5873394,-7.6148558,,Existant
,Café Espace Mers Sultan Snack,Café,Formel,Café Espace Mers Sultan Snack,33.5848301,-7.6160668,,Existant
,Café Break,Café,Formel,Café Break,33.5838369,-7.6145299,,Existant
,Café Megouna,Café,Formel,Café Megouna,33.5846056,-7.6187047,,Existant
,Café Younes,Café,Formel,Café Younes,33.58602,-7.6188241,,Existant
,Coffee Tim,Café,Formel,Coffee Tim,33.5886683,-7.6101163,,Existant
,Café Glacier Tichka,Café,Formel,Café Glacier Tichka,33.5886521,-7.609321,,Existant
,Cafe Sindibad,Café,Formel,Cafe Sindibad,33.5922035,-7.6043482,,Existant
,Café Rotterdam,Café,Formel,Café Rotterdam,33.5948723,-7.6199399,,Existant
,Cafe Le Surfin,Café,Formel,Cafe Le Surfin,33.5893023,-7.6175125,,Existant
,Café Jbel Asni,Café,Formel,Café Jbel Asni,33.5903692,-7.6150301,,Existant
,Cafe Regontino,Café,Formel,Cafe Regontino,33.5905624,-7.6147404,,Existant
,Le Grand Café,Café,Formel,Le Grand Café,33.5953884,-7.6142684,,Existant
,Akka,Café,Formel,Akka,33.5945104,-7.6089428,,Existant
,Café Corino,Café,Formel,Café Corino,33.5896441,-7.6117538,,Existant
,Le Petit Cafe,Café,Formel,Le Petit Cafe,33.5897369,-7.611507,,Existant
,Cafe Lec,Café,Formel,Cafe Lec,33.5915444,-7.6161325,,Existant
,Cafe National,Café,Formel,Cafe National,33.5918148,-7.616044,,Existant
,Golden Ice,Café,Formel,Golden Ice,33.5920415,-7.6160185,,Existant
,Nescafe,Café,Formel,Nescafe,33.5148698,-7.6467338,,Existant
,ستاربكس,Café,Formel,ستاربكس,33.5409923,-7.6426891,,Existant
,Dubai Chaimaa,Café,Formel,Dubai Chaimaa,33.5215594,-7.6445223,,Existant
,Cafe Gout Essential,Café,Formel,Cafe Gout Essential,33.5221889,-7.6480803,,Existant
,Nescafé,Café,Formel,Nescafé,33.581246,-7.6363711,,Existant
,,Café,Formel,,33.5394804,-7.6486811,,Existant
,La Pair d'As,Café,Formel,La Pair d'As,33.5832219,-7.6421949,,Existant
,Duomo Caffe,Café,Formel,Duomo Caffe,33.6042498,-7.6337295,,Existant
,المواهب,Café,Formel,المواهب,33.546326,-7.5724608,,Existant
,داكار,Café,Formel,داكار,33.5900211,-7.6044183,,Existant
,,Café,Formel,,33.6006781,-7.6347699,,Existant
,,Café,Formel,,33.5999697,-7.6359755,,Existant
,,Café,Formel,,33.6001423,-7.6369729,,Existant
,,Café,Formel,,33.6000917,-7.6358436,,Existant
,سبع عيون,Café,Formel,سبع عيون,33.5830051,-7.5543149,,Existant
,Espace El Wyam,Café,Formel,Espace El Wyam,33.5934545,-7.6008725,,Existant
,,Café,Formel,,33.5874297,-7.6116605,,Existant
,Bistro Bouich,Café,Formel,Bistro Bouich,33.5228871,-7.6442839,,Existant
,Café Tres flores,Café,Formel,Café Tres flores,33.5174306,-7.6457606,,Existant
,,Café,Formel,,33.5930049,-7.6315698,,Existant
,Whatsapp Cafe,Café,Formel,Whatsapp Cafe,33.6000202,-7.6363094,,Existant
,Cafe Goulmima,Café,Formel,Cafe Goulmima,33.6008673,-7.6365876,,Existant
,,Café,Formel,,33.5826326,-7.6327982,,Existant
,,Café,Formel,,33.5975448,-7.6383168,,Existant
,,Café,Formel,,33.551613,-7.6024381,,Existant
,Café place,Café,Formel,Café place,33.5945149,-7.6186611,,Existant
,Café Iyad,Café,Formel,Café Iyad,33.5837699,-7.6248973,,Existant
,Les Frères Gourmet,Café,Formel,Les Frères Gourmet,33.5901638,-7.6407301,,Existant
,Boston Club,Café,Formel,Boston Club,33.5925936,-7.6376382,,Existant
,Manhattan Club,Café,Formel,Manhattan Club,33.5922629,-7.6364883,,Existant
,Campus café,Café,Formel,Campus café,33.5942762,-7.6337443,,Existant
,lady killer chicha,Café,Formel,lady killer chicha,33.5933143,-7.6347517,,Existant
,Cafe Luxia,Café,Formel,Cafe Luxia,33.5476073,-7.589932,,Existant
,4 cerises Patisserie,Café,Formel,4 cerises Patisserie,33.5622732,-7.6103213,,Existant
,,Café,Formel,,33.6003103,-7.6374225,,Existant
,,Café,Formel,,33.5814622,-7.6219841,,Existant
,Tikita,Café,Formel,Tikita,33.5816667,-7.6226907,,Existant
,Fratello,Café,Formel,Fratello,33.5763425,-7.6478934,,Existant
,Yoma,Café,Formel,Yoma,33.5758453,-7.6474826,,Existant
,Goloso,Café,Formel,Goloso,33.5927208,-7.6068494,,Existant
,Kasekuchen,Café,Formel,Kasekuchen,33.5776159,-7.6245466,,Existant
,,Café,Formel,,33.5751285,-7.6457383,,Existant
,,Café,Formel,,33.5751908,-7.6469784,,Existant
,,Café,Formel,,33.5758566,-7.6459984,,Existant
,رياض 21,Café,Formel,رياض 21,33.5516774,-7.6104223,,Existant
,Good Vapes : Cigarette Electronique Casablanca,Café,Formel,Good Vapes : Cigarette Electronique Casablanca,33.5815303,-7.6222927,,Existant
,Café les Fleurs,Café,Formel,Café les Fleurs,33.5816461,-7.622458,,Existant
,Café Ravel,Café,Formel,Café Ravel,33.581791,-7.6226032,,Existant
,Coffee shop,Café,Formel,Coffee shop,33.5805428,-7.6231288,,Existant
,La Croisière Café,Café,Formel,La Croisière Café,33.5827449,-7.622174,,Existant
,Café Marhaba,Café,Formel,Café Marhaba,33.5786007,-7.6240429,,Existant
,Amorena,Café,Formel,Amorena,33.5180507,-7.6486591,,Existant
,,Café,Formel,,33.5867588,-7.6294077,,Existant
,La Loge Café,Café,Formel,La Loge Café,33.5927252,-7.6175367,,Existant
,,Café,Formel,,33.6059886,-7.6292143,,Existant
,Café Impérial,Café,Formel,Café Impérial,33.5777645,-7.6061805,,Existant
,Café Grand Atlas,Café,Formel,Café Grand Atlas,33.5741779,-7.5542136,,Existant
,Café Sevilla,Café,Formel,Café Sevilla,33.5713066,-7.5559436,,Existant
,مقهى المهاجر,Café,Formel,مقهى المهاجر,33.5718422,-7.5618043,,Existant
,MOYA COFFE,Café,Formel,MOYA COFFE,33.5752024,-7.5564804,,Existant
,,Café,Formel,,33.5947641,-7.6131407,,Existant
,,Café,Formel,,33.6000248,-7.6171691,,Existant
,,Café,Formel,,33.6031464,-7.633319,,Existant
,,Café,Formel,,33.5934483,-7.6171685,,Existant
,,Café,Formel,,33.5930833,-7.6166954,,Existant
,Tour Eiffel,Café,Formel,Tour Eiffel,33.5952616,-7.6275606,,Existant
,Spartel,Café,Formel,Spartel,33.5907804,-7.6315376,,Existant
,,Café,Formel,,33.5843913,-7.6248116,,Existant
,فضاء سلا,Café,Formel,فضاء سلا,33.599199,-7.6210912,,Existant
,باموس قهوة,Café,Formel,باموس قهوة,33.6007998,-7.6231615,,Existant
,Café pizzeria,Café,Formel,Café pizzeria,33.5889784,-7.6286416,,Existant
,Cafe Gaxi,Café,Formel,Cafe Gaxi,33.5696297,-7.601985,,Existant
,عصائر اليسر,Café,Formel,عصائر اليسر,33.5887909,-7.6129222,,Existant
,Costa Brava,Café,Formel,Costa Brava,33.5947151,-7.6166649,,Existant
,La Fontaine,Café,Formel,La Fontaine,33.5934181,-7.6186581,,Existant
,مقهى ميراج,Café,Formel,مقهى ميراج,33.5741844,-7.592155,,Existant
,لبن و صيكوك,Café,Formel,لبن و صيكوك,33.5795492,-7.6007581,,Existant
,Café le 57 lounge,Café,Formel,Café le 57 lounge,33.5992882,-7.5748791,,Existant
,,Café,Formel,,33.5933156,-7.6160894,,Existant
,,Café,Formel,,33.5916314,-7.6148568,,Existant
,,Café,Formel,,33.5915702,-7.6147506,,Existant
,,Café,Formel,,33.5947188,-7.6127539,,Existant
,,Café,Formel,,33.5946605,-7.6124451,,Existant
,,Café,Formel,,33.5946466,-7.6123717,,Existant
,,Café,Formel,,33.5945615,-7.6119032,,Existant
,,Café,Formel,,33.5958325,-7.6153688,,Existant
,,Café,Formel,,33.5947389,-7.6129322,,Existant
,,Café,Formel,,33.595255,-7.6118271,,Existant
,,Café,Formel,,33.5955705,-7.6140398,,Existant
,,Café,Formel,,33.6033613,-7.6393176,,Existant
,,Café,Formel,,33.5932994,-7.6161833,,Existant
,,Café,Formel,,33.5946994,-7.6126068,,Existant
,,Café,Formel,,33.5946764,-7.612534,,Existant
,Café de France,Café,Formel,Café de France,33.5956616,-7.6174917,,Existant
,,Café,Formel,,33.5876769,-7.6200226,,Existant
,,Café,Formel,,33.5878115,-7.6200832,,Existant
,,Café,Formel,,33.5877126,-7.6193928,,Existant
,,Café,Formel,,33.584449,-7.6106882,,Existant
,,Café,Formel,,33.5765658,-7.6042489,,Existant
,Champs Élysées,Café,Formel,Champs Élysées,33.5877361,-7.6180891,,Existant
,,Café,Formel,,33.5925136,-7.615743,,Existant
,,Café,Formel,,33.5926223,-7.6157628,,Existant
,,Café,Formel,,33.5842685,-7.6107763,,Existant
,,Café,Formel,,33.5915778,-7.6161709,,Existant
,,Café,Formel,,33.5724602,-7.6002151,,Existant
,,Café,Formel,,33.5888924,-7.6185798,,Existant
,,Café,Formel,,33.5907294,-7.614857,,Existant
,,Café,Formel,,33.5893666,-7.6134495,,Existant
,,Café,Formel,,33.5903113,-7.614465,,Existant
,,Café,Formel,,33.5903975,-7.6144145,,Existant
,,Café,Formel,,33.5853537,-7.6101606,,Existant
,,Café,Formel,,33.5915693,-7.6153454,,Existant
,,Café,Formel,,33.5930075,-7.615992,,Existant
,Café le Rossignol,Café,Formel,Café le Rossignol,33.536662,-7.5873179,,Existant
,Dahab Café,Café,Formel,Dahab Café,33.5887839,-7.6323473,,Existant
,Green Black,Café,Formel,Green Black,33.607696,-7.6208604,,Existant
,Cappadocia,Café,Formel,Cappadocia,33.6062625,-7.62939,,Existant
,Café Black Sky,Café,Formel,Café Black Sky,33.5737817,-7.6314742,,Existant
,Paul Cafe,Café,Formel,Paul Cafe,33.582557,-7.627125,,Existant
,Le Racine,Café,Formel,Le Racine,33.5884367,-7.6388687,,Existant
,dipndip,Café,Formel,dipndip,33.5885831,-7.6406609,,Existant
,Espressolab,Café,Formel,Espressolab,33.5886726,-7.6403217,,Existant
,Room 21,Café,Formel,Room 21,33.588443,-7.6398995,,Existant
,Chocochino,Café,Formel,Chocochino,33.588491,-7.6404604,,Existant
,BEX Coffee,Café,Formel,BEX Coffee,33.5906728,-7.637444,,Existant
,Gong Cha,Café,Formel,Gong Cha,33.5907787,-7.637218,,Existant
,% Arabica,Café,Formel,% Arabica,33.5908157,-7.6371164,,Existant
,Café Gaya,Café,Formel,Café Gaya,33.5817058,-7.6436931,,Existant
,Café Bourneix,Café,Formel,Café Bourneix,33.5798613,-7.6422831,,Existant
,Café Wino,Café,Formel,Café Wino,33.582204,-7.6408722,,Existant
,,Café,Formel,,33.5816762,-7.6395077,,Existant
,ستاربكس,Café,Formel,ستاربكس,33.5866985,-7.6386978,,Existant
,Dupond,Café,Formel,Dupond,33.5884548,-7.6405969,,Existant
,Antic Palais,Café,Formel,Antic Palais,33.5930557,-7.6169666,,Existant
,Caribou Coffee,Café,Formel,Caribou Coffee,33.590489,-7.6379172,,Existant
,Sugar Hill,Café,Formel,Sugar Hill,33.591347,-7.6388984,,Existant
,Biker's Coffee,Café,Formel,Biker's Coffee,33.5587774,-7.5589618,,Existant
,Café Venezia,Café,Formel,Café Venezia,33.5877522,-7.618627,,Existant
,Café COPA GABANA,Café,Formel,Café COPA GABANA,33.580165,-7.63735,,Existant
,Ziryab,Café,Formel,Ziryab,33.5580008,-7.6087417,,Existant
,Cafe Rodeo,Café,Formel,Cafe Rodeo,33.554936,-7.6319589,,Existant
,Illy caffé,Café,Formel,Illy caffé,33.5900214,-7.6379325,,Existant
,Le Louvre,Café,Formel,Le Louvre,33.5865531,-7.6348072,,Existant
,La Bodega,Restaurant,Formel,La Bodega,33.5952195,-7.6115725,,Existant
,La Sqala,Restaurant,Formel,La Sqala,33.6028481,-7.619212,,Existant
,Pizza Hut,Restaurant,Formel,Pizza Hut,33.5928474,-7.597267,,Existant
,,Restaurant,Formel,,33.5896864,-7.6265742,,Existant
,Chez Pépé,Restaurant,Formel,Chez Pépé,33.595533,-7.6454829,,Existant
,,Restaurant,Formel,,33.5999101,-7.6174265,,Existant
,Paradisio,Restaurant,Formel,Paradisio,33.5938278,-7.5969183,,Existant
,Mamelouk Café,Restaurant,Formel,Mamelouk Café,33.5962988,-7.6304773,,Existant
,Luigi,Restaurant,Formel,Luigi,33.5882356,-7.6398452,,Existant
,Don Camilo,Restaurant,Formel,Don Camilo,33.587649,-7.612959,,Existant
,Rick's Cafe,Restaurant,Formel,Rick's Cafe,33.604995,-7.620406,,Existant
,Restaurant du Port,Restaurant,Formel,Restaurant du Port,33.6015279,-7.6144679,,Existant
,Restaurant Ostrea,Restaurant,Formel,Restaurant Ostrea,33.6018149,-7.614031,,Existant
,La Grillardière,Restaurant,Formel,La Grillardière,33.5832948,-7.6418718,,Existant
,pizzeria italian,Restaurant,Formel,pizzeria italian,33.5810317,-7.6370564,,Existant
,Chawarma Nour esham شاورما نور الشام,Restaurant,Formel,Chawarma Nour esham شاورما نور الشام,33.6011445,-7.634303,,Existant
,Pizza Hut,Restaurant,Formel,Pizza Hut,33.5443065,-7.6413493,,Existant
,potchi,Restaurant,Formel,potchi,33.5973488,-7.6273398,,Existant
,India Palace,Restaurant,Formel,India Palace,33.5917889,-7.6391526,,Existant
,Chez Omar,Restaurant,Formel,Chez Omar,33.5974462,-7.635698,,Existant
,Seven 7 Days,Restaurant,Formel,Seven 7 Days,33.5970619,-7.6382193,,Existant
,La Toscana,Restaurant,Formel,La Toscana,33.5885888,-7.6385756,,Existant
,Pomme de Pain,Restaurant,Formel,Pomme de Pain,33.588034,-7.6401077,,Existant
,La grotte du pêcheur,Restaurant,Formel,La grotte du pêcheur,33.5918245,-7.6266906,,Existant
,Keykos,Restaurant,Formel,Keykos,33.5924545,-7.6270366,,Existant
,Baleno,Restaurant,Formel,Baleno,33.582573,-7.614684,,Existant
,,Restaurant,Formel,,33.601239,-7.6360079,,Existant
,,Restaurant,Formel,,33.5938761,-7.581693,,Existant
,Ait toufawt,Restaurant,Formel,Ait toufawt,33.5939034,-7.5816157,,Existant
,La Grillardiere,Restaurant,Formel,La Grillardiere,33.5887094,-7.628123,,Existant
,Fratelli,Restaurant,Formel,Fratelli,33.5930227,-7.627037,,Existant
,La perle du liban,Restaurant,Formel,La perle du liban,33.5947844,-7.6282046,,Existant
,Monsieur Brochettes,Restaurant,Formel,Monsieur Brochettes,33.5948135,-7.6274321,,Existant
,Restaurant King Burger,Restaurant,Formel,Restaurant King Burger,33.5953217,-7.6256267,,Existant
,Dominos Pizza,Restaurant,Formel,Dominos Pizza,33.5734363,-7.6116139,,Existant
,,Restaurant,Formel,,33.5927762,-7.6258481,,Existant
,,Restaurant,Formel,,33.5930787,-7.6231024,,Existant
,Restaurant Rouget de l'Isle,Restaurant,Formel,Restaurant Rouget de l'Isle,33.5926824,-7.6228688,,Existant
,Alae,Restaurant,Formel,Alae,33.5934314,-7.6240699,,Existant
,Kalinka,Restaurant,Formel,Kalinka,33.5942124,-7.6249351,,Existant
,12 Cool,Restaurant,Formel,12 Cool,33.5930752,-7.6271159,,Existant
,Bistronome,Restaurant,Formel,Bistronome,33.5930876,-7.6267545,,Existant
,Oukaimeden,Restaurant,Formel,Oukaimeden,33.5911393,-7.6150735,,Existant
,Le Cardinal,Restaurant,Formel,Le Cardinal,33.5956364,-7.6171591,,Existant
,Snack Addou Maddou,Restaurant,Formel,Snack Addou Maddou,33.5932039,-7.6186518,,Existant
,Restaurant les Arcades,Restaurant,Formel,Restaurant les Arcades,33.5935525,-7.6185955,,Existant
,La Taverne du Dauphin,Restaurant,Formel,La Taverne du Dauphin,33.598736,-7.6151053,,Existant
,Casa José,Restaurant,Formel,Casa José,33.5978725,-7.615386,,Existant
,Tacos de Lyon,Restaurant,Formel,Tacos de Lyon,33.6007185,-7.6341062,,Existant
,Bistrot Chic,Restaurant,Formel,Bistrot Chic,33.5884913,-7.6273923,,Existant
,Sojou,Restaurant,Formel,Sojou,33.589095,-7.6297476,,Existant
,Blend,Restaurant,Formel,Blend,33.5886833,-7.6319196,,Existant
,Khos,Restaurant,Formel,Khos,33.5840347,-7.6205679,,Existant
,brasserie san jose,Restaurant,Formel,brasserie san jose,33.5978396,-7.6155008,,Existant
,Asia,Restaurant,Formel,Asia,33.5991745,-7.6130528,,Existant
,Ôgi Souchi,Restaurant,Formel,Ôgi Souchi,33.599424,-7.6141726,,Existant
,El Barocco Time,Restaurant,Formel,El Barocco Time,33.5954492,-7.6163427,,Existant
,Restaurant de la Place / Le Voyageur,Restaurant,Formel,Restaurant de la Place / Le Voyageur,33.5897214,-7.592208,,Existant
,Puerto Rico,Restaurant,Formel,Puerto Rico,33.5896015,-7.6149002,,Existant
,Awafi,Restaurant,Formel,Awafi,33.5916822,-7.6149169,,Existant
,Pomme de Pain Ziraoui,Restaurant,Formel,Pomme de Pain Ziraoui,33.5936551,-7.6352553,,Existant
,La Bavaroise,Restaurant,Formel,La Bavaroise,33.5952135,-7.6113257,,Existant
,Restaurant Le Nouveau Dragon,Restaurant,Formel,Restaurant Le Nouveau Dragon,33.5956652,-7.6125814,,Existant
,,Restaurant,Formel,,33.5835849,-7.62396,,Existant
,,Restaurant,Formel,,33.589393,-7.6315688,,Existant
,Espace Tifawine,Restaurant,Formel,Espace Tifawine,33.5861039,-7.6489235,,Existant
,O'lichi,Restaurant,Formel,O'lichi,33.591863,-7.6345249,,Existant
,,Restaurant,Formel,,33.5909334,-7.616296,,Existant
,La Cantine de Charlotte,Restaurant,Formel,La Cantine de Charlotte,33.5921096,-7.6288039,,Existant
,Rouge et Blanc أحمر و ابيض,Restaurant,Formel,Rouge et Blanc أحمر و ابيض,33.5915512,-7.615164,,Existant
,Cosa Mia,Restaurant,Formel,Cosa Mia,33.5857707,-7.6355685,,Existant
,Pizza Hut,Restaurant,Formel,Pizza Hut,33.5962863,-7.6144369,,Existant
,les Fleurs,Restaurant,Formel,les Fleurs,33.5966374,-7.6149916,,Existant
,Midway,Restaurant,Formel,Midway,33.588864,-7.628391,,Existant
,Yo Ti Tam,Restaurant,Formel,Yo Ti Tam,33.5759859,-7.6476182,,Existant
,H & B Food,Restaurant,Formel,H & B Food,33.5713686,-7.6450329,,Existant
,Sushi Walk,Restaurant,Formel,Sushi Walk,33.5712899,-7.6452246,,Existant
,Chez Marny,Restaurant,Formel,Chez Marny,33.5609277,-7.6467836,,Existant
,Yammy,Restaurant,Formel,Yammy,33.5885241,-7.611296,,Existant
,le petit pêcheur,Restaurant,Formel,le petit pêcheur,33.6012435,-7.6340168,,Existant
,,Restaurant,Formel,,33.5959788,-7.6133174,,Existant
,,Restaurant,Formel,,33.5926963,-7.6172792,,Existant
,Snack amine,Restaurant,Formel,Snack amine,33.5766703,-7.6334533,,Existant
,Cosa Mia,Restaurant,Formel,Cosa Mia,33.5942298,-7.6435836,,Existant
,Gzoum كَزّوم,Restaurant,Formel,Gzoum كَزّوم,33.5677841,-7.5995875,,Existant
,,Restaurant,Formel,,33.5937929,-7.6325707,,Existant
,Salsa,Restaurant,Formel,Salsa,33.5925128,-7.6166956,,Existant
,سناك دعاء,Restaurant,Formel,سناك دعاء,33.5474032,-7.5746211,,Existant
,Class Dish Coffee Shop,Restaurant,Formel,Class Dish Coffee Shop,33.5901754,-7.630709,,Existant
,Restaurant Etoile Centrale,Restaurant,Formel,Restaurant Etoile Centrale,33.5953324,-7.6121111,,Existant
,,Restaurant,Formel,,33.6001875,-7.6173776,,Existant
,,Restaurant,Formel,,33.608568,-7.629199,,Existant
,La Cantine,Restaurant,Formel,La Cantine,33.5352248,-7.6400077,,Existant
,,Restaurant,Formel,,33.6038507,-7.6340267,,Existant
,,Restaurant,Formel,,33.6037476,-7.6342259,,Existant
,La Sala,Restaurant,Formel,La Sala,33.593796,-7.6009733,,Existant
,City Palace,Restaurant,Formel,City Palace,33.5936446,-7.6022226,,Existant
,Adib Food,Restaurant,Formel,Adib Food,33.5906473,-7.6035677,,Existant
,Dragon Bleu,Restaurant,Formel,Dragon Bleu,33.5946578,-7.6043656,,Existant
,Café Restaurant Tarfaya,Restaurant,Formel,Café Restaurant Tarfaya,33.5894727,-7.5921448,,Existant
,Cafe Clacier Dubai,Restaurant,Formel,Cafe Clacier Dubai,33.578465,-7.6001546,,Existant
,Tacos Avenue,Restaurant,Formel,Tacos Avenue,33.5713977,-7.6131754,,Existant
,Zén,Restaurant,Formel,Zén,33.5703496,-7.6124807,,Existant
,Crèmerie Achkid,Restaurant,Formel,Crèmerie Achkid,33.5406446,-7.5801185,,Existant
,Kamar lebnan,Restaurant,Formel,Kamar lebnan,33.5881278,-7.6310701,,Existant
,Salon de Thé,Restaurant,Formel,Salon de Thé,33.5650026,-7.5882496,,Existant
,Café Imdioune,Restaurant,Formel,Café Imdioune,33.5691305,-7.5839634,,Existant
,Linati,Restaurant,Formel,Linati,33.5716212,-7.5806791,,Existant
,Espace Al Fath,Restaurant,Formel,Espace Al Fath,33.5698484,-7.5946172,,Existant
,Café Aswan,Restaurant,Formel,Café Aswan,33.5500951,-7.5677656,,Existant
,Rainbow Cafe,Restaurant,Formel,Rainbow Cafe,33.5401886,-7.5741479,,Existant
,Espace Changuai,Restaurant,Formel,Espace Changuai,33.5372811,-7.5734632,,Existant
,Ramada,Restaurant,Formel,Ramada,33.539538,-7.573873,,Existant
,Café Agadir,Restaurant,Formel,Café Agadir,33.5488254,-7.572265,,Existant
,La Revanche,Restaurant,Formel,La Revanche,33.5995316,-7.5874275,,Existant
,Chami Bacha,Restaurant,Formel,Chami Bacha,33.5914595,-7.5915232,,Existant
,Friend's Space,Restaurant,Formel,Friend's Space,33.5963614,-7.592572,,Existant
,Wisley Gardens,Restaurant,Formel,Wisley Gardens,33.5962274,-7.5905161,,Existant
,Mister Tacos,Restaurant,Formel,Mister Tacos,33.5732368,-7.5600154,,Existant
,Café Chabab,Restaurant,Formel,Café Chabab,33.5618099,-7.5656694,,Existant
,L'Araignee,Restaurant,Formel,L'Araignee,33.5783371,-7.5884742,,Existant
,Pizza Hut,Restaurant,Formel,Pizza Hut,33.5559918,-7.6280361,,Existant
,Restaurant Sushing,Restaurant,Formel,Restaurant Sushing,33.5552927,-7.6239109,,Existant
,Cremerie Cadillac,Restaurant,Formel,Cremerie Cadillac,33.593863,-7.6215278,,Existant
,Dragon Rouge,Restaurant,Formel,Dragon Rouge,33.5866702,-7.6195295,,Existant
,Tacos Paco's,Restaurant,Formel,Tacos Paco's,33.5873919,-7.6200056,,Existant
,Restaurant Anfa,Restaurant,Formel,Restaurant Anfa,33.587965,-7.6181281,,Existant
,Chawarmati,Restaurant,Formel,Chawarmati,33.5879293,-7.6187316,,Existant
,Le Triangle,Restaurant,Formel,Le Triangle,33.5879136,-7.6188844,,Existant
,Midi Grill,Restaurant,Formel,Midi Grill,33.5882734,-7.6191768,,Existant
,Génial,Restaurant,Formel,Génial,33.5939764,-7.6212837,,Existant
,Fish,Restaurant,Formel,Fish,33.5884516,-7.6189864,,Existant
,Woody Chay Pizza,Restaurant,Formel,Woody Chay Pizza,33.58644,-7.6212743,,Existant
,Sushi Kiosque,Restaurant,Formel,Sushi Kiosque,33.5863831,-7.6213648,,Existant
,La Rotonde,Restaurant,Formel,La Rotonde,33.5835632,-7.6231066,,Existant
,Pizzaria le Drapeau,Restaurant,Formel,Pizzaria le Drapeau,33.5837218,-7.6222828,,Existant
,Meson Asador,Restaurant,Formel,Meson Asador,33.5847519,-7.6210168,,Existant
,Los Olivos,Restaurant,Formel,Los Olivos,33.5846997,-7.6204271,,Existant
,Speedy Pizza,Restaurant,Formel,Speedy Pizza,33.5829487,-7.6325181,,Existant
,Treff Restaurant,Restaurant,Formel,Treff Restaurant,33.5852524,-7.6301752,,Existant
,Bio Ice,Restaurant,Formel,Bio Ice,33.5810259,-7.6322009,,Existant
,Pizza House,Restaurant,Formel,Pizza House,33.5826493,-7.6295794,,Existant
,Clic Resto,Restaurant,Formel,Clic Resto,33.5692119,-7.6464826,,Existant
,Pizza Hut,Restaurant,Formel,Pizza Hut,33.5705797,-7.6460968,,Existant
,Clay Oven,Restaurant,Formel,Clay Oven,33.5689908,-7.6432429,,Existant
,Château de Jus,Restaurant,Formel,Château de Jus,33.5796337,-7.6357582,,Existant
,Le Brunch Gourmet,Restaurant,Formel,Le Brunch Gourmet,33.575946,-7.6357397,,Existant
,Ambre,Restaurant,Formel,Ambre,33.572219,-7.6378034,,Existant
,Espace Essaha,Restaurant,Formel,Espace Essaha,33.5695652,-7.604255,,Existant
,Espace El Mitre,Restaurant,Formel,Espace El Mitre,33.5666319,-7.6085828,,Existant
,Espace Bruxellois,Restaurant,Formel,Espace Bruxellois,33.566647,-7.6085942,,Existant
,Belma Juice,Restaurant,Formel,Belma Juice,33.568982,-7.6035224,,Existant
,Espace Lano,Restaurant,Formel,Espace Lano,33.5363583,-7.5958724,,Existant
,Chrono Pizza,Restaurant,Formel,Chrono Pizza,33.5723922,-7.6487508,,Existant
,Atlas Ifrane,Restaurant,Formel,Atlas Ifrane,33.587898,-7.6135576,,Existant
,El Barco,Restaurant,Formel,El Barco,33.5886119,-7.6143153,,Existant
,Resaurant Des Billards,Restaurant,Formel,Resaurant Des Billards,33.5868478,-7.6151709,,Existant
,Marjorelle,Restaurant,Formel,Marjorelle,33.586354,-7.614955,,Existant
,MarIInsky,Restaurant,Formel,MarIInsky,33.5854736,-7.6157543,,Existant
,Le Coin,Restaurant,Formel,Le Coin,33.5848782,-7.6078324,,Existant
,Widane Palace,Restaurant,Formel,Widane Palace,33.5848558,-7.6079075,,Existant
,Restaurant Chez Pierre,Restaurant,Formel,Restaurant Chez Pierre,33.5894766,-7.6124364,,Existant
,Restaurant Savoy,Restaurant,Formel,Restaurant Savoy,33.5945662,-7.6209028,,Existant
,Pizza a la Bonne,Restaurant,Formel,Pizza a la Bonne,33.5897483,-7.6157184,,Existant
,La Corrida,Restaurant,Formel,La Corrida,33.590034,-7.6152192,,Existant
,Tout Va Bien,Restaurant,Formel,Tout Va Bien,33.5906574,-7.6148263,,Existant
,Revine,Restaurant,Formel,Revine,33.5955795,-7.6143301,,Existant
,Pizzeria-cafe Chawarma,Restaurant,Formel,Pizzeria-cafe Chawarma,33.5951226,-7.6086304,,Existant
,Samar Layali,Restaurant,Formel,Samar Layali,33.5935284,-7.6082126,,Existant
,Poulet Doré,Restaurant,Formel,Poulet Doré,33.5931793,-7.6078632,,Existant
,Majestic Resaurant Marocan,Restaurant,Formel,Majestic Resaurant Marocan,33.5911209,-7.6133799,,Existant
,Restaurant du Theatre,Restaurant,Formel,Restaurant du Theatre,33.5920438,-7.6166797,,Existant
,Kingslize Pizza,Restaurant,Formel,Kingslize Pizza,33.5711731,-7.6463462,,Existant
,Pizza Hut,Restaurant,Formel,Pizza Hut,33.5325229,-7.6476485,,Existant
,Tokyo Garden,Restaurant,Formel,Tokyo Garden,33.5354445,-7.648429,,Existant
,TaTaRi Sushi and Thai,Restaurant,Formel,TaTaRi Sushi and Thai,33.5356496,-7.6484176,,Existant
,Gusto Marina,Restaurant,Formel,Gusto Marina,33.6094083,-7.6247259,,Existant
,,Restaurant,Formel,,33.5999574,-7.6374594,,Existant
,Guillaume Tell,Restaurant,Formel,Guillaume Tell,33.5584027,-7.6365781,,Existant
,,Restaurant,Formel,,33.592645,-7.6057098,,Existant
,,Restaurant,Formel,,33.5952032,-7.6170338,,Existant
,,Restaurant,Formel,,33.5957634,-7.6121601,,Existant
,,Restaurant,Formel,,33.5958763,-7.6115436,,Existant
,Ramses,Restaurant,Formel,Ramses,33.5953961,-7.6177769,,Existant
,,Restaurant,Formel,,33.5926127,-7.6211353,,Existant
,Zayna,Restaurant,Formel,Zayna,33.5772485,-7.6073776,,Existant
,Le Gatsby,Restaurant,Formel,Le Gatsby,33.6075479,-7.6297906,,Existant
,Street London,Restaurant,Formel,Street London,33.52237,-7.6428551,,Existant
,c3002953,Restaurant,Formel,c3002953,33.5217415,-7.6445565,,Existant
,Le Riad,Restaurant,Formel,Le Riad,33.5939635,-7.614938,,Existant
,Loscar,Restaurant,Formel,Loscar,33.5911665,-7.6363195,,Existant
,,Restaurant,Formel,,33.6053778,-7.6288227,,Existant
,Restaurant Rossignol,Restaurant,Formel,Restaurant Rossignol,33.5902873,-7.6304589,,Existant
,La Kitchenette de Thi Hue,Restaurant,Formel,La Kitchenette de Thi Hue,33.598658,-7.637643,,Existant
,,Restaurant,Formel,,33.5756274,-7.6461268,,Existant
,pizza badr,Restaurant,Formel,pizza badr,33.5947846,-7.6420504,,Existant
,Blendcorner,Restaurant,Formel,Blendcorner,33.5931096,-7.6324939,,Existant
,Snack le Rayon,Restaurant,Formel,Snack le Rayon,33.5944438,-7.6338089,,Existant
,STR'EAT BURGER,Restaurant,Formel,STR'EAT BURGER,33.5941785,-7.6343386,,Existant
,Food Place,Restaurant,Formel,Food Place,33.5937567,-7.6349208,,Existant
,Fayrouz,Restaurant,Formel,Fayrouz,33.5942943,-7.6340776,,Existant
,Happy Rolls,Restaurant,Formel,Happy Rolls,33.5938919,-7.6348494,,Existant
,Gapi,Restaurant,Formel,Gapi,33.5889659,-7.6470317,,Existant
,Oncle Blend,Restaurant,Formel,Oncle Blend,33.5928022,-7.6442567,,Existant
,Osawa,Restaurant,Formel,Osawa,33.5626827,-7.6387538,,Existant
,La Frite,Restaurant,Formel,La Frite,33.5971125,-7.6357215,,Existant
,Zorba,Restaurant,Formel,Zorba,33.5926124,-7.6067836,,Existant
,Taiyo,Restaurant,Formel,Taiyo,33.5776371,-7.6246794,,Existant
,El Bistrot de Papa,Restaurant,Formel,El Bistrot de Papa,33.5776527,-7.6247357,,Existant
,OLEA,Restaurant,Formel,OLEA,33.5485908,-7.6373926,,Existant
,Resto Grill Salaheddine,Restaurant,Formel,Resto Grill Salaheddine,33.5947743,-7.6117538,,Existant
,Organic Kitchen,Restaurant,Formel,Organic Kitchen,33.5905909,-7.6381864,,Existant
,Pyramides Dorées,Restaurant,Formel,Pyramides Dorées,33.5818215,-7.6223122,,Existant
,Café Restaurant Tikita,Restaurant,Formel,Café Restaurant Tikita,33.5809882,-7.6229868,,Existant
,Le Duc Casablanca,Restaurant,Formel,Le Duc Casablanca,33.5804706,-7.6231722,,Existant
,POISSONIA.MA,Restaurant,Formel,POISSONIA.MA,33.5803676,-7.6216613,,Existant
,Casadarna,Restaurant,Formel,Casadarna,33.5825841,-7.6222062,,Existant
,Resto -Grill Funoon,Restaurant,Formel,Resto -Grill Funoon,33.5788928,-7.6229861,,Existant
,Bonsai,Restaurant,Formel,Bonsai,33.5826823,-7.6228888,,Existant
,Bangkok Me,Restaurant,Formel,Bangkok Me,33.5891189,-7.6325717,,Existant
,,Restaurant,Formel,,33.5963106,-7.6417406,,Existant
,مجزرة و مشواة المسجد,Restaurant,Formel,مجزرة و مشواة المسجد,33.5705562,-7.5508866,,Existant
,Chez Michel et Hafida,Restaurant,Formel,Chez Michel et Hafida,33.5949273,-7.6121495,,Existant
,,Restaurant,Formel,,33.6079511,-7.6290521,,Existant
,café central,Restaurant,Formel,café central,33.600085,-7.617311,,Existant
,,Restaurant,Formel,,33.5925267,-7.6311415,,Existant
,,Restaurant,Formel,,33.5977705,-7.6141578,,Existant
,,Restaurant,Formel,,33.6038798,-7.6215009,,Existant
,Chrono Pizza,Restaurant,Formel,Chrono Pizza,33.5932677,-7.6316321,,Existant
,,Restaurant,Formel,,33.5906169,-7.6345122,,Existant
,,Restaurant,Formel,,33.5938864,-7.6322079,,Existant
,,Restaurant,Formel,,33.5955266,-7.6153015,,Existant
,,Restaurant,Formel,,33.592224,-7.6044895,,Existant
,Big Nonna,Restaurant,Formel,Big Nonna,33.5887671,-7.6437315,,Existant
,,Restaurant,Formel,,33.5936539,-7.6024627,,Existant
,Street Pizzeria Napoletana,Restaurant,Formel,Street Pizzeria Napoletana,33.5834902,-7.6315558,,Existant
,Don Bocadillio,Restaurant,Formel,Don Bocadillio,33.5850157,-7.6314069,,Existant
,,Restaurant,Formel,,33.5834982,-7.6315375,,Existant
,,Restaurant,Formel,,33.5881411,-7.6312429,,Existant
,Le Petit Italien,Restaurant,Formel,Le Petit Italien,33.5896524,-7.632145,,Existant
,Repère du Gout,Restaurant,Formel,Repère du Gout,33.5842585,-7.6312796,,Existant
,,Restaurant,Formel,,33.5895737,-7.6317271,,Existant
,شاورما الحاج متولي,Restaurant,Formel,شاورما الحاج متولي,33.594017,-7.6148772,,Existant
,الشاف أنوار,Restaurant,Formel,الشاف أنوار,33.5707703,-7.5977321,,Existant
,مطعم مصري,Restaurant,Formel,مطعم مصري,33.5952225,-7.6112289,,Existant
,,Restaurant,Formel,,33.5947079,-7.612674,,Existant
,,Restaurant,Formel,,33.594542,-7.6115928,,Existant
,,Restaurant,Formel,,33.5945556,-7.6116442,,Existant
,,Restaurant,Formel,,33.5949847,-7.6117512,,Existant
,,Restaurant,Formel,,33.5949018,-7.6115289,,Existant
,,Restaurant,Formel,,33.5948702,-7.611371,,Existant
,,Restaurant,Formel,,33.595288,-7.6119494,,Existant
,,Restaurant,Formel,,33.5952329,-7.611699,,Existant
,,Restaurant,Formel,,33.5952723,-7.6126263,,Existant
,,Restaurant,Formel,,33.5953058,-7.6129605,,Existant
,,Restaurant,Formel,,33.591712,-7.6151442,,Existant
,,Restaurant,Formel,,33.5915628,-7.6152182,,Existant
,,Restaurant,Formel,,33.5915784,-7.6152596,,Existant
,,Restaurant,Formel,,33.5945193,-7.6116572,,Existant
,,Restaurant,Formel,,33.5947057,-7.6114777,,Existant
,,Restaurant,Formel,,33.5946179,-7.6115033,,Existant
,,Restaurant,Formel,,33.5949538,-7.6124246,,Existant
,,Restaurant,Formel,,33.5950134,-7.612281,,Existant
,,Restaurant,Formel,,33.5950036,-7.6120965,,Existant
,,Restaurant,Formel,,33.5950006,-7.6118522,,Existant
,,Restaurant,Formel,,33.5949495,-7.6118105,,Existant
,,Restaurant,Formel,,33.5949704,-7.6116973,,Existant
,,Restaurant,Formel,,33.594924,-7.6113953,,Existant
,,Restaurant,Formel,,33.5949176,-7.6113533,,Existant
,,Restaurant,Formel,,33.5947917,-7.6113908,,Existant
,,Restaurant,Formel,,33.5953819,-7.6129374,,Existant
,,Restaurant,Formel,,33.5945479,-7.6115112,,Existant
,,Restaurant,Formel,,33.5948983,-7.6120796,,Existant
,,Restaurant,Formel,,33.5949241,-7.6122894,,Existant
,,Restaurant,Formel,,33.5949383,-7.6117611,,Existant
,,Restaurant,Formel,,33.5949464,-7.6115137,,Existant
,,Restaurant,Formel,,33.5946315,-7.612301,,Existant
,,Restaurant,Formel,,33.5950244,-7.612385,,Existant
,,Restaurant,Formel,,33.5950041,-7.612173,,Existant
,,Restaurant,Formel,,33.594832,-7.6113829,,Existant
,,Restaurant,Formel,,33.5949321,-7.6114582,,Existant
,,Restaurant,Formel,,33.593626,-7.6161766,,Existant
,,Restaurant,Formel,,33.594554,-7.6117055,,Existant
,,Restaurant,Formel,,33.5949903,-7.6118004,,Existant
,,Restaurant,Formel,,33.5947606,-7.6114046,,Existant
,,Restaurant,Formel,,33.5950205,-7.6122345,,Existant
,Restaurant Marocain Al Mamoun مطعم مغربي المامون,Restaurant,Formel,Restaurant Marocain Al Mamoun مطعم مغربي المامون,33.5943629,-7.6169789,,Existant
,La Concorde,Restaurant,Formel,La Concorde,33.5881245,-7.6177522,,Existant
,Casa jose,Restaurant,Formel,Casa jose,33.5896958,-7.6274645,,Existant
,Niya,Restaurant,Formel,Niya,33.5886969,-7.632462,,Existant
,Bambou Panda,Restaurant,Formel,Bambou Panda,33.6058793,-7.628809,,Existant
,Le Melliber,Restaurant,Formel,Le Melliber,33.6042229,-7.6328261,,Existant
,,Restaurant,Formel,,33.5655408,-7.6263134,,Existant
,Pepe Luis,Restaurant,Formel,Pepe Luis,33.5887547,-7.6400219,,Existant
,Ahmet Chef,Restaurant,Formel,Ahmet Chef,33.5891458,-7.6402696,,Existant
,La Grande Brasserie,Restaurant,Formel,La Grande Brasserie,33.5871666,-7.6395445,,Existant
,Japonico,Restaurant,Formel,Japonico,33.5878325,-7.638078,,Existant
,Milk + Honey,Restaurant,Formel,Milk + Honey,33.588257,-7.6393618,,Existant
,Pastrama,Restaurant,Formel,Pastrama,33.5872625,-7.6384661,,Existant
,La Grillardière,Restaurant,Formel,La Grillardière,33.5883982,-7.6374661,,Existant
,Shiru Sushis,Restaurant,Formel,Shiru Sushis,33.5877628,-7.6396905,,Existant
,RESTAURANT MONO-CLUB,Restaurant,Formel,RESTAURANT MONO-CLUB,33.5815049,-7.6398128,,Existant
,Il Ferrarino,Restaurant,Formel,Il Ferrarino,33.5877316,-7.6423075,,Existant
,Restaurant Les Fleurs مطعم الزهور,Restaurant,Formel,Restaurant Les Fleurs مطعم الزهور,33.5965112,-7.6144385,,Existant
,Le Mynt,Restaurant,Formel,Le Mynt,33.5852973,-7.6458199,,Existant
,Le Marly,Restaurant,Formel,Le Marly,33.5884516,-7.6449671,,Existant
,Meat Point,Restaurant,Formel,Meat Point,33.5880626,-7.6397864,,Existant
,L'Abri,Restaurant,Formel,L'Abri,33.5868365,-7.6474582,,Existant
,Chili's,Restaurant,Formel,Chili's,33.5874321,-7.6484003,,Existant
,Chez Zozo,Restaurant,Formel,Chez Zozo,33.5966265,-7.6108546,,Existant
,Restaurant Bidoune Monafesse,Restaurant,Formel,Restaurant Bidoune Monafesse,33.5987593,-7.619166,,Existant
,Dar Dada,Restaurant,Formel,Dar Dada,33.6041396,-7.6216351,,Existant
,Espace Bistro,Restaurant,Formel,Espace Bistro,33.5465329,-7.5948079,,Existant
,El Ghanouj,Restaurant,Formel,El Ghanouj,33.5836773,-7.6399474,,Existant
,Le Vélodrome,Restaurant,Formel,Le Vélodrome,33.5899924,-7.64666,,Existant
,Pomme de Pain,Restaurant,Formel,Pomme de Pain,33.5772223,-7.6253019,,Existant
,O Chef,Restaurant,Formel,O Chef,33.5782133,-7.6252155,,Existant
,Mademoiselle Sissi,Restaurant,Formel,Mademoiselle Sissi,33.5785594,-7.6246821,,Existant
,Restaurant des professeurs,Restaurant,Formel,Restaurant des professeurs,33.5881493,-7.630843,,Existant
,,Restaurant,Formel,,33.5879264,-7.6189312,,Existant
,Roots Coffee & More,Restaurant,Formel,Roots Coffee & More,33.5881752,-7.6457967,,Existant
,Nearshore Casablanca,Restaurant,Formel,Nearshore Casablanca,33.5286333,-7.6406825,,Existant
,Ayour,Restaurant,Formel,Ayour,33.5701494,-7.6094921,,Existant
,Agogo,Restaurant,Formel,Agogo,33.6067272,-7.6285047,,Existant
,Little Mamma,Restaurant,Formel,Little Mamma,33.5917504,-7.6272453,,Existant
,Mood's,Restaurant,Formel,Mood's,33.6066332,-7.6192613,,Existant
,L'entrecôte 212,Restaurant,Formel,L'entrecôte 212,33.5885276,-7.6323582,,Existant
,Amistad,Restaurant,Formel,Amistad,33.5888214,-7.6335593,,Existant
,Nara,Restaurant,Formel,Nara,33.5908823,-7.6310544,,Existant
,Gare aux gorilles,Restaurant,Formel,Gare aux gorilles,33.5896971,-7.6324564,,Existant
,Sushi Club,Restaurant,Formel,Sushi Club,33.5900664,-7.6318063,,Existant
,Le Courtois,Restaurant,Formel,Le Courtois,33.5894857,-7.6326889,,Existant
,Le petit bouillon,Restaurant,Formel,Le petit bouillon,33.589856,-7.6322896,,Existant
,,Kiosque,Informel,,33.5911175,-7.5924051,,Existant
,kiosque de presse,Kiosque,Informel,kiosque de presse,33.5944114,-7.6183525,,Existant
,,Kiosque,Informel,,33.5900073,-7.6200497,,Existant
,Antouki,Boulangerie,Formel,Antouki,33.5937563,-7.5970471,,Existant
,Amoud,Boulangerie,Formel,Amoud,33.5938837,-7.596119,,Existant
,,Boulangerie,Formel,,33.5971969,-7.6284702,,Existant
,Bonne mie,Boulangerie,Formel,Bonne mie,33.5868905,-7.6118985,,Existant
,Paul,Boulangerie,Formel,Paul,33.5880534,-7.6453209,,Existant
,Oussama,Boulangerie,Formel,Oussama,33.5929622,-7.6395733,,Existant
,Pâtisserie Bennis,Boulangerie,Formel,Pâtisserie Bennis,33.5779601,-7.6054449,,Existant
,taher,Boulangerie,Formel,taher,33.5836838,-7.6403528,,Existant
,Noiraud,Boulangerie,Formel,Noiraud,33.5890683,-7.6294477,,Existant
,El Mansour,Boulangerie,Formel,El Mansour,33.5894314,-7.6292808,,Existant
,Pralinor,Boulangerie,Formel,Pralinor,33.5997154,-7.6125438,,Existant
,Patisserie,Boulangerie,Formel,Patisserie,33.5856763,-7.6112943,,Existant
,,Boulangerie,Formel,,33.5856949,-7.6113032,,Existant
,Ibrine,Boulangerie,Formel,Ibrine,33.5729102,-7.6386427,,Existant
,Patisserie Boulangerie,Boulangerie,Formel,Patisserie Boulangerie,33.58889,-7.6132317,,Existant
,Boulangerie Pâtisserie,Boulangerie,Formel,Boulangerie Pâtisserie,33.5916226,-7.6163873,,Existant
,,Boulangerie,Formel,,33.6002505,-7.6383975,,Existant
,,Boulangerie,Formel,,33.6011639,-7.6359241,,Existant
,Aux petits beurres,Boulangerie,Formel,Aux petits beurres,33.5897298,-7.6052136,,Existant
,Boulanger Hakimi,Boulangerie,Formel,Boulanger Hakimi,33.5633143,-7.5920585,,Existant
,فران دمنات,Boulangerie,Formel,فران دمنات,33.5728822,-7.5608625,,Existant
,Lora Patisserie Boulangerie,Boulangerie,Formel,Lora Patisserie Boulangerie,33.5943688,-7.6285112,,Existant
,Boulangerie pâtisserie Makka,Boulangerie,Formel,Boulangerie pâtisserie Makka,33.5530407,-7.5775777,,Existant
,Baguetterie Casablanca,Boulangerie,Formel,Baguetterie Casablanca,33.5622773,-7.6456095,,Existant
,,Boulangerie,Formel,,33.5916739,-7.6150312,,Existant
,,Boulangerie,Formel,,33.5895567,-7.6138204,,Existant
,,Boulangerie,Formel,,33.6023317,-7.62182,,Existant
,حلويات الدار عند بشرى,Boulangerie,Formel,حلويات الدار عند بشرى,33.5358549,-7.6023708,,Existant
,Boulangerie d'Antan,Boulangerie,Formel,Boulangerie d'Antan,33.5809475,-7.6413897,,Existant
,La Calidad,Boulangerie,Formel,La Calidad,33.5853739,-7.6457727,,Existant
,,Parapharmacie,Formel,,33.5821087,-7.6265575,,Existant
,,Parapharmacie,Formel,,33.5545488,-7.6399358,,Existant
,Dalal,Parapharmacie,Formel,Dalal,33.5545398,-7.6360392,,Existant
,Pharmacie du conseil,Parapharmacie,Formel,Pharmacie du conseil,33.5920672,-7.5950193,,Existant
,,Parapharmacie,Formel,,33.5941095,-7.5965151,,Existant
,,Parapharmacie,Formel,,33.5637163,-7.6355448,,Existant
,,Parapharmacie,Formel,,33.5959681,-7.6276825,,Existant
,,Parapharmacie,Formel,,33.6034834,-7.6424795,,Existant
,Pharmacie Lahraouine صيدلية الهراويين,Parapharmacie,Formel,Pharmacie Lahraouine صيدلية الهراويين,33.5606836,-7.5527375,,Existant
,Pharmacie le Théâtre صيدلية المسرح,Parapharmacie,Formel,Pharmacie le Théâtre صيدلية المسرح,33.5633186,-7.5543957,,Existant
,Pharmacie des Prêles,Parapharmacie,Formel,Pharmacie des Prêles,33.5778147,-7.6394176,,Existant
,Pharmacie des Stades صيدلية الملاعب,Parapharmacie,Formel,Pharmacie des Stades صيدلية الملاعب,33.5802204,-7.6404866,,Existant
,Pharmacie Moulay Youssef,Parapharmacie,Formel,Pharmacie Moulay Youssef,33.5984096,-7.632475,,Existant
,Pharmacie Tamaârouft,Parapharmacie,Formel,Pharmacie Tamaârouft,33.599213,-7.6354406,,Existant
,Pharmacie Les Iris صيدلية السوسن,Parapharmacie,Formel,Pharmacie Les Iris صيدلية السوسن,33.5900215,-7.638947,,Existant
,pharmacie Charles Nicole,Parapharmacie,Formel,pharmacie Charles Nicole,33.5740142,-7.6248749,,Existant
,Pharmacie de la sécurité,Parapharmacie,Formel,Pharmacie de la sécurité,33.5722341,-7.6226584,,Existant
,Pharmacie Bahmad,Parapharmacie,Formel,Pharmacie Bahmad,33.5946576,-7.586858,,Existant
,Pharmacie Vie,Parapharmacie,Formel,Pharmacie Vie,33.5920721,-7.5895331,,Existant
,Pharmacie Ad Doha,Parapharmacie,Formel,Pharmacie Ad Doha,33.5700253,-7.6363369,,Existant
,Pharmacie Annajd,Parapharmacie,Formel,Pharmacie Annajd,33.5700455,-7.6346257,,Existant
,Grande Pharmacie Commerciale,Parapharmacie,Formel,Grande Pharmacie Commerciale,33.5956684,-7.6172472,,Existant
,Pharmacie des écoles,Parapharmacie,Formel,Pharmacie des écoles,33.5944226,-7.6184008,,Existant
,Pharmacie du Lycée,Parapharmacie,Formel,Pharmacie du Lycée,33.5972022,-7.6348484,,Existant
,Pharmacie de L´Hopital,Parapharmacie,Formel,Pharmacie de L´Hopital,33.5829423,-7.6181703,,Existant
,Pharmacie du Progrès,Parapharmacie,Formel,Pharmacie du Progrès,33.5946685,-7.6165845,,Existant
,Pharmacie La Bourse,Parapharmacie,Formel,Pharmacie La Bourse,33.5944684,-7.6131681,,Existant
,Mamounia,Parapharmacie,Formel,Mamounia,33.5901779,-7.5930535,,Existant
,Pharmacie Romandie,Parapharmacie,Formel,Pharmacie Romandie,33.5865126,-7.6481439,,Existant
,Pharmacie Nouvelle,Parapharmacie,Formel,Pharmacie Nouvelle,33.5873194,-7.6121157,,Existant
,,Parapharmacie,Formel,,33.5859743,-7.6114307,,Existant
,Pharmacie de Picardie,Parapharmacie,Formel,Pharmacie de Picardie,33.5889637,-7.6306057,,Existant
,Pharmacie Les Capucines,Parapharmacie,Formel,Pharmacie Les Capucines,33.5869115,-7.6366612,,Existant
,pharmacie souk elbaldi صيدلية السوق البلدي,Parapharmacie,Formel,pharmacie souk elbaldi صيدلية السوق البلدي,33.5473266,-7.5978709,,Existant
,pharmacie d'azhar صيدلية الأزهر,Parapharmacie,Formel,pharmacie d'azhar صيدلية الأزهر,33.5455816,-7.5952095,,Existant
,,Parapharmacie,Formel,,33.5478068,-7.5901845,,Existant
,,Parapharmacie,Formel,,33.5434141,-7.5960949,,Existant
,,Parapharmacie,Formel,,33.5464472,-7.6003028,,Existant
,Pharmacie Bachkou,Parapharmacie,Formel,Pharmacie Bachkou,33.5554062,-7.6294061,,Existant
,Pharmacie Carnot,Parapharmacie,Formel,Pharmacie Carnot,33.5936301,-7.5831998,,Existant
,Pharmacy al-Harti صيدلية الحارثي,Parapharmacie,Formel,Pharmacy al-Harti صيدلية الحارثي,33.5505403,-7.5693749,,Existant
,Pharmacie du Centre,Parapharmacie,Formel,Pharmacie du Centre,33.5934396,-7.6003812,,Existant
,Pharmacie Ifni,Parapharmacie,Formel,Pharmacie Ifni,33.5823599,-7.6019436,,Existant
,,Parapharmacie,Formel,,33.5643746,-7.6097971,,Existant
,Pharmacie La Gironde,Parapharmacie,Formel,Pharmacie La Gironde,33.5838537,-7.599594,,Existant
,,Parapharmacie,Formel,,33.5768907,-7.6152125,,Existant
,Pharmacie Faris,Parapharmacie,Formel,Pharmacie Faris,33.5662374,-7.5957853,,Existant
,Pharmacie du Soleil,Parapharmacie,Formel,Pharmacie du Soleil,33.5903669,-7.6040746,,Existant
,Pharmacie El Farah,Parapharmacie,Formel,Pharmacie El Farah,33.5683103,-7.5845481,,Existant
,Pharmacie Ghazali,Parapharmacie,Formel,Pharmacie Ghazali,33.5657435,-7.5797457,,Existant
,Pharmacie Aman,Parapharmacie,Formel,Pharmacie Aman,33.5359704,-7.5770339,,Existant
,Pharmacie Goumri,Parapharmacie,Formel,Pharmacie Goumri,33.5337089,-7.580665,,Existant
,,Parapharmacie,Formel,,33.5506674,-7.6024586,,Existant
,,Parapharmacie,Formel,,33.5479547,-7.602067,,Existant
,,Parapharmacie,Formel,,33.5313949,-7.5890227,,Existant
,,Parapharmacie,Formel,,33.5362787,-7.5773883,,Existant
,Pharmacie Chaab,Parapharmacie,Formel,Pharmacie Chaab,33.5409727,-7.5877997,,Existant
,Pharmacie Khouloud,Parapharmacie,Formel,Pharmacie Khouloud,33.5395648,-7.5869025,,Existant
,Pharmacie Moulay Driss,Parapharmacie,Formel,Pharmacie Moulay Driss,33.5689517,-7.5868213,,Existant
,,Parapharmacie,Formel,,33.53766,-7.5899233,,Existant
,Pharmacie des Urgences,Parapharmacie,Formel,Pharmacie des Urgences,33.5370027,-7.5858966,,Existant
,Pharmacie Ain Chifaa,Parapharmacie,Formel,Pharmacie Ain Chifaa,33.5700395,-7.5825861,,Existant
,Pharmacie Assia,Parapharmacie,Formel,Pharmacie Assia,33.5704256,-7.5916801,,Existant
,Pharmacie El Farraj,Parapharmacie,Formel,Pharmacie El Farraj,33.5673526,-7.5904222,,Existant
,Pharmacie de Casablanca,Parapharmacie,Formel,Pharmacie de Casablanca,33.5749186,-7.5907414,,Existant
,Pharmacie Laafou,Parapharmacie,Formel,Pharmacie Laafou,33.5753387,-7.5931285,,Existant
,Pharmacie Albahia,Parapharmacie,Formel,Pharmacie Albahia,33.5744839,-7.5962278,,Existant
,Pharmacie Bouafi,Parapharmacie,Formel,Pharmacie Bouafi,33.5443679,-7.5671098,,Existant
,Pharmacie Skiba,Parapharmacie,Formel,Pharmacie Skiba,33.5396252,-7.5750652,,Existant
,Parmacie Bouafi,Parapharmacie,Formel,Parmacie Bouafi,33.5443646,-7.5671084,,Existant
,Pharmacie Ennajah,Parapharmacie,Formel,Pharmacie Ennajah,33.5483839,-7.568998,,Existant
,Pharmacie Dadi,Parapharmacie,Formel,Pharmacie Dadi,33.5464671,-7.5721396,,Existant
,Pharmacie Faouz,Parapharmacie,Formel,Pharmacie Faouz,33.5439153,-7.5765418,,Existant
,Pharmacie Dounia,Parapharmacie,Formel,Pharmacie Dounia,33.5419122,-7.5725761,,Existant
,Pharmacie Addahab,Parapharmacie,Formel,Pharmacie Addahab,33.54397,-7.5696833,,Existant
,Pharmacie Dispensaire Jamila 4,Parapharmacie,Formel,Pharmacie Dispensaire Jamila 4,33.5466604,-7.5665988,,Existant
,Pharmacie Benmoussa,Parapharmacie,Formel,Pharmacie Benmoussa,33.5435352,-7.5805342,,Existant
,Pharmacie Sbata,Parapharmacie,Formel,Pharmacie Sbata,33.5441768,-7.5730133,,Existant
,Pharmacie Rachid,Parapharmacie,Formel,Pharmacie Rachid,33.5463631,-7.5694031,,Existant
,Pharmacie Jamila,Parapharmacie,Formel,Pharmacie Jamila,33.545992,-7.5764371,,Existant
,Pharmacie Marche de Gros,Parapharmacie,Formel,Pharmacie Marche de Gros,33.548802,-7.5717339,,Existant
,Pharmacie Al Bouchra,Parapharmacie,Formel,Pharmacie Al Bouchra,33.601196,-7.5855754,,Existant
,Pharmacie Massiwe,Parapharmacie,Formel,Pharmacie Massiwe,33.59964,-7.5891964,,Existant
,Para Pharmacie,Parapharmacie,Formel,Para Pharmacie,33.602561,-7.5822602,,Existant
,Pharmacie El Mansour,Parapharmacie,Formel,Pharmacie El Mansour,33.558094,-7.573944,,Existant
,Pharmcie Sif Eddinne,Parapharmacie,Formel,Pharmcie Sif Eddinne,33.5566724,-7.5877748,,Existant
,Pharmacie du Metro,Parapharmacie,Formel,Pharmacie du Metro,33.5567138,-7.5911842,,Existant
,Pharmacie Afriquia,Parapharmacie,Formel,Pharmacie Afriquia,33.5548206,-7.5919738,,Existant
,,Parapharmacie,Formel,,33.5523159,-7.5786996,,Existant
,Pharmacie Du Uban,Parapharmacie,Formel,Pharmacie Du Uban,33.5520812,-7.5815776,,Existant
,Pharmacie Oued Zem,Parapharmacie,Formel,Pharmacie Oued Zem,33.5547747,-7.584579,,Existant
,Pharmacie Ghafiri,Parapharmacie,Formel,Pharmacie Ghafiri,33.5607889,-7.6458289,,Existant
,Pharmacie Odyssée صيدلية أوديسي,Parapharmacie,Formel,Pharmacie Odyssée صيدلية أوديسي,33.5631274,-7.6477303,,Existant
,Pharmacie Errahmane,Parapharmacie,Formel,Pharmacie Errahmane,33.5526038,-7.6230601,,Existant
,Pharmacie Machaa Allah,Parapharmacie,Formel,Pharmacie Machaa Allah,33.5371525,-7.5703479,,Existant
,Pharmacie Al Ahram,Parapharmacie,Formel,Pharmacie Al Ahram,33.5367602,-7.5734532,,Existant
,Pharmacie Salim,Parapharmacie,Formel,Pharmacie Salim,33.5378244,-7.5671151,,Existant
,,Parapharmacie,Formel,,33.5667045,-7.5678098,,Existant
,Pharmacie Laaziza,Parapharmacie,Formel,Pharmacie Laaziza,33.5360269,-7.5518963,,Existant
,Pharmacie Al Fadila,Parapharmacie,Formel,Pharmacie Al Fadila,33.537546,-7.5516106,,Existant
,Pharmacie Salmia,Parapharmacie,Formel,Pharmacie Salmia,33.5384537,-7.5553362,,Existant
,Pharmacie Tessema,Parapharmacie,Formel,Pharmacie Tessema,33.5436056,-7.5614248,,Existant
,Pharmacie Essa-Egh,Parapharmacie,Formel,Pharmacie Essa-Egh,33.5401863,-7.5512499,,Existant
,,Parapharmacie,Formel,,33.5652373,-7.5687821,,Existant
,,Parapharmacie,Formel,,33.5681862,-7.5687861,,Existant
,,Parapharmacie,Formel,,33.5659759,-7.5646207,,Existant
,Parapharamacie Chemsi,Parapharmacie,Formel,Parapharamacie Chemsi,33.5667453,-7.5675845,,Existant
,Pharmacie Populaire,Parapharmacie,Formel,Pharmacie Populaire,33.5856143,-7.6138653,,Existant
,,Parapharmacie,Formel,,33.5879781,-7.6086537,,Existant
,,Parapharmacie,Formel,,33.5687204,-7.5599147,,Existant
,Pharmacie Tawdi,Parapharmacie,Formel,Pharmacie Tawdi,33.5734001,-7.5534868,,Existant
,Pharmacie Essafa,Parapharmacie,Formel,Pharmacie Essafa,33.569478,-7.5571883,,Existant
,Pharmacie Ibn Zahr,Parapharmacie,Formel,Pharmacie Ibn Zahr,33.5584382,-7.5690745,,Existant
,Pharmacie El Houria,Parapharmacie,Formel,Pharmacie El Houria,33.5841955,-7.5579688,,Existant
,Pharmacie El AHD El Jadid,Parapharmacie,Formel,Pharmacie El AHD El Jadid,33.5814694,-7.5632876,,Existant
,Pharmacie de Lorraine,Parapharmacie,Formel,Pharmacie de Lorraine,33.5876576,-7.6144999,,Existant
,,Parapharmacie,Formel,,33.557046,-7.5588037,,Existant
,,Parapharmacie,Formel,,33.5622993,-7.5662756,,Existant
,Pharmacie el Hanaa,Parapharmacie,Formel,Pharmacie el Hanaa,33.5570658,-7.5818767,,Existant
,Pharmacie Para,Parapharmacie,Formel,Pharmacie Para,33.5576861,-7.5796075,,Existant
,,Parapharmacie,Formel,,33.5646115,-7.5879666,,Existant
,Pharmacie el Othmania,Parapharmacie,Formel,Pharmacie el Othmania,33.5627982,-7.5705381,,Existant
,Pharmacie Calogera,Parapharmacie,Formel,Pharmacie Calogera,33.5584983,-7.5864208,,Existant
,Pharmacie Mersultan,Parapharmacie,Formel,Pharmacie Mersultan,33.5839923,-7.6155918,,Existant
,Porte Californie,Parapharmacie,Formel,Porte Californie,33.5596798,-7.6287738,,Existant
,Para & Pharmacie Merieux,Parapharmacie,Formel,Para & Pharmacie Merieux,33.5673158,-7.6260406,,Existant
,Pharmacie Abdelmoumen,Parapharmacie,Formel,Pharmacie Abdelmoumen,33.5764002,-7.6259212,,Existant
,,Parapharmacie,Formel,,33.5816236,-7.6244299,,Existant
,Pharmacie Taddart,Parapharmacie,Formel,Pharmacie Taddart,33.5563383,-7.624332,,Existant
,Para & Pharmacie,Parapharmacie,Formel,Para & Pharmacie,33.5873383,-7.6281434,,Existant
,Pharmacie Principale,Parapharmacie,Formel,Pharmacie Principale,33.5876567,-7.6174173,,Existant
,Pharmacie Minuit,Parapharmacie,Formel,Pharmacie Minuit,33.5934804,-7.6201545,,Existant
,Parisienne,Parapharmacie,Formel,Parisienne,33.5897899,-7.6195932,,Existant
,Pharmacie du Parc,Parapharmacie,Formel,Pharmacie du Parc,33.5872545,-7.6211335,,Existant
,Para & Parapharmacie Oliveri,Parapharmacie,Formel,Para & Parapharmacie Oliveri,33.5848798,-7.6240269,,Existant
,Pharmacie Mercure,Parapharmacie,Formel,Pharmacie Mercure,33.5849916,-7.6210879,,Existant
,,Parapharmacie,Formel,,33.5592451,-7.6384109,,Existant
,Pharmacie de L'opera,Parapharmacie,Formel,Pharmacie de L'opera,33.580465,-7.6331471,,Existant
,,Parapharmacie,Formel,,33.5846692,-7.6308243,,Existant
,Pharmacie du Palmier,Parapharmacie,Formel,Pharmacie du Palmier,33.5825023,-7.6259098,,Existant
,Pharmacie du Louvre,Parapharmacie,Formel,Pharmacie du Louvre,33.5824498,-7.6306697,,Existant
,Pharmacie Hacha,Parapharmacie,Formel,Pharmacie Hacha,33.5666766,-7.602578,,Existant
,Pharmacie Ghalef,Parapharmacie,Formel,Pharmacie Ghalef,33.5773527,-7.6308055,,Existant
,Droguerie Al Mal,Parapharmacie,Formel,Droguerie Al Mal,33.5759608,-7.6318585,,Existant
,Pharmacie Kastalani,Parapharmacie,Formel,Pharmacie Kastalani,33.5737722,-7.6077627,,Existant
,Pharmacie Jerrada,Parapharmacie,Formel,Pharmacie Jerrada,33.5627318,-7.6429452,,Existant
,Pharmacie Aloum,Parapharmacie,Formel,Pharmacie Aloum,33.569402,-7.6285002,,Existant
,Para & Pharmacie Benzit,Parapharmacie,Formel,Para & Pharmacie Benzit,33.5702345,-7.6283842,,Existant
,Pharmacie Attissir,Parapharmacie,Formel,Pharmacie Attissir,33.5726269,-7.6290178,,Existant
,Pharmacie Zaouia,Parapharmacie,Formel,Pharmacie Zaouia,33.5765622,-7.6278631,,Existant
,Pharmacie Diamond,Parapharmacie,Formel,Pharmacie Diamond,33.5755968,-7.6262176,,Existant
,Pharmacie Du Gharb,Parapharmacie,Formel,Pharmacie Du Gharb,33.573266,-7.6032552,,Existant
,Pharmacie Hay El Baladia,Parapharmacie,Formel,Pharmacie Hay El Baladia,33.5745119,-7.6053393,,Existant
,,Parapharmacie,Formel,,33.5672683,-7.639982,,Existant
,Pharmacie Val Fleuri صيدلية ڤال فلوري,Parapharmacie,Formel,Pharmacie Val Fleuri صيدلية ڤال فلوري,33.5750129,-7.6346567,,Existant
,Parapharmacie,Parapharmacie,Formel,Parapharmacie,33.5783835,-7.6373354,,Existant
,Pharmacie Route El Jadda,Parapharmacie,Formel,Pharmacie Route El Jadda,33.5730001,-7.641533,,Existant
,Pharmacie Arij,Parapharmacie,Formel,Pharmacie Arij,33.5447055,-7.6376867,,Existant
,Pharmacie Fleming,Parapharmacie,Formel,Pharmacie Fleming,33.5326531,-7.62962,,Existant
,Pharmacie Al Hilal,Parapharmacie,Formel,Pharmacie Al Hilal,33.5724508,-7.6375345,,Existant
,,Parapharmacie,Formel,,33.5761253,-7.6259561,,Existant
,Pharmacie Panoramique,Parapharmacie,Formel,Pharmacie Panoramique,33.5558532,-7.5979806,,Existant
,,Parapharmacie,Formel,,33.5545054,-7.600797,,Existant
,Pharmacie Hay Rmila,Parapharmacie,Formel,Pharmacie Hay Rmila,33.5580225,-7.5993432,,Existant
,Pharmacie Mouad,Parapharmacie,Formel,Pharmacie Mouad,33.5527865,-7.5944549,,Existant
,Pharmacie de la Commune,Parapharmacie,Formel,Pharmacie de la Commune,33.55473,-7.5963593,,Existant
,Parahealth,Parapharmacie,Formel,Parahealth,33.5751784,-7.6370672,,Existant
,Grande Pharmacie de Liebonne,Parapharmacie,Formel,Grande Pharmacie de Liebonne,33.5752543,-7.6136027,,Existant
,Pharmacie Des Facultes,Parapharmacie,Formel,Pharmacie Des Facultes,33.5721987,-7.6190963,,Existant
,Pharmacie Al Boudour,Parapharmacie,Formel,Pharmacie Al Boudour,33.5794383,-7.6174131,,Existant
,Pharmacie Sefrou,Parapharmacie,Formel,Pharmacie Sefrou,33.5438202,-7.5859161,,Existant
,,Parapharmacie,Formel,,33.5456958,-7.5868911,,Existant
,Pharmacie des Halles,Parapharmacie,Formel,Pharmacie des Halles,33.5899022,-7.5961058,,Existant
,Pharmacie SoulaÏma,Parapharmacie,Formel,Pharmacie SoulaÏma,33.5435565,-7.6157114,,Existant
,Pharmacie Jordins Polo,Parapharmacie,Formel,Pharmacie Jordins Polo,33.5526591,-7.6183212,,Existant
,Para Pharmacie Safir,Parapharmacie,Formel,Para Pharmacie Safir,33.5946835,-7.6086337,,Existant
,Pharmacie Al Irchad,Parapharmacie,Formel,Pharmacie Al Irchad,33.5390462,-7.5843832,,Existant
,Pharmacie du Mechouar,Parapharmacie,Formel,Pharmacie du Mechouar,33.5858356,-7.6042986,,Existant
,,Parapharmacie,Formel,,33.5876142,-7.6034148,,Existant
,Pharmacie des Dalias,Parapharmacie,Formel,Pharmacie des Dalias,33.5504763,-7.6156577,,Existant
,,Parapharmacie,Formel,,33.5524523,-7.6072799,,Existant
,Pharmacie Californie,Parapharmacie,Formel,Pharmacie Californie,33.5499945,-7.6209672,,Existant
,Pharmacie L'Ermitage,Parapharmacie,Formel,Pharmacie L'Ermitage,33.5659379,-7.6207003,,Existant
,Pharmacie Ibork,Parapharmacie,Formel,Pharmacie Ibork,33.5629073,-7.6282936,,Existant
,Pharmacie Les Cygnes,Parapharmacie,Formel,Pharmacie Les Cygnes,33.5596374,-7.6297139,,Existant
,Pharmacie Tontonville,Parapharmacie,Formel,Pharmacie Tontonville,33.5660541,-7.6234536,,Existant
,Pharmacie Anoual,Parapharmacie,Formel,Pharmacie Anoual,33.5688143,-7.6174629,,Existant
,Pharmacie El Mostakbal,Parapharmacie,Formel,Pharmacie El Mostakbal,33.5365344,-7.5929314,,Existant
,Pharmacie Al Andalib,Parapharmacie,Formel,Pharmacie Al Andalib,33.5324166,-7.5862741,,Existant
,Pharmacie Rania,Parapharmacie,Formel,Pharmacie Rania,33.5307571,-7.6120415,,Existant
,,Parapharmacie,Formel,,33.5702401,-7.609828,,Existant
,,Parapharmacie,Formel,,33.5696479,-7.621973,,Existant
,Pharmacie Derb Bouchemtouf,Parapharmacie,Formel,Pharmacie Derb Bouchemtouf,33.570016,-7.6073007,,Existant
,Pharmacie Annajat,Parapharmacie,Formel,Pharmacie Annajat,33.5338504,-7.5979699,,Existant
,Pharmacie TAH,Parapharmacie,Formel,Pharmacie TAH,33.5265614,-7.6018001,,Existant
,Pharmacie El Baraka (2),Parapharmacie,Formel,Pharmacie El Baraka (2),33.5237379,-7.6003417,,Existant
,Pharmacie Chriea,Parapharmacie,Formel,Pharmacie Chriea,33.5346519,-7.6060447,,Existant
,Parapharmacie,Parapharmacie,Formel,Parapharmacie,33.5688612,-7.6037226,,Existant
,,Parapharmacie,Formel,,33.5720101,-7.6060005,,Existant
,,Parapharmacie,Formel,,33.5701362,-7.6040693,,Existant
,Pharmacie Lumieres,Parapharmacie,Formel,Pharmacie Lumieres,33.538698,-7.6008727,,Existant
,Pharmacie Val d'Anfa,Parapharmacie,Formel,Pharmacie Val d'Anfa,33.5884615,-7.6432986,,Existant
,Pharmacie Pitchou,Parapharmacie,Formel,Pharmacie Pitchou,33.5658508,-7.6071055,,Existant
,Pharmacie Moumen,Parapharmacie,Formel,Pharmacie Moumen,33.5632246,-7.6070821,,Existant
,Pharmacie El Fida,Parapharmacie,Formel,Pharmacie El Fida,33.5674957,-7.6059669,,Existant
,Pharmacie M,Parapharmacie,Formel,Pharmacie M,33.5576503,-7.6449408,,Existant
,Pharmacie Oulmes,Parapharmacie,Formel,Pharmacie Oulmes,33.572076,-7.6486409,,Existant
,Pharmacie Azerktouni,Parapharmacie,Formel,Pharmacie Azerktouni,33.5836391,-7.6128348,,Existant
,Pharmacie Ben J'Dia,Parapharmacie,Formel,Pharmacie Ben J'Dia,33.5852279,-7.6084761,,Existant
,Pharmacie Quincaillerie Khalie,Parapharmacie,Formel,Pharmacie Quincaillerie Khalie,33.5852111,-7.6099433,,Existant
,,Parapharmacie,Formel,,33.5842972,-7.608574,,Existant
,Pharmacie Lamoriciere,Parapharmacie,Formel,Pharmacie Lamoriciere,33.5857775,-7.6186109,,Existant
,,Parapharmacie,Formel,,33.5951203,-7.6210892,,Existant
,Pharmacie Hatim,Parapharmacie,Formel,Pharmacie Hatim,33.5895212,-7.6172255,,Existant
,,Parapharmacie,Formel,,33.5924504,-7.6136528,,Existant
,,Parapharmacie,Formel,,33.5924795,-7.6134932,,Existant
,Grande Pharmacie de Paris,Parapharmacie,Formel,Grande Pharmacie de Paris,33.595585,-7.6148357,,Existant
,Grand Pharmacie Du Maroc,Parapharmacie,Formel,Grand Pharmacie Du Maroc,33.5928275,-7.6070351,,Existant
,,Parapharmacie,Formel,,33.5893755,-7.6080979,,Existant
,Majestic Drugstore,Parapharmacie,Formel,Majestic Drugstore,33.5911455,-7.6134483,,Existant
,Pharmacie de la Liberte,Parapharmacie,Formel,Pharmacie de la Liberte,33.5918762,-7.6162505,,Existant
,Pharmacie Des Archers,Parapharmacie,Formel,Pharmacie Des Archers,33.591922,-7.6157677,,Existant
,Pharmacie de la Poste,Parapharmacie,Formel,Pharmacie de la Poste,33.5927163,-7.6177713,,Existant
,Parapharmacie Para Bio,Parapharmacie,Formel,Parapharmacie Para Bio,33.5858502,-7.6212287,,Existant
,Pharmacie du Maârif,Parapharmacie,Formel,Pharmacie du Maârif,33.5811164,-7.6342629,,Existant
,Pharmacie Nadir,Parapharmacie,Formel,Pharmacie Nadir,33.5534202,-7.6452908,,Existant
,Pharmacie Morsad,Parapharmacie,Formel,Pharmacie Morsad,33.5156391,-7.6383841,,Existant
,Pharmacie Hay Bouchaa,Parapharmacie,Formel,Pharmacie Hay Bouchaa,33.517588,-7.6406653,,Existant
,Pharmacie ADA,Parapharmacie,Formel,Pharmacie ADA,33.5870031,-7.63157,,Existant
,Pharmacie Les Arènes صيدلية الميادين,Parapharmacie,Formel,Pharmacie Les Arènes صيدلية الميادين,33.5891514,-7.6350358,,Existant
,Pharmacie Universelle,Parapharmacie,Formel,Pharmacie Universelle,33.5808158,-7.6346035,,Existant
,Pharmacie Chaabi,Parapharmacie,Formel,Pharmacie Chaabi,33.5817616,-7.6370624,,Existant
,Pharmacie Hyper,Parapharmacie,Formel,Pharmacie Hyper,33.5858775,-7.6454385,,Existant
,Pharmacie Usivera Santi,Parapharmacie,Formel,Pharmacie Usivera Santi,33.5785377,-7.6428232,,Existant
,Pharmacie Al Mawlid,Parapharmacie,Formel,Pharmacie Al Mawlid,33.5746454,-7.6482694,,Existant
,Parapharmacie,Parapharmacie,Formel,Parapharmacie,33.5821107,-7.6394758,,Existant
,Pharmacie Socrate,Parapharmacie,Formel,Pharmacie Socrate,33.5781734,-7.6479355,,Existant
,Pharmacie Mandarona,Parapharmacie,Formel,Pharmacie Mandarona,33.5314513,-7.6483177,,Existant
,Pharmacie Rabii Al Moustakbal,Parapharmacie,Formel,Pharmacie Rabii Al Moustakbal,33.5306861,-7.645437,,Existant
,Pharmacie Tassnime,Parapharmacie,Formel,Pharmacie Tassnime,33.5279265,-7.6458621,,Existant
,,Parapharmacie,Formel,,33.5256402,-7.6451661,,Existant
,,Parapharmacie,Formel,,33.5333026,-7.6470939,,Existant
,Pharmacie Saber,Parapharmacie,Formel,Pharmacie Saber,33.5336413,-7.6483807,,Existant
,Pharamacie Florida,Parapharmacie,Formel,Pharamacie Florida,33.5377271,-7.6442018,,Existant
,Pharmacie Les Bureaux,Parapharmacie,Formel,Pharmacie Les Bureaux,33.5399829,-7.6444271,,Existant
,Pharmacie Yacoub El Mansour,Parapharmacie,Formel,Pharmacie Yacoub El Mansour,33.5753644,-7.6416698,,Existant
,Pharmacie Narjis,Parapharmacie,Formel,Pharmacie Narjis,33.5734403,-7.6449046,,Existant
,Pharmacie du Jura صيدلية جورا,Parapharmacie,Formel,Pharmacie du Jura صيدلية جورا,33.5838594,-7.6373593,,Existant
,,Parapharmacie,Formel,,33.6000192,-7.637562,,Existant
,,Parapharmacie,Formel,,33.5990643,-7.6196099,,Existant
,Pharmacie Lina,Parapharmacie,Formel,Pharmacie Lina,33.5193641,-7.6448467,,Existant
,Pharmacie Oum El Kheir,Parapharmacie,Formel,Pharmacie Oum El Kheir,33.5216085,-7.6432172,,Existant
,صيدلية لاجيروند,Parapharmacie,Formel,صيدلية لاجيروند,33.5838442,-7.599537,,Existant
,صيدلية حي النصر 2,Parapharmacie,Formel,صيدلية حي النصر 2,33.5341105,-7.5570706,,Existant
,Pharmacie El Mzabyine صيدلية المزابيين,Parapharmacie,Formel,Pharmacie El Mzabyine صيدلية المزابيين,33.5146151,-7.5904222,,Existant
,Para & Pharmacie Vélodrome,Parapharmacie,Formel,Para & Pharmacie Vélodrome,33.5914391,-7.6409462,,Existant
,Pharmacie Taha Houssine,Parapharmacie,Formel,Pharmacie Taha Houssine,33.5632216,-7.5910097,,Existant
,Parapharmacie Ibn Rochd,Parapharmacie,Formel,Parapharmacie Ibn Rochd,33.5808565,-7.6224722,,Existant
,Pharmacie Maurice Gaud,Parapharmacie,Formel,Pharmacie Maurice Gaud,33.5787585,-7.6214762,,Existant
,Pharmacie Les Lilas صيدلية ليلج,Parapharmacie,Formel,Pharmacie Les Lilas صيدلية ليلج,33.5791919,-7.6240387,,Existant
,Pharmacie Jawad,Parapharmacie,Formel,Pharmacie Jawad,33.5712168,-7.5594241,,Existant
,صيدلية التوحيد,Parapharmacie,Formel,صيدلية التوحيد,33.5709384,-7.5512541,,Existant
,Pharmacie Lina,Parapharmacie,Formel,Pharmacie Lina,33.5791635,-7.6032787,,Existant
,Para & Pharmacie Ziraoui صيدلية الزيراوي,Parapharmacie,Formel,Para & Pharmacie Ziraoui صيدلية الزيراوي,33.5955386,-7.6325736,,Existant
,pharmacie anbar,Parapharmacie,Formel,pharmacie anbar,33.5617131,-7.5987122,,Existant
,Pharmacie Nisrine,Parapharmacie,Formel,Pharmacie Nisrine,33.5664666,-7.572924,,Existant
,Pharmacy des generation,Parapharmacie,Formel,Pharmacy des generation,33.5960236,-7.6278348,,Existant
,Pharmacy assim,Parapharmacie,Formel,Pharmacy assim,33.5749092,-7.6026912,,Existant
,FHARMACIE DERB TOLBA,Parapharmacie,Formel,FHARMACIE DERB TOLBA,33.5708542,-7.5975232,,Existant
,Pharmacy mdiouna,Parapharmacie,Formel,Pharmacy mdiouna,33.5691338,-7.5958052,,Existant
,Para Godza,Parapharmacie,Formel,Para Godza,33.5701332,-7.6016622,,Existant
,Pharmacy Al Hoda,Parapharmacie,Formel,Pharmacy Al Hoda,33.5705185,-7.609777,,Existant
,Pharmacy & Para Chawi,Parapharmacie,Formel,Pharmacy & Para Chawi,33.5718536,-7.598381,,Existant
,Pharmacy 15 Ramadan,Parapharmacie,Formel,Pharmacy 15 Ramadan,33.5870056,-7.6080818,,Existant
,,Parapharmacie,Formel,,33.594167,-7.6113267,,Existant
,,Parapharmacie,Formel,,33.5947843,-7.6130662,,Existant
,,Parapharmacie,Formel,,33.6039137,-7.6335898,,Existant
,,Parapharmacie,Formel,,33.5764674,-7.6040215,,Existant
,,Parapharmacie,Formel,,33.5859544,-7.6165399,,Existant
,,Parapharmacie,Formel,,33.579046,-7.6059801,,Existant
,,Parapharmacie,Formel,,33.5900961,-7.6142756,,Existant
,Pharmacie wato صيدلية واطو,Parapharmacie,Formel,Pharmacie wato صيدلية واطو,33.5745662,-7.6303973,,Existant
,Pharmacie Kheops,Parapharmacie,Formel,Pharmacie Kheops,33.5886829,-7.6383703,,Existant
,Pharmacie des Champions - صيدلية الأبطال,Parapharmacie,Formel,Pharmacie des Champions - صيدلية الأبطال,33.5816075,-7.6436672,,Existant
,Pharmacie du Phare,Parapharmacie,Formel,Pharmacie du Phare,33.5932456,-7.6432234,,Existant
,Pharmacie Danton,Parapharmacie,Formel,Pharmacie Danton,33.5803173,-7.6375599,,Existant
,,Parapharmacie,Formel,,33.5784386,-7.6248457,,Existant
,,Parapharmacie,Formel,,33.5340268,-7.6359191,,Existant
,Pharmacie & Para Care Oasis,Parapharmacie,Formel,Pharmacie & Para Care Oasis,33.5550878,-7.6318495,,Existant
,Pharmacie Aymane,Parapharmacie,Formel,Pharmacie Aymane,33.5745137,-7.6368484,,Existant
,Pharmacie de l'Oasis,Parapharmacie,Formel,Pharmacie de l'Oasis,33.5564078,-7.6340383,,Existant
,Pâtisserie Al Barakata,Boutique de confiserie,Informel,Pâtisserie Al Barakata,33.5922717,-7.6058871,,Existant
,Petite épicerie,Boutique de confiserie,Informel,Petite épicerie,33.5947218,-7.6333943,,Existant
,,Boutique de confiserie,Informel,,33.575546,-7.6463768,,Existant
,Carrefour Casablanca,Supermarché,Formel,Casablanca,33.5731,-7.5898,,Existant
,Marjane Casablanca,Supermarché,Formel,Casablanca,33.5731,-7.5898,,Existant
,BIM Casablanca,Supermarché,Formel,Casablanca,33.5731,-7.5898,,Existant
,Acima Casablanca,Supermarché,Formel,Casablanca,33.5731,-7.5898,,Existant
,LabelVie Casablanca,Supermarché,Formel,Casablanca,33.5731,-7.5898,,Existant
,Paul Casablanca,Restaurant,Formel,Casablanca,33.5731,-7.5898,,Existant
,McDonald's Casablanca,Restaurant,Formel,Casablanca,33.5731,-7.5898,,Existant
,KFC Casablanca,Restaurant,Formel,Casablanca,33.5731,-7.5898,,Existant
,Brioche Dorée Casablanca,Restaurant,Formel,Casablanca,33.5731,-7.5898,,Existant
,Domino's Pizza Casablanca,Restaurant,Formel,Casablanca,33.5731,-7.5898,,Existant
,Starbucks Casablanca,Restaurant,Formel,Casablanca,33.5731,-7.5898,,Existant
,Subway Casablanca,Restaurant,Formel,Casablanca,33.5731,-7.5898,,Existant
,Pizza Hut Casablanca,Restaurant,Formel,Casablanca,33.5731,-7.5898,,Existant
,Auchan Casablanca,Supermarché,Formel,Casablanca,33.5731,-7.5898,,Existant
,La Vie Claire Casablanca,Restaurant,Formel,Casablanca,33.5731,-7.5898,,Existant
,Amoud Casablanca,Restaurant,Formel,Casablanca,33.5731,-7.5898,,Existant
