Zone,Nom,Catégorie,Statut,Adresse,Latitude,Longitude,Image
Ancienne Medina,La Bodega,Restaurant,Formel,"Rue Allal Ben Abdellah, Casablanca",33.5952195,-7.6115725,icons/restaurant.png
Ancienne Medina,La Sqala,Restaurant,Formel,"Boulevard des Almohades, Casablanca",33.6028481,-7.619212,icons/restaurant.png
Assoukhour Assawda,Pizza Hut,Restaurant,Formel,Pizza Hut,33.5928474,-7.597267,icons/restaurant.png
Palmiers,Parapharmacie sans nom,Parapharmacie,Formel,Parapharmacie sans nom,33.5821087,-7.6265575,icons/pharmacy.png
Californie,Marjane,Supermarché,Formel,Marjane,33.5446703,-7.639958,icons/supermarket.png
Gauthier,Restaurant sans nom,Restaurant,Formel,Restaurant sans nom,33.5896864,-7.6265742,icons/restaurant.png
Bourgogne,Chez Pépé,Restaurant,Formel,Chez Pépé,33.595533,-7.6454829,icons/restaurant.png
Dar Bouazza,Supérette / Mini-market sans nom,Supérette / Mini-market,Formel,Supérette / Mini-market sans nom,33.5278671,-7.7940568,icons/convenience.png
Dar Bouazza,Café sans nom,Café,Formel,Café sans nom,33.5357372,-7.7936277,icons/cafe.png
Dar Bouazza,BIM,Supérette / Mini-market,Formel,BIM,33.5339039,-7.7936384,icons/convenience.png
Arrondissement d'Aïn Sebaâ,khalid ibn oualid,Parapharmacie,Formel,khalid ibn oualid,33.6000497,-7.5450991,icons/pharmacy.png
Ancienne Medina,Supérette / Mini-market sans nom,Supérette / Mini-market,Formel,Supérette / Mini-market sans nom,33.6004234,-7.6172703,icons/convenience.png
Ancienne Medina,Restaurant sans nom,Restaurant,Formel,Restaurant sans nom,33.5999101,-7.6174265,icons/restaurant.png
Mers Sultan,Au 19 Heure,Café,Formel,Au 19 Heure,33.5827625,-7.6112767,icons/cafe.png
Préfecture d'arrondissement de Hay Hassani,pharmacie wifak,Parapharmacie,Formel,pharmacie wifak,33.5598715,-7.6919901,icons/pharmacy.png
Préfecture d'arrondissement de Hay Hassani,Pharmacie Ahmed,Parapharmacie,Formel,Pharmacie Ahmed,33.5574213,-7.6902715,icons/pharmacy.png
Dar Bouazza,Sunset cafe,Café,Formel,Sunset cafe,33.5339844,-7.7940679,icons/cafe.png
Assoukhour Assawda,Maeva,Café,Formel,Maeva,33.5957256,-7.5933532,icons/cafe.png
Riviera,Parapharmacie sans nom,Parapharmacie,Formel,Parapharmacie sans nom,33.5545488,-7.6399358,icons/pharmacy.png
L'Oasis,Dalal,Parapharmacie,Formel,Rue de Vanneaux,33.5545398,-7.6360392,icons/pharmacy.png
Assoukhour Assawda,Antouki,Boulangerie,Formel,Antouki,33.5937563,-7.5970471,icons/bakery.png
Assoukhour Assawda,Café sans nom,Café,Formel,Café sans nom,33.5924515,-7.5954887,icons/cafe.png
Assoukhour Assawda,Café sans nom,Café,Formel,Café sans nom,33.5923666,-7.595596,icons/cafe.png
Assoukhour Assawda,Café sans nom,Café,Formel,Café sans nom,33.594621,-7.5934475,icons/cafe.png
Assoukhour Assawda,Sampione,Café,Formel,Sampione,33.5928563,-7.5971409,icons/cafe.png
Assoukhour Assawda,Café sans nom,Café,Formel,Café sans nom,33.5926705,-7.5961807,icons/cafe.png
Assoukhour Assawda,Mahboub محبوب,Restaurant,Formel,Mahboub محبوب,33.5921991,-7.5923586,icons/restaurant.png
Assoukhour Assawda,Amoud,Boulangerie,Formel,Amoud,33.5938837,-7.596119,icons/bakery.png
Assoukhour Assawda,Snack Essaada,Restaurant,Formel,"Boulevard Émile Zola, Casablanca",33.5936543,-7.5974637,icons/restaurant.png
Assoukhour Assawda,Paradisio,Restaurant,Formel,Boulevard Émile Zola,33.5938278,-7.5969183,icons/restaurant.png
Assoukhour Assawda,Café sans nom,Café,Formel,Café sans nom,33.5920315,-7.5973448,icons/cafe.png
Assoukhour Assawda,Café sans nom,Café,Formel,Café sans nom,33.592036,-7.5975808,icons/cafe.png
Assoukhour Assawda,Pharmacie du conseil,Parapharmacie,Formel,Boulevards Mohammed 5,33.5920672,-7.5950193,icons/pharmacy.png
Assoukhour Assawda,Café sans nom,Café,Formel,Café sans nom,33.5916786,-7.5917569,icons/cafe.png
Assoukhour Assawda,Café sans nom,Café,Formel,Café sans nom,33.5921344,-7.6002863,icons/cafe.png
Assoukhour Assawda,Restaurant sans nom,Restaurant,Formel,Restaurant sans nom,33.5905168,-7.5955656,icons/restaurant.png
Assoukhour Assawda,Café sans nom,Café,Formel,Café sans nom,33.5909904,-7.5975933,icons/cafe.png
Assoukhour Assawda,Café sans nom,Café,Formel,Café sans nom,33.5915356,-7.5918427,icons/cafe.png
Assoukhour Assawda,Café sans nom,Café,Formel,Café sans nom,33.5914194,-7.59195,icons/cafe.png
Assoukhour Assawda,Venezia Ice,Café,Formel,Venezia Ice,33.5944312,-7.5954315,icons/cafe.png
Assoukhour Assawda,Parapharmacie sans nom,Parapharmacie,Formel,Parapharmacie sans nom,33.5941095,-7.5965151,icons/pharmacy.png
Assoukhour Assawda,Café sans nom,Café,Formel,Café sans nom,33.5906061,-7.595469,icons/cafe.png
Assoukhour Assawda,Café sans nom,Café,Formel,Café sans nom,33.5910262,-7.5924971,icons/cafe.png
Assoukhour Assawda,Kiosque sans nom,Kiosque,Informel,Kiosque sans nom,33.5911175,-7.5924051,icons/kiosk.png
Assoukhour Assawda,Acima,Supermarché,Formel,Boulevard Emile Zola,33.5945384,-7.595292,icons/supermarket.png
Assoukhour Assawda,Alhana,Café,Formel,Alhana,33.5900564,-7.5931006,icons/cafe.png
Assoukhour Assawda,Café de la gare,Café,Formel,Café de la gare,33.5899952,-7.5905952,icons/cafe.png
Assoukhour Assawda,Café sans nom,Café,Formel,Café sans nom,33.5909815,-7.591435,icons/cafe.png
Assoukhour Assawda,Bellevue,Café,Formel,Bellevue,33.5906508,-7.5928083,icons/cafe.png
Riviera,Parapharmacie sans nom,Parapharmacie,Formel,Parapharmacie sans nom,33.5637163,-7.6355448,icons/pharmacy.png
Sour Jdid,Supérette / Mini-market sans nom,Supérette / Mini-market,Formel,Supérette / Mini-market sans nom,33.5966384,-7.628025,icons/convenience.png
Sour Jdid,Supérette / Mini-market sans nom,Supérette / Mini-market,Formel,Supérette / Mini-market sans nom,33.596692,-7.6297201,icons/convenience.png
Sour Jdid,Boulangerie sans nom,Boulangerie,Formel,Boulangerie sans nom,33.5971969,-7.6284702,icons/bakery.png
Sour Jdid,Supérette / Mini-market sans nom,Supérette / Mini-market,Formel,Supérette / Mini-market sans nom,33.5966429,-7.6296397,icons/convenience.png
Sour Jdid,Supérette / Mini-market sans nom,Supérette / Mini-market,Formel,Supérette / Mini-market sans nom,33.5960083,-7.627848,icons/convenience.png
Sour Jdid,Jus Bordeaux,Café,Formel,Jus Bordeaux,33.5969487,-7.6279619,icons/cafe.png
Sour Jdid,Supérette / Mini-market sans nom,Supérette / Mini-market,Formel,Supérette / Mini-market sans nom,33.5971612,-7.628353,icons/convenience.png
Sour Jdid,Parapharmacie sans nom,Parapharmacie,Formel,Parapharmacie sans nom,33.5959681,-7.6276825,icons/pharmacy.png
Sour Jdid,Monsieur Brochette,Restaurant,Formel,Monsieur Brochette,33.5949185,-7.6271531,icons/restaurant.png
Sour Jdid,Mamelouk Café,Restaurant,Formel,Mamelouk Café,33.5962988,-7.6304773,icons/restaurant.png
Sour Jdid,Café Splendeur,Café,Formel,Boulevard Ziraoui شارع الزيراوي,33.5962469,-7.6313052,icons/cafe.png
Sour Jdid,Supérette / Mini-market sans nom,Supérette / Mini-market,Formel,Supérette / Mini-market sans nom,33.5965848,-7.6302949,icons/convenience.png
Arrondissement d'Anfa,Marjane,Supermarché,Formel,Marjane,33.5746919,-7.7081046,icons/supermarket.png
Ain Diab,Carrefour Market,Supermarché,Formel,Carrefour Market,33.5771567,-7.6741813,icons/supermarket.png
Préfecture d'arrondissement de Hay Hassani,boulangerie Itrane,Boulangerie,Formel,boulangerie Itrane,33.5766048,-7.6732212,icons/bakery.png
راسين,Luigi,Restaurant,Formel,Rue Ibnou Yaala Al Ifrani زنقة إبن يلعى الإفراني,33.5882356,-7.6398452,icons/restaurant.png
راسين,Supermarché Mamoun,Supermarché,Formel,Rue Normandie زنقة نورماندي,33.5879309,-7.6393934,icons/supermarket.png
Arrondissement d'Aïn-Chock,Restaurant grillades au top,Café,Formel,Restaurant grillades au top,33.5111856,-7.6105369,icons/cafe.png
Bouskoura,Supérette / Mini-market sans nom,Supérette / Mini-market,Formel,Supérette / Mini-market sans nom,33.5101793,-7.6077293,icons/convenience.png
Bouskoura,Café sans nom,Café,Formel,Café sans nom,33.5102423,-7.6078169,icons/cafe.png
Arrondissement d'Aïn-Chock,Supérette / Mini-market sans nom,Supérette / Mini-market,Formel,Supérette / Mini-market sans nom,33.5110067,-7.6104565,icons/convenience.png
Arrondissement d'Aïn-Chock,Restaurant sans nom,Restaurant,Formel,Restaurant sans nom,33.5109396,-7.6103706,icons/restaurant.png
Bouskoura,Restaurant sans nom,Restaurant,Formel,Restaurant sans nom,33.5100315,-7.6077605,icons/restaurant.png
Ancienne Medina,Alba Fast Food,Restaurant,Formel,Alba Fast Food,33.5930113,-7.6171532,icons/restaurant.png
Ancienne Medina,Cafe Black Stone,Café,Formel,Cafe Black Stone,33.5951697,-7.610295,icons/cafe.png
Cité Plateau,Café Ghandi,Café,Formel,Café Ghandi,33.5656336,-7.6379599,icons/cafe.png
Arrondissement de Sidi Belyout,Don Camilo,Restaurant,Formel,"Rue Abou Rakrak, Casablanca",33.587649,-7.612959,icons/restaurant.png
Ancienne Medina,Rick's Cafe,Restaurant,Formel,"Boulevard Sour Jdid, Casablanca",33.604995,-7.620406,icons/restaurant.png
Ancienne Medina,Bonne mie,Boulangerie,Formel,Boulevard de la Liberté,33.5868905,-7.6118985,icons/bakery.png
Sour Jdid,ماكدونالدز,Restaurant,Formel,"Boulevard Ziraoui, Casablanca",33.594793,-7.6331748,icons/restaurant.png
Sour Jdid,Supérette / Mini-market sans nom,Supérette / Mini-market,Formel,Supérette / Mini-market sans nom,33.5957716,-7.6275422,icons/convenience.png
Val d'Anfa,Marjane Market,Supermarché,Formel,Boulevard de Bourgogne شارع بوركون,33.594818,-7.6515874,icons/supermarket.png
راسين,Carrefour Gourmet,Supermarché,Formel,Avenue Ahmed Charci شارع أحمد الشرسي,33.5908121,-7.6462218,icons/supermarket.png
راسين,Paul,Boulangerie,Formel,Avenue Moulay Rachid شارع مولاي رشيد,33.5880534,-7.6453209,icons/bakery.png
Bourgogne,Parapharmacie sans nom,Parapharmacie,Formel,Parapharmacie sans nom,33.6034834,-7.6424795,icons/pharmacy.png
El Hank,Oussama,Boulangerie,Formel,Oussama,33.5929622,-7.6395733,icons/bakery.png
Habous ⵍⵃⵓⴱⵓⵙ الحبوس,Pâtisserie Bennis,Boulangerie,Formel,Rue du Fqih al Abbas,33.5779601,-7.6054449,icons/bakery.png
Arrondissement de Sidi Belyout,Restaurant du Port,Restaurant,Formel,Restaurant du Port,33.6015279,-7.6144679,icons/restaurant.png
Assoukhour Assawda,Hachmi,Supermarché,Formel,Hachmi,33.6022232,-7.5788395,icons/supermarket.png
Dar Bouazza,Natty Natty,Café,Formel,Natty Natty,33.527602,-7.8065487,icons/cafe.png
Anfa Supérieur,Carrefour,Supermarché,Formel,Boulevard de la Corniche شارع الكورنيش,33.5981369,-7.6644676,icons/supermarket.png
Sour Jdid,Lugano Glacier,Café,Formel,Lugano Glacier,33.5942402,-7.6376222,icons/cafe.png
Arrondissement d'Aïn-Chock,Pharmacie al Adarissa,Parapharmacie,Formel,Pharmacie al Adarissa,33.5111741,-7.6482559,icons/pharmacy.png
Arrondissement d'Aïn-Chock,Café Galatina,Café,Formel,Café Galatina,33.5100873,-7.6507181,icons/cafe.png
Sidi Maârouf,caffé Grandi,Café,Formel,caffé Grandi,33.5200648,-7.651763,icons/cafe.png
Sidi Maârouf,Valencia,Café,Formel,Valencia,33.5289904,-7.6487632,icons/cafe.png
Sidi Maârouf,Havana,Café,Formel,Havana,33.5285902,-7.6489134,icons/cafe.png
Arrondissement de Sidi Othmane,Abbatoir,Épicerie,Informel,Abbatoir,33.5479159,-7.5502365,icons/greengrocer.png
Mohammédia,Café sans nom,Café,Formel,Café sans nom,33.696202,-7.3878652,icons/cafe.png
Mohammédia,Café sans nom,Café,Formel,Café sans nom,33.6963046,-7.3880422,icons/cafe.png
Mohammédia,sirage,Boulangerie,Formel,sirage,33.696273,-7.387636,icons/bakery.png
Mohammédia,Boulangerie sans nom,Boulangerie,Formel,Boulangerie sans nom,33.6971685,-7.3890429,icons/bakery.png
Arrondissement de Sidi Belyout,Restaurant Ostrea,Restaurant,Formel,Restaurant Ostrea,33.6018149,-7.614031,icons/restaurant.png
Ancienne Medina,Supérette / Mini-market sans nom,Supérette / Mini-market,Formel,Supérette / Mini-market sans nom,33.5992194,-7.6137934,icons/convenience.png
El Hank,Restaurant sans nom,Restaurant,Formel,Restaurant sans nom,33.6076996,-7.6555825,icons/restaurant.png
El Hank,Le Cabestan,Restaurant,Formel,Le Cabestan,33.6080257,-7.6553304,icons/restaurant.png
Val d'Anfa,Restaurant sans nom,Restaurant,Formel,Restaurant sans nom,33.6014266,-7.6604266,icons/restaurant.png
Val d'Anfa,Lebanese Restaurant,Restaurant,Formel,Lebanese Restaurant,33.6007855,-7.6603997,icons/restaurant.png
Mohammédia,Supermarché EL Alia,Supermarché,Formel,Supermarché EL Alia,33.6896168,-7.3884825,icons/supermarket.png
Mohammédia,Boulangerie Kasbah,Boulangerie,Formel,Boulangerie Kasbah,33.6992164,-7.3889805,icons/bakery.png
Mohammédia,Aswak assalam,Supermarché,Formel,Aswak assalam,33.6882876,-7.4001937,icons/supermarket.png
Mohammédia,Café,Café,Formel,Café,33.6996806,-7.3898974,icons/cafe.png
Arrondissement de Sidi Othmane,Café Domani,Café,Formel,Café Domani,33.5620309,-7.5591609,icons/cafe.png
Arrondissement de Sidi Othmane,Pharmacie Lahraouine صيدلية الهراويين,Parapharmacie,Formel,Pharmacie Lahraouine صيدلية الهراويين,33.5606836,-7.5527375,icons/pharmacy.png
Arrondissement de Sidi Othmane,Pharmacie le Théâtre صيدلية المسرح,Parapharmacie,Formel,Pharmacie le Théâtre صيدلية المسرح,33.5633186,-7.5543957,icons/pharmacy.png
Anfa Supérieur,Café Ghurub الغروب,Café,Formel,Café Ghurub الغروب,33.5936334,-7.6790181,icons/cafe.png
Anfa Supérieur,Luigi,Restaurant,Formel,Luigi,33.5966434,-7.6750589,icons/restaurant.png
Ain Diab,Sijilmassa سجلماسة,Restaurant,Formel,Sijilmassa سجلماسة,33.590847,-7.6793633,icons/restaurant.png
Ain Diab,Nzaha,Café,Formel,Nzaha,33.589095,-7.6818777,icons/cafe.png
Ain Diab,O'palm,Café,Formel,O'palm,33.5886958,-7.6831655,icons/cafe.png
Les Princesses,Caffè Vernagno 1882,Café,Formel,Rue Attabari زنقة الطبري,33.5766221,-7.6481068,icons/cafe.png
Maârif Extension,Caniada,Café,Formel,Caniada,33.5835055,-7.6421257,icons/cafe.png
Maârif Extension,La Grillardière,Restaurant,Formel,Boulevard Bir Anzarane شارع بئر أنزران,33.5832948,-7.6418718,icons/restaurant.png
Maârif Extension,Café Arije,Café,Formel,Café Arije,33.5819086,-7.6432771,icons/cafe.png
Maârif Extension,Café les familles,Café,Formel,Café les familles,33.5819412,-7.6431848,icons/cafe.png
Maârif,ماكدونالدز,Restaurant,Formel,ماكدونالدز,33.5857871,-7.6349089,icons/restaurant.png
Maârif,taher,Boulangerie,Formel,taher,33.5836838,-7.6403528,icons/bakery.png
Maârif,Café le Bateau,Café,Formel,Café le Bateau,33.5798896,-7.6370591,icons/cafe.png
Maârif,Café Espace Mozart,Café,Formel,Café Espace Mozart,33.5801248,-7.6367203,icons/cafe.png
Maârif,pizzeria italian,Restaurant,Formel,pizzeria italian,33.5810317,-7.6370564,icons/restaurant.png
Gauthier,Class'dish,Restaurant,Formel,Class'dish,33.5900333,-7.6303903,icons/restaurant.png
Arrondissement de Sidi Othmane,BIM,Supermarché,Formel,BIM,33.5640326,-7.555968,icons/supermarket.png
Arrondissement de Sidi Belyout,Glacier Oliveri,Café,Formel,Glacier Oliveri,33.5848346,-7.622941,icons/cafe.png
Maârif Extension,Pharmacie des Prêles,Parapharmacie,Formel,Rue Brahim Nakhai,33.5778147,-7.6394176,icons/pharmacy.png
Maârif Extension,Café Agoustine,Café,Formel,Rue Al Ghadfa,33.5785797,-7.6401447,icons/cafe.png
Maârif Extension,Café Caldo,Café,Formel,Rue Al Fourat,33.579835,-7.640015,icons/cafe.png
Maârif Extension,Moumni,Restaurant,Formel,Rue Bussang,33.5806288,-7.6385468,icons/restaurant.png
Maârif Extension,Carrefour Market,Supermarché,Formel,Rue Al Fourate زنقة الفرات,33.5802189,-7.6409084,icons/supermarket.png
Maârif Extension,Pharmacie des Stades صيدلية الملاعب,Parapharmacie,Formel,"Rue Al Fourate زنقة الفرات, Casablanca ⵜⴰⴷⴷⴰⵔⵜ ⵜⵓⵎⵍⵉⵍⵜ الدار البيضاء",33.5802204,-7.6404866,icons/pharmacy.png
Maârif Extension,Café Céleste,Café,Formel,"Rue Al Mansour Al Abidi زنقة المنصور العابدي, Casablanca ⵜⴰⴷⴷⴰⵔⵜ ⵜⵓⵎⵍⵉⵍⵜ الدار البيضاء",33.5804839,-7.6412073,icons/cafe.png
Maârif Extension,CAP 3000,Café,Formel,"Rue Al Fourate زنقة الفرات, Casablanca ⵜⴰⴷⴷⴰⵔⵜ ⵜⵓⵎⵍⵉⵍⵜ الدار البيضاء",33.5806609,-7.6410259,icons/cafe.png
Sour Jdid,Café au Petit 'Maroc مقهى إلى المغرب الصغير,Café,Formel,Café au Petit 'Maroc مقهى إلى المغرب الصغير,33.5978903,-7.6344273,icons/cafe.png
Sour Jdid,Café Bidawa,Café,Formel,Café Bidawa,33.5985843,-7.6326802,icons/cafe.png
Sour Jdid,Pharmacie Moulay Youssef,Parapharmacie,Formel,Pharmacie Moulay Youssef,33.5984096,-7.632475,icons/pharmacy.png
Sour Jdid,BİM,Supermarché,Formel,BİM,33.5972247,-7.6346254,icons/supermarket.png
Sour Jdid,Diwan,Café,Formel,Diwan,33.5916481,-7.6351298,icons/cafe.png
Sour Jdid,Patisserie&Traiteur TAZI,Café,Formel,Patisserie&Traiteur TAZI,33.595696,-7.6301959,icons/cafe.png
Gauthier,Segafredo,Café,Formel,Segafredo,33.5922407,-7.6336602,icons/cafe.png
Gauthier,jardin de Rome,Café,Formel,jardin de Rome,33.5923237,-7.6319383,icons/cafe.png
Gauthier,cup's,Café,Formel,cup's,33.5930431,-7.629063,icons/cafe.png
Maârif,Le Noble,Café,Formel,"Rue Abou Abdellah Nafii, Casablanca ⵜⴰⴷⴷⴰⵔⵜ ⵜⵓⵎⵍⵉⵍⵜ الدار البيضاء",33.5860329,-7.6342615,icons/cafe.png
Sour Jdid,Garibaldi,Café,Formel,Garibaldi,33.601513,-7.6330486,icons/cafe.png
Sour Jdid,Pharmacie Tamaârouft,Parapharmacie,Formel,Pharmacie Tamaârouft,33.599213,-7.6354406,icons/pharmacy.png
CIL,Monsieur Brochettes,Restaurant,Formel,Monsieur Brochettes,33.5703274,-7.6663165,icons/restaurant.png
Sour Jdid,Chawarma Nour esham شاورما نور الشام,Restaurant,Formel,Chawarma Nour esham شاورما نور الشام,33.6011445,-7.634303,icons/restaurant.png
Maârif,Venezia Ice,Café,Formel,Venezia Ice,33.5866466,-7.6335102,icons/cafe.png
Californie,ماكدونالدز,Restaurant,Formel,ماكدونالدز,33.544386,-7.6403574,icons/restaurant.png
Arrondissement d'Aïn-Chock,Pizza Hut,Restaurant,Formel,Pizza Hut,33.5443065,-7.6413493,icons/restaurant.png
Sour Jdid,potchi,Restaurant,Formel,Bordeaux,33.5973488,-7.6273398,icons/restaurant.png
راسين,Libre Service Zaki,Supérette / Mini-market,Formel,Rue Michel Ange زنقة ميشبل أنج,33.5917672,-7.6383605,icons/convenience.png
راسين,Meet Up Coffee Pool,Café,Formel,Rue Michel Ange زنقة ميشبل أنج,33.5917023,-7.6383239,icons/cafe.png
راسين,India Palace,Restaurant,Formel,Rue Ahmed El Mokri زنقة أحمد المقري,33.5917889,-7.6391526,icons/restaurant.png
راسين,La Flèche d’Anfa,Café,Formel,Boulevard d'Anfa شارع أنفا,33.5904217,-7.6380902,icons/cafe.png
راسين,Pharmacie Les Iris صيدلية السوسن,Parapharmacie,Formel,Boulevard d'Anfa شارع أنفا,33.5900215,-7.638947,icons/pharmacy.png
Arrondissement d'Aïn-Chock,Petrom بتروم,Café,Formel,Petrom بتروم,33.5093888,-7.6308528,icons/cafe.png
Arrondissement de Sidi Moumen,La Passion,Café,Formel,La Passion,33.6117108,-7.4821246,icons/cafe.png
Sidi Bernoussi,Casa Bianca,Café,Formel,Casa Bianca,33.6144212,-7.4864283,icons/cafe.png
Sidi Bernoussi,Pharmacie Fath El Khair,Parapharmacie,Formel,Pharmacie Fath El Khair,33.6145513,-7.4871759,icons/pharmacy.png
Sidi Bernoussi,Golf Sud,Café,Formel,Golf Sud,33.6142458,-7.48762,icons/cafe.png
Sidi Bernoussi,Le Rital,Café,Formel,Le Rital,33.614251,-7.4876961,icons/cafe.png
Arrondissement de Sidi Moumen,New Town,Café,Formel,New Town,33.6117795,-7.4808035,icons/cafe.png
Arrondissement de Sidi Moumen,Pharmacie Kawnouka,Parapharmacie,Formel,Pharmacie Kawnouka,33.6116931,-7.480976,icons/pharmacy.png
Sour Jdid,BİM,Supermarché,Formel,BİM,33.6014315,-7.6346726,icons/supermarket.png
Sour Jdid,Chez Omar,Restaurant,Formel,Chez Omar,33.5974462,-7.635698,icons/restaurant.png
Sour Jdid,Seven 7 Days,Restaurant,Formel,Boulevard Mohamed Zerktouni,33.5970619,-7.6382193,icons/restaurant.png
راسين,La Toscana,Restaurant,Formel,Rue Abou Yaala Al Ifrani زنقة أبو يلعى الإفراني,33.5885888,-7.6385756,icons/restaurant.png
Arrondissement d'Aïn Sebaâ,Marjane,Supermarché,Formel,Marjane,33.595682,-7.531687,icons/supermarket.png
راسين,Pomme de Pain,Restaurant,Formel,Rue Ibnou Yaala Al Ifrani زنقة إبن يلعى الإفراني,33.588034,-7.6401077,icons/restaurant.png
Sour Jdid,Supermarché,Supermarché,Formel,Boulevard Moulay Youssef,33.601049,-7.632989,icons/supermarket.png
Maârif,KFC,Restaurant,Formel,"Rue El Kadi Iass زنقة القاضي إياس, Casablanca ⵜⴰⴷⴷⴰⵔⵜ ⵜⵓⵎⵍⵉⵍⵜ الدار البيضاء",33.5861117,-7.6368073,icons/restaurant.png
Derb Ghallef درب غلف,Café Pasteur,Café,Formel,Café Pasteur,33.5737657,-7.6245966,icons/cafe.png
Derb Ghallef درب غلف,pharmacie Charles Nicole,Parapharmacie,Formel,pharmacie Charles Nicole,33.5740142,-7.6248749,icons/pharmacy.png
Derb Ghallef درب غلف,café Etoile Plazza,Café,Formel,café Etoile Plazza,33.5740365,-7.6250894,icons/cafe.png
Derb Ghallef درب غلف,café Alice,Café,Formel,café Alice,33.5740455,-7.6252611,icons/cafe.png
Derb Ghallef درب غلف,café Gigi,Café,Formel,café Gigi,33.57405,-7.6253952,icons/cafe.png
Les Hôpitaux,Carrefour Market,Supermarché,Formel,Carrefour Market,33.5730326,-7.6198771,icons/supermarket.png
Les Hôpitaux,BİM,Supermarché,Formel,BİM,33.5729969,-7.6201882,icons/supermarket.png
L'Hermitage,café Vesal,Café,Formel,café Vesal,33.5728315,-7.6205101,icons/cafe.png
CIL,Cannelle,Café,Formel,Cannelle,33.572472,-7.6571393,icons/cafe.png
CIL,Araucaria اروكاريا,Parapharmacie,Formel,Araucaria اروكاريا,33.57097,-7.660369,icons/pharmacy.png
CIL,Supérette / Mini-market sans nom,Supérette / Mini-market,Formel,Supérette / Mini-market sans nom,33.5727535,-7.6565277,icons/convenience.png
CIL,"Nori, Restaurent Japonais",Restaurant,Formel,"Nori, Restaurent Japonais",33.5731692,-7.6567852,icons/restaurant.png
CIL,O'self,Supermarché,Formel,O'self,33.5733212,-7.6564955,icons/supermarket.png
CIL,Paul,Boulangerie,Formel,Paul,33.5735402,-7.6561522,icons/bakery.png
CIL,Long Champ,Parapharmacie,Formel,Long Champ,33.5727357,-7.6563829,icons/pharmacy.png
CIL,Tropy,Supermarché,Formel,Tropy,33.5737413,-7.6556158,icons/supermarket.png
CIL,Supérette / Mini-market sans nom,Supérette / Mini-market,Formel,Supérette / Mini-market sans nom,33.5732318,-7.6555836,icons/convenience.png
CIL,Kenza,Parapharmacie,Formel,Kenza,33.5718686,-7.6533037,icons/pharmacy.png
CIL,BİM,Supermarché,Formel,BİM,33.5708852,-7.6517909,icons/supermarket.png
CIL,Espace Coffee,Café,Formel,Espace Coffee,33.5711177,-7.6517212,icons/cafe.png
Les Hôpitaux,Pharmacie de la sécurité,Parapharmacie,Formel,Avenue Idriss 1er,33.5722341,-7.6226584,icons/pharmacy.png
L'Hermitage,Café Lily White,Café,Formel,Café Lily White,33.5715053,-7.6241079,icons/cafe.png
L'Hermitage,Café Soraya,Café,Formel,Café Soraya,33.5715156,-7.6244653,icons/cafe.png
L'Hermitage,La Brioche Dorée,Café,Formel,La Brioche Dorée,33.5693746,-7.6255745,icons/cafe.png
Ancienne Medina,Gelatino,Café,Formel,Rue Nationale,33.5936482,-7.6162016,icons/cafe.png
Ancienne Medina,Belhaj Fast Food,Restaurant,Formel,Belhaj Fast Food,33.5911922,-7.6260147,icons/restaurant.png
Ancienne Medina,La grotte du pêcheur,Restaurant,Formel,La grotte du pêcheur,33.5918245,-7.6266906,icons/restaurant.png
Ancienne Medina,Nouaima,Café,Formel,Nouaima,33.592001,-7.626468,icons/cafe.png
Ancienne Medina,Keykos,Restaurant,Formel,Keykos,33.5924545,-7.6270366,icons/restaurant.png
Maârif,Snack Bir Anzarane,Restaurant,Formel,Snack Bir Anzarane,33.580546,-7.6372562,icons/restaurant.png
Maârif,Snack Khatib,Restaurant,Formel,Snack Khatib,33.5808187,-7.6376854,icons/restaurant.png
Maârif,Snack Tahiri,Restaurant,Formel,Snack Tahiri,33.5808991,-7.637798,icons/restaurant.png
Maârif,Snack Moumni,Restaurant,Formel,Snack Moumni,33.5809483,-7.6377229,icons/restaurant.png
Maârif,Café Anfa,Café,Formel,Café Anfa,33.5813192,-7.6383988,icons/cafe.png
Maârif,Café O'kfé,Café,Formel,Café O'kfé,33.5816678,-7.6389138,icons/cafe.png
Mers Sultan,Baleno,Restaurant,Formel,Baleno,33.582573,-7.614684,icons/restaurant.png
Maârif,Tex Mex,Restaurant,Formel,Boulevard Al Massira Al Khadra شارع المسيرة الخضراء,33.5876523,-7.6434531,icons/restaurant.png
Sour Jdid,Café Mandela,Café,Formel,Café Mandela,33.6014368,-7.6336494,icons/cafe.png
Gauthier,Cups,Café,Formel,Cups,33.5926384,-7.6295335,icons/cafe.png
Sidi Othmane,Marjonel,Café,Formel,Marjonel,33.5583463,-7.5604482,icons/cafe.png
Sour Jdid,Restaurant sans nom,Restaurant,Formel,Restaurant sans nom,33.601239,-7.6360079,icons/restaurant.png
Ancienne Medina,ماكدونالدز,Restaurant,Formel,ماكدونالدز,33.5993306,-7.6126219,icons/restaurant.png
Ancienne Medina,ستاربكس,Café,Formel,ستاربكس,33.5995419,-7.6123798,icons/cafe.png
Assoukhour Assawda,Astoria,Café,Formel,Astoria,33.5941874,-7.5873723,icons/cafe.png
Assoukhour Assawda,Pharmacie Bahmad,Parapharmacie,Formel,Pharmacie Bahmad,33.5946576,-7.586858,icons/pharmacy.png
Arrondissement de Hay Mohammadi,Restaurant sans nom,Restaurant,Formel,Restaurant sans nom,33.5938761,-7.581693,icons/restaurant.png
Arrondissement de Hay Mohammadi,Snack Lachgar,Restaurant,Formel,Snack Lachgar,33.594038,-7.5812324,icons/restaurant.png
Assoukhour Assawda,Pharmacie Vie,Parapharmacie,Formel,Pharmacie Vie,33.5920721,-7.5895331,icons/pharmacy.png
Assoukhour Assawda,Café Iligh,Café,Formel,Café Iligh,33.5908419,-7.5907101,icons/cafe.png
Arrondissement de Hay Mohammadi,Snack chez Mostapha,Restaurant,Formel,Snack chez Mostapha,33.5940513,-7.5811487,icons/restaurant.png
Arrondissement de Hay Mohammadi,Chez Taha,Restaurant,Formel,Chez Taha,33.5940283,-7.5812601,icons/restaurant.png
Arrondissement de Hay Mohammadi,Snack Rajawi,Restaurant,Formel,Snack Rajawi,33.5940221,-7.58131,icons/restaurant.png
Arrondissement de Hay Mohammadi,Chez Ali,Restaurant,Formel,Chez Ali,33.5939994,-7.581368,icons/restaurant.png
Arrondissement de Hay Mohammadi,Achkid,Restaurant,Formel,Achkid,33.5940125,-7.5813312,icons/restaurant.png
Arrondissement de Hay Mohammadi,Ait agadir,Restaurant,Formel,Ait agadir,33.5939487,-7.5815033,icons/restaurant.png
Arrondissement de Hay Mohammadi,Ait toufawt,Restaurant,Formel,Ait toufawt,33.5939034,-7.5816157,icons/restaurant.png
Assoukhour Assawda,Café sans nom,Café,Formel,Café sans nom,33.593421,-7.5820873,icons/cafe.png
El Oulfa,Wardane,Café,Formel,Boulevard Oued Oum Rbia,33.5569778,-7.6827368,icons/cafe.png
El Oulfa,Omar Al Mokhtar,Boulangerie,Formel,Boulevard Oued Oum Rbia,33.5565963,-7.6824284,icons/bakery.png
El Oulfa,Babel,Café,Formel,Babel,33.5557009,-7.6827946,icons/cafe.png
Arrondissement de Hay Mohammadi,Snack Farah Behja,Restaurant,Formel,Snack Farah Behja,33.5940156,-7.5808973,icons/restaurant.png
Gauthier,La Grillardiere,Restaurant,Formel,La Grillardiere,33.5887094,-7.628123,icons/restaurant.png
Ancienne Medina,BlueBerry,Café,Formel,BlueBerry,33.5996574,-7.6122203,icons/cafe.png
Ancienne Medina,Caféino,Café,Formel,Caféino,33.5994386,-7.6125072,icons/cafe.png
Ancienne Medina,Segafredo,Café,Formel,Segafredo,33.5992366,-7.6127376,icons/cafe.png
Sour Jdid,Vitanature,Parapharmacie,Formel,"EL Brouge, Casablanca ⵜⴰⴷⴷⴰⵔⵜ ⵜⵓⵎⵍⵉⵍⵜ الدار البيضاء",33.6022202,-7.6342893,icons/pharmacy.png
Sour Jdid,Segafredo,Café,Formel,Segafredo,33.5917771,-7.627272,icons/cafe.png
Sour Jdid,Fratelli,Restaurant,Formel,Fratelli,33.5930227,-7.627037,icons/restaurant.png
Sour Jdid,La perle du liban,Restaurant,Formel,La perle du liban,33.5947844,-7.6282046,icons/restaurant.png
Sour Jdid,Café Glacier Rachidi,Café,Formel,Café Glacier Rachidi,33.5938662,-7.6283156,icons/cafe.png
Sour Jdid,Café Glacier de l'Oize,Café,Formel,Café Glacier de l'Oize,33.594726,-7.6274061,icons/cafe.png
Sour Jdid,Monsieur Brochettes,Restaurant,Formel,Monsieur Brochettes,33.5948135,-7.6274321,icons/restaurant.png
Sour Jdid,Café glacier Casa Anfa,Café,Formel,Café glacier Casa Anfa,33.5953965,-7.6263675,icons/cafe.png
Sour Jdid,Café La cabane,Café,Formel,Café La cabane,33.5955168,-7.6265613,icons/cafe.png
Ancienne Medina,Restaurant King Burger,Restaurant,Formel,Restaurant King Burger,33.5953217,-7.6256267,icons/restaurant.png
Sour Jdid,Café Madrid,Café,Formel,Café Madrid,33.5954404,-7.6264835,icons/cafe.png
Sidi Othmane,BİM,Supermarché,Formel,BİM,33.557744,-7.559864,icons/supermarket.png
Assoukhour Assawda,Protectron Maroc,Supermarché,Formel,Avenue Ouled Ziane,33.5835673,-7.596623,icons/supermarket.png
Assoukhour Assawda,Alegria,Café,Formel,"Boulevard Hassan Alaoui, Casablanca",33.5838531,-7.5813298,icons/cafe.png
Assoukhour Assawda,Boulangerie-Pâtisserie Amanouz,Café,Formel,Boulangerie-Pâtisserie Amanouz,33.5846642,-7.5804276,icons/cafe.png
Assoukhour Assawda,Supermarche Bim,Supermarché,Formel,Supermarche Bim,33.5841994,-7.5826163,icons/supermarket.png
Assoukhour Assawda,Essalam Juice,Café,Formel,Essalam Juice,33.5852765,-7.5809747,icons/cafe.png
Assoukhour Assawda,Clivia Ice,Café,Formel,Clivia Ice,33.5853413,-7.581302,icons/cafe.png
Bourgogne,Sunset,Café,Formel,Sunset,33.5941228,-7.6443566,icons/cafe.png
Bourgogne,Le Local,Café,Formel,Le Local,33.5942483,-7.6434224,icons/cafe.png
Mers Sultan,Dominos Pizza,Restaurant,Formel,Dominos Pizza,33.5734363,-7.6116139,icons/restaurant.png
Mers Sultan,Amiga,Café,Formel,Amiga,33.5741004,-7.6148563,icons/cafe.png
Ancienne Medina,Café Karibo,Café,Formel,"Boulevard Rachidi, Casablanca",33.5924741,-7.6254288,icons/cafe.png
Ancienne Medina,Le passage,Café,Formel,Le passage,33.5941743,-7.6252608,icons/cafe.png
Sour Jdid,café le mirage,Café,Formel,café le mirage,33.5938975,-7.6283639,icons/cafe.png
Sour Jdid,San mimoun,Café,Formel,Boulevard Rachidi,33.5936871,-7.628102,icons/cafe.png
Sour Jdid,Café saphir bleu,Café,Formel,Café saphir bleu,33.5945113,-7.6281082,icons/cafe.png
Sour Jdid,Lora Café Restaurant,Café,Formel,Lora Café Restaurant,33.5943442,-7.6286229,icons/cafe.png
Domaine d'Anfa,Restaurant West Atlantic,Restaurant,Formel,Restaurant West Atlantic,33.5675139,-7.7095158,icons/restaurant.png
Ancienne Medina,ماكدونالدز,Restaurant,Formel,ماكدونالدز,33.5994718,-7.6127794,icons/restaurant.png
Sour Jdid,Restaurant sans nom,Restaurant,Formel,Restaurant sans nom,33.5927762,-7.6258481,icons/restaurant.png
Ancienne Medina,Gaugan,Café,Formel,Gaugan,33.5927658,-7.6242626,icons/cafe.png
Ancienne Medina,Restaurant sans nom,Restaurant,Formel,Restaurant sans nom,33.5930787,-7.6231024,icons/restaurant.png
Ancienne Medina,Restaurant Rouget de l'Isle,Restaurant,Formel,Restaurant Rouget de l'Isle,33.5926824,-7.6228688,icons/restaurant.png
Ancienne Medina,Alae,Restaurant,Formel,Rue d'Alger,33.5934314,-7.6240699,icons/restaurant.png
Ancienne Medina,BİM,Supermarché,Formel,BİM,33.5939838,-7.6244925,icons/supermarket.png
Ancienne Medina,Faraj,Café,Formel,Faraj,33.593897,-7.6251899,icons/cafe.png
Ancienne Medina,Kalinka,Restaurant,Formel,Kalinka,33.5942124,-7.6249351,icons/restaurant.png
Sour Jdid,12 Cool,Restaurant,Formel,12 Cool,33.5930752,-7.6271159,icons/restaurant.png
Sour Jdid,Bistronome,Restaurant,Formel,Bistronome,33.5930876,-7.6267545,icons/restaurant.png
Sour Jdid,Rachidi,Café,Formel,Rachidi,33.5930352,-7.6266798,icons/cafe.png
Arrondissement d'Aïn-Chock,Pharmacie Sidi Maârouf,Parapharmacie,Formel,Boulevard Abu Baker El Kadiri,33.5136433,-7.6555237,icons/pharmacy.png
Sidi Maârouf,Café Lkarma,Café,Formel,Café Lkarma,33.5148297,-7.6557369,icons/cafe.png
Ancienne Medina,Oukaimeden,Restaurant,Formel,Boulevard du 11 Janvier,33.5911393,-7.6150735,icons/restaurant.png
Derb Ghallef درب غلف,Pharmacie Ad Doha,Parapharmacie,Formel,Boulevard Stendhal,33.5700253,-7.6363369,icons/pharmacy.png
Cité Plateau,Parapharmacie sans nom,Parapharmacie,Formel,Parapharmacie sans nom,33.5671784,-7.636642,icons/pharmacy.png
Cité Plateau,Pharmacie Annajd,Parapharmacie,Formel,Pharmacie Annajd,33.5700455,-7.6346257,icons/pharmacy.png
Ancienne Medina,Café De France,Café,Formel,Café De France,33.5954385,-7.617482,icons/cafe.png
Ancienne Medina,Grande Pharmacie Commerciale,Parapharmacie,Formel,Grande Pharmacie Commerciale,33.5956684,-7.6172472,icons/pharmacy.png
Ancienne Medina,ماكدونالدز,Restaurant,Formel,ماكدونالدز,33.5955437,-7.6173451,icons/restaurant.png
Ancienne Medina,KFC,Restaurant,Formel,KFC,33.595602,-7.6174129,icons/restaurant.png
Ancienne Medina,Le Cardinal,Restaurant,Formel,Le Cardinal,33.5956364,-7.6171591,icons/restaurant.png
Ancienne Medina,Snack Addou Maddou,Restaurant,Formel,Snack Addou Maddou,33.5932039,-7.6186518,icons/restaurant.png
Ancienne Medina,Restaurant les Arcades,Restaurant,Formel,Restaurant les Arcades,33.5935525,-7.6185955,icons/restaurant.png
Ancienne Medina,Café Odissea,Café,Formel,Café Odissea,33.5940836,-7.6183033,icons/cafe.png
Ancienne Medina,Café Vogue,Café,Formel,Café Vogue,33.5945042,-7.6183755,icons/cafe.png
Ancienne Medina,Pharmacie des écoles,Parapharmacie,Formel,Pharmacie des écoles,33.5944226,-7.6184008,icons/pharmacy.png
Ancienne Medina,kiosque de presse,Kiosque,Informel,kiosque de presse,33.5944114,-7.6183525,icons/kiosk.png
Ancienne Medina,Euro Snack,Restaurant,Formel,Euro Snack,33.5944851,-7.6183927,icons/restaurant.png
Ancienne Medina,La Taverne du Dauphin,Restaurant,Formel,La Taverne du Dauphin,33.598736,-7.6151053,icons/restaurant.png
Sidi Maârouf,Total طوطال,Café,Formel,Total طوطال,33.5152721,-7.6553456,icons/cafe.png
Préfecture d'arrondissements de Ben M'sick,الخيمة,Restaurant,Formel,الخيمة,33.5501035,-7.5808439,icons/restaurant.png
Préfecture d'arrondissements de Ben M'sick,Bim,Supérette / Mini-market,Formel,Bim,33.5530459,-7.5897091,icons/convenience.png
Préfecture d'arrondissements de Ben M'sick,Café sans nom,Café,Formel,Café sans nom,33.5516288,-7.5880864,icons/cafe.png
Sour Jdid,BİM,Supermarché,Formel,BİM,33.5957829,-7.628286,icons/supermarket.png
Sour Jdid,Carrefour Market,Supermarché,Formel,Boulevard Ziraoui شارع الزيراوي,33.597148,-7.6294045,icons/supermarket.png
Anfa Supérieur,Little Barton's,Restaurant,Formel,Little Barton's,33.5997377,-7.6650484,icons/restaurant.png
Les Hôpitaux,Acima Mers Sultan,Supermarché,Formel,"Avenue 2 Mars, Casablanca ⵜⴰⴷⴷⴰⵔⵜ ⵜⵓⵎⵍⵉⵍⵜ الدار البيضاء",33.5761212,-7.6156344,icons/supermarket.png
Maârif,Shawarmer,Restaurant,Formel,Shawarmer,33.5814102,-7.6392523,icons/restaurant.png
Moulay Rachid,L'étudiant,Café,Formel,L'étudiant,33.5664433,-7.5429261,icons/cafe.png
Ancienne Medina,Casa José,Restaurant,Formel,Casa José,33.5978725,-7.615386,icons/restaurant.png
Arrondissement de Mers Sultan,Aswak Assalam,Supermarché,Formel,Casablanca,33.5808385,-7.5928561,icons/supermarket.png
Assoukhour Assawda,Epicerie El Aarbi,Supérette / Mini-market,Formel,Epicerie El Aarbi,33.6008471,-7.5796349,icons/convenience.png
El Oulfa,Landoud Madjine ⵍⵓⵏⴹⵓⵏ ⵎⵥⵥⵉⵏ لنضون مجين,Café,Formel,Landoud Madjine ⵍⵓⵏⴹⵓⵏ ⵎⵥⵥⵉⵏ لنضون مجين,33.5609838,-7.6704245,icons/cafe.png
El Oulfa,Café Kasmou ⴽⵓⵚⵎⵓ مقهى كصمو,Café,Formel,Café Kasmou ⴽⵓⵚⵎⵓ مقهى كصمو,33.5602328,-7.670564,icons/cafe.png
El Oulfa,Pharmacie Jamai ⵍⵊⴰⵎⵄⵉ صيدلية الجامعي,Parapharmacie,Formel,Pharmacie Jamai ⵍⵊⴰⵎⵄⵉ صيدلية الجامعي,33.5582659,-7.6707464,icons/pharmacy.png
El Oulfa,Porte Mansour ⴱⴰⴱ ⵎⵏⵚⵓⵕ باب منصور,Restaurant,Formel,Porte Mansour ⴱⴰⴱ ⵎⵏⵚⵓⵕ باب منصور,33.5592404,-7.6699846,icons/restaurant.png
Mohammédia,Bim,Supermarché,Formel,Bim,33.6849709,-7.37293,icons/supermarket.png
Mohammédia,Bim,Supermarché,Formel,Bim,33.6927071,-7.3844652,icons/supermarket.png
Mohammédia,Loueloua,Boulangerie,Formel,Loueloua,33.6936722,-7.3780112,icons/bakery.png
Mohammédia,La vivelle,Café,Formel,La vivelle,33.69384,-7.3776269,icons/cafe.png
Mohammédia,Bim,Supermarché,Formel,Bim,33.6930466,-7.3801889,icons/supermarket.png
Mohammédia,label vie,Supermarché,Formel,label vie,33.6980362,-7.39079,icons/supermarket.png
Mohammédia,café les 4 saisons,Café,Formel,café les 4 saisons,33.6947441,-7.3908792,icons/cafe.png
Mohammédia,Pharmacie La Colline صيدلية لاكولين,Parapharmacie,Formel,Mohammedia,33.6950989,-7.372396,icons/pharmacy.png
Sour Jdid,Pharmacie du Lycée,Parapharmacie,Formel,Pharmacie du Lycée,33.5972022,-7.6348484,icons/pharmacy.png
Mohammédia,Pharmacie Ibn Sina صيدلية ابن سينا,Parapharmacie,Formel,Mohammedia,33.692378,-7.385159,icons/pharmacy.png
N/A,café,Café,Formel,café,33.6871214,-7.3419913,icons/cafe.png
N/A,Parapharmacie sans nom,Parapharmacie,Formel,Parapharmacie sans nom,33.6878824,-7.3420845,icons/pharmacy.png
N/A,épicerie,Supérette / Mini-market,Formel,épicerie,33.6848071,-7.339496,icons/convenience.png
Mohammédia,bim,Supermarché,Formel,bim,33.6997354,-7.3805154,icons/supermarket.png
N/A,Café,Café,Formel,Café,33.6872479,-7.3419238,icons/cafe.png
N/A,Parapharmacie sans nom,Parapharmacie,Formel,Parapharmacie sans nom,33.685479,-7.3431512,icons/pharmacy.png
N/A,Supermarché,Supermarché,Formel,Supermarché,33.6854314,-7.3433859,icons/supermarket.png
N/A,Café مقهى,Café,Formel,Café مقهى,33.6852486,-7.3412312,icons/cafe.png
Sour Jdid,Centre Artisanal,Supérette / Mini-market,Formel,Centre Artisanal,33.5997833,-7.6371617,icons/convenience.png
Oulad Azzouz,Restaurant sans nom,Restaurant,Formel,Restaurant sans nom,33.4786769,-7.7555362,icons/restaurant.png
Oulad Azzouz,C3004638 Société Sogefam Sarl,Café,Formel,C3004638 Société Sogefam Sarl,33.4785639,-7.755813,icons/cafe.png
Assoukhour Assawda,Le Lys,Café,Formel,Le Lys,33.5914444,-7.594961,icons/cafe.png
Sour Jdid,Tacos de Lyon,Restaurant,Formel,Tacos de Lyon,33.6007185,-7.6341062,icons/restaurant.png
Sour Jdid,Face Cafe,Café,Formel,Face Cafe,33.6006767,-7.635819,icons/cafe.png
Sour Jdid,Restaurant sans nom,Restaurant,Formel,Restaurant sans nom,33.6010327,-7.6359116,icons/restaurant.png
Arrondissement de Sidi Othmane,The voice,Café,Formel,The voice,33.5635411,-7.5568378,icons/cafe.png
Sour Jdid,Café sans nom,Café,Formel,Café sans nom,33.5970886,-7.635439,icons/cafe.png
Gauthier,Bistrot Chic,Restaurant,Formel,Bistrot Chic,33.5884913,-7.6273923,icons/restaurant.png
Gauthier,Noiraud,Boulangerie,Formel,Noiraud,33.5890683,-7.6294477,icons/bakery.png
Gauthier,Belle d'Anfa,Café,Formel,Belle d'Anfa,33.5896085,-7.6276965,icons/cafe.png
Gauthier,El Mansour,Boulangerie,Formel,El Mansour,33.5894314,-7.6292808,icons/bakery.png
Gauthier,Salsa,Restaurant,Formel,Rue Taha Hussein,33.5887791,-7.6282292,icons/restaurant.png
Gauthier,Sojou,Restaurant,Formel,Sojou,33.589095,-7.6297476,icons/restaurant.png
Gauthier,Blend,Restaurant,Formel,"Rue Théophile Gauthier, Casablanca",33.5886833,-7.6319196,icons/restaurant.png
Gauthier,Le Yeel's,Café,Formel,Le Yeel's,33.5900878,-7.6303874,icons/cafe.png
Gauthier,BİM,Supermarché,Formel,BİM,33.5891579,-7.6310019,icons/supermarket.png
Assoukhour Assawda,Restaurant sans nom,Restaurant,Formel,Restaurant sans nom,33.5926821,-7.594293,icons/restaurant.png
Préfecture d'arrondissements de Ben M'sick,Marché Salmia 2,Supermarché,Formel,Marché Salmia 2,33.5386572,-7.5532235,icons/supermarket.png
Arrondissement d'Aïn Sebaâ,Pharmacie Marjane Ain Sebaa,Parapharmacie,Formel,Centre Commercial Marjane Ain Sebaa,33.5962524,-7.5321201,icons/pharmacy.png
Les Hôpitaux,Pharmacie de L´Hopital,Parapharmacie,Formel,Boulevard Mohamed Zerktouni,33.5829423,-7.6181703,icons/pharmacy.png
Arrondissement de Sidi Belyout,Moumni Snack,Supérette / Mini-market,Formel,Rue Al Houdhoud,33.5832949,-7.6187043,icons/convenience.png
Arrondissement de Sidi Belyout,Khos,Restaurant,Formel,Rue Saad Ben Abi Waqqas,33.5840347,-7.6205679,icons/restaurant.png
Ancienne Medina,astoria,Café,Formel,astoria,33.5962813,-7.6168974,icons/cafe.png
Ancienne Medina,Chez Moi,Restaurant,Formel,Chez Moi,33.5948807,-7.6152623,icons/restaurant.png
Ancienne Medina,Restaurant sans nom,Restaurant,Formel,Restaurant sans nom,33.5974687,-7.6162533,icons/restaurant.png
Ancienne Medina,brasserie san jose,Restaurant,Formel,brasserie san jose,33.5978396,-7.6155008,icons/restaurant.png
Ancienne Medina,Pharmacie du Progrès,Parapharmacie,Formel,Rue Hommane Al Fatwaki,33.5946685,-7.6165845,icons/pharmacy.png
Ancienne Medina,La Chope,Café,Formel,La Chope,33.5942999,-7.6164602,icons/cafe.png
Ancienne Medina,Don Quichotte,Café,Formel,Don Quichotte,33.5970492,-7.6163612,icons/cafe.png
Ancienne Medina,isis,Café,Formel,isis,33.5950092,-7.6173804,icons/cafe.png
Ancienne Medina,Pita Mix,Restaurant,Formel,Pita Mix,33.5948491,-7.617455,icons/restaurant.png
Ancienne Medina,Eden Ice,Café,Formel,Eden Ice,33.5947705,-7.6170384,icons/cafe.png
Ancienne Medina,bazar touristes,Restaurant,Formel,bazar touristes,33.598505,-7.6151557,icons/restaurant.png
Ancienne Medina,Le Maroc,Café,Formel,Le Maroc,33.5999428,-7.6140803,icons/cafe.png
Ancienne Medina,BMI,Supermarché,Formel,BMI,33.5972407,-7.6152396,icons/supermarket.png
Ancienne Medina,Montréal,Café,Formel,Montréal,33.5945485,-7.6155381,icons/cafe.png
Ancienne Medina,Poulet AFC,Restaurant,Formel,Poulet AFC,33.5942483,-7.6156179,icons/restaurant.png
Ancienne Medina,Nasma,Café,Formel,Nasma,33.5945946,-7.6157947,icons/cafe.png
Ancienne Medina,La Petite Perle,Café,Formel,La Petite Perle,33.594108,-7.6156948,icons/cafe.png
Ancienne Medina,Au Clair de Lune,Café,Formel,Au Clair de Lune,33.5944909,-7.6134185,icons/cafe.png
Préfecture d'arrondissement de Hay Hassani,Pharmacie Derb Nejma صيدلية درب النجمة,Parapharmacie,Formel,Pharmacie Derb Nejma صيدلية درب النجمة,33.5746216,-7.6764933,icons/pharmacy.png
Ancienne Medina,Asia,Restaurant,Formel,Asia,33.5991745,-7.6130528,icons/restaurant.png
Ancienne Medina,Caza Ameal,Café,Formel,Caza Ameal,33.5952468,-7.616121,icons/cafe.png
Ancienne Medina,Ôgi Souchi,Restaurant,Formel,Ôgi Souchi,33.599424,-7.6141726,icons/restaurant.png
Ancienne Medina,El Barocco Time,Restaurant,Formel,El Barocco Time,33.5954492,-7.6163427,icons/restaurant.png
Ancienne Medina,agarta,Café,Formel,agarta,33.5987015,-7.6149462,icons/cafe.png
Ancienne Medina,Big Star,Restaurant,Formel,Big Star,33.5951835,-7.6150805,icons/restaurant.png
Ancienne Medina,Pharmacie La Bourse,Parapharmacie,Formel,Pharmacie La Bourse,33.5944684,-7.6131681,icons/pharmacy.png
Ancienne Medina,Pralinor,Boulangerie,Formel,Pralinor,33.5997154,-7.6125438,icons/bakery.png
El Oulfa,Café Lurizia,Café,Formel,Café Lurizia,33.5635742,-7.674377,icons/cafe.png
Arrondissement de Sidi Belyout,Café Glacier EGO,Café,Formel,Rue Zerhoune,33.5849588,-7.61423,icons/cafe.png
Anfa Supérieur,Le Pilotis,Restaurant,Formel,Boulevard de la Corniche,33.596662,-7.6734143,icons/restaurant.png
El Oulfa,Café Bybal,Café,Formel,Zanqat 12,33.5646373,-7.6741411,icons/cafe.png
El Oulfa,Café Free Times,Café,Formel,Café Free Times,33.5669433,-7.6729512,icons/cafe.png
Préfecture d'arrondissement de Hay Hassani,boulangerie ÔMAR,Boulangerie,Formel,boulangerie ÔMAR,33.5718358,-7.6750549,icons/bakery.png
Mers Sultan,Cafe May,Café,Formel,Rue d'Arcachon,33.5859992,-7.6045843,icons/cafe.png
Assoukhour Assawda,Bim,Supermarché,Formel,Bim,33.5905784,-7.5928946,icons/supermarket.png
Assoukhour Assawda,Café de l'Arrivée,Café,Formel,Café de l'Arrivée,33.5896275,-7.5920967,icons/cafe.png
Assoukhour Assawda,Mamounia,Parapharmacie,Formel,Mamounia,33.5901779,-7.5930535,icons/pharmacy.png
Assoukhour Assawda,Restaurant de la Place / Le Voyageur,Restaurant,Formel,Restaurant de la Place / Le Voyageur,33.5897214,-7.592208,icons/restaurant.png
Assoukhour Assawda,Snack Le Départ,Restaurant,Formel,Snack Le Départ,33.5896722,-7.5921423,icons/restaurant.png
Maârif Extension,Pharmacie Romandie,Parapharmacie,Formel,Pharmacie Romandie,33.5865126,-7.6481439,icons/pharmacy.png
Arrondissement de Sidi Belyout,Café Dubois,Café,Formel,Rue Nouakchout,33.5876158,-7.6138836,icons/cafe.png
Arrondissement de Sidi Belyout,Café Yasmina,Café,Formel,Boulevard d'Alsace,33.5856704,-7.6133866,icons/cafe.png
Arrondissement de Sidi Belyout,Chez Abed,Supérette / Mini-market,Formel,Boulevard d'Alsace,33.5858232,-7.611757,icons/convenience.png
Arrondissement de Sidi Belyout,Jus Rosenheim,Café,Formel,Jus Rosenheim,33.5857277,-7.6119478,icons/cafe.png
Ancienne Medina,La Colina,Café,Formel,La Colina,33.588729,-7.6162319,icons/cafe.png
Ancienne Medina,La Perle Blanche,Café,Formel,Boulevard de la Liberté,33.5860749,-7.6114696,icons/cafe.png
Ancienne Medina,Les Gémaux,Café,Formel,Boulevard de la Liberté,33.5871751,-7.6120277,icons/cafe.png
Ancienne Medina,Patisserie,Boulangerie,Formel,Boulevard de la Liberté,33.5856763,-7.6112943,icons/bakery.png
Ancienne Medina,Pharmacie Nouvelle,Parapharmacie,Formel,Boulevard de la Liberté,33.5873194,-7.6121157,icons/pharmacy.png
Ancienne Medina,Puerto Rico,Restaurant,Formel,Puerto Rico,33.5896015,-7.6149002,icons/restaurant.png
Arrondissement de Sidi Belyout,Supérette / Mini-market sans nom,Supérette / Mini-market,Formel,Boulevard de la Liberté,33.584753,-7.6108485,icons/convenience.png
Arrondissement de Sidi Belyout,Supérette / Mini-market sans nom,Supérette / Mini-market,Formel,Boulevard de la Liberté,33.5848631,-7.6108948,icons/convenience.png
Arrondissement de Sidi Belyout,Restaurant sans nom,Restaurant,Formel,Boulevard de la Liberté,33.584881,-7.6109069,icons/restaurant.png
Arrondissement de Sidi Belyout,Café sans nom,Café,Formel,Boulevard de la Liberté,33.5849083,-7.6109257,icons/cafe.png
Arrondissement de Sidi Belyout,Supérette / Mini-market sans nom,Supérette / Mini-market,Formel,Boulevard d'Alsace,33.5855528,-7.6128631,icons/convenience.png
Arrondissement de Sidi Belyout,Supérette / Mini-market sans nom,Supérette / Mini-market,Formel,Supérette / Mini-market sans nom,33.5857737,-7.6123614,icons/convenience.png
Ancienne Medina,Boulangerie sans nom,Boulangerie,Formel,Boulevard de la Liberté,33.5856949,-7.6113032,icons/bakery.png
Arrondissement de Sidi Belyout,Restaurant sans nom,Restaurant,Formel,Boulevard d'Alsace,33.5857233,-7.611442,icons/restaurant.png
Arrondissement de Sidi Belyout,Restaurant sans nom,Restaurant,Formel,Boulevard d'Alsace,33.5857267,-7.6113568,icons/restaurant.png
Arrondissement de Sidi Belyout,Épicerie sans nom,Épicerie,Informel,Boulevard d'Alsace,33.585769,-7.6124983,icons/greengrocer.png
Arrondissement de Sidi Belyout,Supérette / Mini-market sans nom,Supérette / Mini-market,Formel,Boulevard d'Alsace,33.5858386,-7.6115699,icons/convenience.png
Arrondissement de Sidi Belyout,Café sans nom,Café,Formel,Boulevard d'Alsace,33.5858704,-7.6114546,icons/cafe.png
Ancienne Medina,Parapharmacie sans nom,Parapharmacie,Formel,Boulevard de la Liberté,33.5859743,-7.6114307,icons/pharmacy.png
Ancienne Medina,Paseo Pizza & Grill,Restaurant,Formel,Boulevard de la Liberté,33.5872685,-7.6120735,icons/restaurant.png
Ancienne Medina,Café sans nom,Café,Formel,Boulevard de la Liberté,33.5875331,-7.6122448,icons/cafe.png
Ancienne Medina,Café sans nom,Café,Formel,Boulevard du 11 Janvier,33.5884774,-7.6127839,icons/cafe.png
Ancienne Medina,Supermarché sans nom,Supermarché,Formel,Boulevard du 11 Janvier,33.5886673,-7.6130079,icons/supermarket.png
Les Hôpitaux,Martello,Café,Formel,Boulevard Mohamed Zerktouni,33.5827185,-7.6174892,icons/cafe.png
Ancienne Medina,Awafi,Restaurant,Formel,Boulevard de Paris,33.5916822,-7.6149169,icons/restaurant.png
Ancienne Medina,Café O'Joe,Café,Formel,Café O'Joe,33.594084,-7.6131607,icons/cafe.png
Ancienne Medina,Supérette / Mini-market sans nom,Supérette / Mini-market,Formel,Supérette / Mini-market sans nom,33.593054,-7.6140391,icons/convenience.png
Ancienne Medina,Café sans nom,Café,Formel,Café sans nom,33.5942571,-7.6124982,icons/cafe.png
Ancienne Medina,Café Jasmine,Café,Formel,Rue de Karachi,33.592787,-7.6062993,icons/cafe.png
Casa Anfa,Bounit,Boulangerie,Formel,Bounit,33.5649081,-7.6688676,icons/bakery.png
Sour Jdid,Pomme de Pain Ziraoui,Restaurant,Formel,Pomme de Pain Ziraoui,33.5936551,-7.6352553,icons/restaurant.png
Ancienne Medina,La Bavaroise,Restaurant,Formel,La Bavaroise,33.5952135,-7.6113257,icons/restaurant.png
Mohammédia,Hanout salah et mohammed,Supermarché,Formel,Boulevard de Sebta,33.6960822,-7.385975,icons/supermarket.png
El Oulfa,Al Anbar العنبر,Café,Formel,Avenue Mohamed Taib Naciri,33.5489722,-7.67964,icons/cafe.png
Ancienne Medina,Restaurant Le Nouveau Dragon,Restaurant,Formel,Rue de la Chaouia,33.5956652,-7.6125814,icons/restaurant.png
Sidi Bernoussi,Café Bravo,Café,Formel,Casablanca,33.6143776,-7.4888131,icons/cafe.png
Sidi Bernoussi,Snack Pizzeria Bella Maria,Restaurant,Formel,Casablanca,33.6155331,-7.4843667,icons/restaurant.png
Sidi Bernoussi,Pharmacie Ennakhil,Parapharmacie,Formel,Pharmacie Ennakhil,33.6159579,-7.484088,icons/pharmacy.png
Sidi Bernoussi,Café Africana,Café,Formel,Casablanca,33.6202172,-7.4872601,icons/cafe.png
Arrondissement de Sidi Moumen,BIM,Supermarché,Formel,BIM,33.5925748,-7.4882884,icons/supermarket.png
Arrondissement de Sidi Moumen,BIM,Supermarché,Formel,BIM,33.5935945,-7.49564,icons/supermarket.png
Mohammédia,Aromabalsam,Parapharmacie,Formel,Boulevard Al Horriya,33.6875631,-7.3876789,icons/pharmacy.png
Maârif,PA-NOS,Restaurant,Formel,"Rue El KASR, Maarif, Casablanca",33.5860673,-7.6311157,icons/restaurant.png
Arrondissement de Sidi Moumen,BIM,Supermarché,Formel,BIM,33.6039372,-7.4892783,icons/supermarket.png
Préfecture d'arrondissement de Hay Hassani,Ghiwan,Café,Formel,Ghiwan,33.538861,-7.6796506,icons/cafe.png
Maârif Extension,Auriga,Café,Formel,Auriga,33.5837685,-7.6438721,icons/cafe.png
Sidi Bernoussi,BIM بيم,Supermarché,Formel,Casablanca,33.6205532,-7.4870931,icons/supermarket.png
Ancienne Medina,Misbah Salam,Restaurant,Formel,Misbah Salam,33.5918899,-7.6159496,icons/restaurant.png
Arrondissement de Sidi Belyout,Restaurant sans nom,Restaurant,Formel,Boulevard Mohamed Zerktouni,33.5835849,-7.62396,icons/restaurant.png
El Oulfa,Boulangerie sans nom,Boulangerie,Formel,Boulangerie sans nom,33.5495429,-7.6798641,icons/bakery.png
El Oulfa,leopardi ليوباردي,Café,Formel,Boulevard Oued Sebou,33.551528,-7.6817191,icons/cafe.png
El Oulfa,snack aljanoub سناك الجنوب,Restaurant,Formel,snack aljanoub سناك الجنوب,33.5508438,-7.6840863,icons/restaurant.png
Maârif,Burger King,Restaurant,Formel,"Rue Abou Assalt Andaloussi, Casablanca ⵜⴰⴷⴷⴰⵔⵜ ⵜⵓⵎⵍⵉⵍⵜ الدار البيضاء",33.5858529,-7.6369436,icons/restaurant.png
El Oulfa,Boulangerie sans nom,Boulangerie,Formel,Boulangerie sans nom,33.5499168,-7.6794976,icons/bakery.png
Préfecture d'arrondissement de Hay Hassani,nafoura النافورة,Café,Formel,nafoura النافورة,33.5467357,-7.6815776,icons/cafe.png
Préfecture d'arrondissement de Hay Hassani,pizzeria chahdia بيتزيريا الشهدية,Restaurant,Formel,pizzeria chahdia بيتزيريا الشهدية,33.5469052,-7.6818002,icons/restaurant.png
Préfecture d'arrondissement de Hay Hassani,amira أميرة,Restaurant,Formel,amira أميرة,33.5465427,-7.6818691,icons/restaurant.png
El Oulfa,boulangerie chahdia مخبزة الشهدية,Boutique de confiserie,Informel,boulangerie chahdia مخبزة الشهدية,33.5473567,-7.6814653,icons/confectionery.png
Arrondissement d'Al Fida,McDonald's,Restaurant,Formel,Boulevard Mohamed VI,33.5623474,-7.5941062,icons/restaurant.png
Assoukhour Assawda,Carrefour des Saveurs,Restaurant,Formel,Carrefour des Saveurs,33.595159,-7.5913872,icons/restaurant.png
Sour Jdid,Supérette / Mini-market sans nom,Supérette / Mini-market,Formel,Supérette / Mini-market sans nom,33.6013825,-7.6346063,icons/convenience.png
Gauthier,Restaurant sans nom,Restaurant,Formel,Restaurant sans nom,33.589393,-7.6315688,icons/restaurant.png
Sour Jdid,Supérette / Mini-market sans nom,Supérette / Mini-market,Formel,Supérette / Mini-market sans nom,33.5998131,-7.6344641,icons/convenience.png
Sour Jdid,Café sans nom,Café,Formel,Café sans nom,33.6001046,-7.6344252,icons/cafe.png
Les Princesses,Espace Tifawine,Restaurant,Formel,Espace Tifawine,33.5861039,-7.6489235,icons/restaurant.png
Gauthier,Pharmacie de Picardie,Parapharmacie,Formel,Pharmacie de Picardie,33.5889637,-7.6306057,icons/pharmacy.png
Gauthier,Economat du professeur,Supermarché,Formel,Economat du professeur,33.5882331,-7.6310778,icons/supermarket.png
Arrondissement des Roches noires,Café Romantique,Café,Formel,Café Romantique,33.5740209,-7.5819074,icons/cafe.png
Arrondissement de Sidi Moumen,Pizzeria starpate,Restaurant,Formel,Pizzeria starpate,33.6042711,-7.4918255,icons/restaurant.png
Sour Jdid,Zineb,Café,Formel,Zineb,33.6007115,-7.6332406,icons/cafe.png
Anfa Supérieur,ستاربكس,Café,Formel,Boulevard de la Corniche,33.5981399,-7.6647762,icons/cafe.png
Arrondissement d'Anfa,ستاربكس,Café,Formel,ستاربكس,33.576784,-7.7059305,icons/cafe.png
Anfa Supérieur,La Storia,Restaurant,Formel,Boulevard Kennedy شارع كينيدي,33.5946859,-7.6679576,icons/restaurant.png
Anfa Supérieur,Paul,Boulangerie,Formel,Boulevard de la Corniche شارع الكورنيش,33.598856,-7.6644368,icons/bakery.png
Anfa Supérieur,Costa,Café,Formel,Boulevard de la Corniche,33.5984634,-7.6645137,icons/cafe.png
Sour Jdid,La bel blanc,Restaurant,Formel,Rue oulad teima,33.5973686,-7.6363743,icons/restaurant.png
El Oulfa,Diamant bleu الجوهرة الزرقاء,Café,Formel,Boulevard Oued Sebou,33.5514099,-7.6821065,icons/cafe.png
Gauthier,O'lichi,Restaurant,Formel,Boulevard d'Anfa,33.591863,-7.6345249,icons/restaurant.png
Dar Bouazza,Restaurant sans nom,Restaurant,Formel,Restaurant sans nom,33.5157081,-7.8568521,icons/restaurant.png
Mers Sultan,Carrefour,Supermarché,Formel,Carrefour,33.5844973,-7.6080134,icons/supermarket.png
Dar Bouazza,Restaurant sans nom,Restaurant,Formel,Restaurant sans nom,33.5154818,-7.8573192,icons/restaurant.png
Dar Bouazza,Restaurant sans nom,Restaurant,Formel,Restaurant sans nom,33.5153208,-7.8577304,icons/restaurant.png
Ancienne Medina,Restaurant sans nom,Restaurant,Formel,Restaurant sans nom,33.5909334,-7.616296,icons/restaurant.png
Val d'Anfa,Restaurant sans nom,Restaurant,Formel,Restaurant sans nom,33.6011409,-7.6602991,icons/restaurant.png
Val d'Anfa,Café sans nom,Café,Formel,Café sans nom,33.6014699,-7.6605284,icons/cafe.png
Gauthier,La Cantine de Charlotte,Restaurant,Formel,Rue Abou Hadil Allaf,33.5921096,-7.6288039,icons/restaurant.png
El Oulfa,Emilia,Café,Formel,Avenue Mohamed Taib Naciri,33.5481455,-7.6808525,icons/cafe.png
Ancienne Medina,Rouge et Blanc أحمر و ابيض,Restaurant,Formel,Avenue Lalla Yacout,33.5915512,-7.615164,icons/restaurant.png
Arrondissement d'Aïn-Chock,سوق الخليل,Supermarché,Formel,سوق الخليل,33.5479552,-7.5974437,icons/supermarket.png
CIL,Route 66,Restaurant,Formel,Route 66,33.5728964,-7.6552882,icons/restaurant.png
Maârif,Cosa Mia,Restaurant,Formel,Cosa Mia,33.5857707,-7.6355685,icons/restaurant.png
Arrondissement d'Aïn Sebaâ,la lambra العنبرة,Café,Formel,la lambra العنبرة,33.5993093,-7.5205074,icons/cafe.png
Arrondissement d'Aïn Sebaâ,Pharmacie Fourkane صيدلية,Parapharmacie,Formel,Boulevard des Figuiers,33.6163152,-7.5292654,icons/pharmacy.png
Arrondissement de Sidi Moumen,الكل ب 5 دراهم سيدي مومن,Supérette / Mini-market,Formel,الكل ب 5 دراهم سيدي مومن,33.580233,-7.5415993,icons/convenience.png
Bourgogne,very ڤيري,Café,Formel,very ڤيري,33.603415,-7.6425831,icons/cafe.png
Préfecture d'arrondissement de Hay Hassani,Fadaa bladi فضاء بلادي,Café,Formel,Route Haj Fateh,33.5442269,-7.6787862,icons/cafe.png
Arrondissement d'Aïn-Chock,BIM,Supermarché,Formel,BIM,33.5395666,-7.5833828,icons/supermarket.png
Ancienne Medina,Pizza Hut,Restaurant,Formel,Pizza Hut,33.5962863,-7.6144369,icons/restaurant.png
Ancienne Medina,les Fleurs,Restaurant,Formel,les Fleurs,33.5966374,-7.6149916,icons/restaurant.png
Maârif,le Châtelet,Café,Formel,le Châtelet,33.586116,-7.6350081,icons/cafe.png
راسين,Pharmacie Les Capucines,Parapharmacie,Formel,Boulevard Al Massira Al Khadra شارع المسيرة الخضراء,33.5869115,-7.6366612,icons/pharmacy.png
Préfecture d'arrondissement de Hay Hassani,Pharmacie Bnou Zohr,Parapharmacie,Formel,"Rue Sidi Al Khadir, Casablanca ⵜⴰⴷⴷⴰⵔⵜ ⵜⵓⵎⵍⵉⵍⵜ الدار البيضاء",33.5683227,-7.6865945,icons/pharmacy.png
Gauthier,Midway,Restaurant,Formel,Midway,33.588864,-7.628391,icons/restaurant.png
Arrondissement d'Aïn-Chock,Acima آسيما,Supermarché,Formel,Acima آسيما,33.540036,-7.6003544,icons/supermarket.png
Mohammédia,كوفي,Café,Formel,كوفي,33.6782114,-7.3927422,icons/cafe.png
Mohammédia,معشبة السعادة,Épicerie,Informel,معشبة السعادة,33.6819576,-7.3928405,icons/greengrocer.png
Sour Jdid,Café Fairplay,Café,Formel,Boulevard Mohamed Zerktouni,33.5973188,-7.6382518,icons/cafe.png
Les Princesses,Yo Ti Tam,Restaurant,Formel,Rue jounaid,33.5759859,-7.6476182,icons/restaurant.png
Gauthier,Café sans nom,Café,Formel,Boulevard d'Anfa,33.5926388,-7.6319683,icons/cafe.png
Arrondissement d'Aïn Sebaâ,Café sans nom,Café,Formel,Café sans nom,33.6094191,-7.5333793,icons/cafe.png
Arrondissement d'Aïn Sebaâ,pharmacie imam ali صيدلية الإمام علي,Parapharmacie,Formel,pharmacie imam ali صيدلية الإمام علي,33.6094444,-7.5333588,icons/pharmacy.png
Les Princesses,Marjane Market,Supermarché,Formel,Boulevard Ghandi شارع غاندي,33.5743416,-7.65024,icons/supermarket.png
Assoukhour Assawda,Café Karima مقهى كريمة,Café,Formel,Rue Amr Ben Asse,33.5996177,-7.5824027,icons/cafe.png
Sidi Bernoussi,Croc Pizza كروك بيتزا,Restaurant,Formel,Croc Pizza كروك بيتزا,33.619789,-7.5326657,icons/restaurant.png
Arrondissement d'Aïn-Chock,محطة إستراحة أفريقيا,Café,Formel,محطة إستراحة أفريقيا,33.5110136,-7.6105863,icons/cafe.png
Berger,H & B Food,Restaurant,Formel,H & B Food,33.5713686,-7.6450329,icons/restaurant.png
Berger,Sushi Walk,Restaurant,Formel,Sushi Walk,33.5712899,-7.6452246,icons/restaurant.png
Ferme Bretonne,Chez Marny,Restaurant,Formel,Chez Marny,33.5609277,-7.6467836,icons/restaurant.png
Bourgogne,Beverly Bakery & Cafe,Café,Formel,Beverly Bakery & Cafe,33.5961331,-7.6416036,icons/cafe.png
Ancienne Medina,Yammy,Restaurant,Formel,Boulevard Rahal El Meskini,33.5885241,-7.611296,icons/restaurant.png
Dar Bouazza,BİM,Supermarché,Formel,BİM,33.5236352,-7.8174203,icons/supermarket.png
El Hank,Boca Chica,Café,Formel,Boca Chica,33.6090023,-7.6505619,icons/cafe.png
Maârif Extension,Tacos de Lyon,Restaurant,Formel,Tacos de Lyon,33.5840551,-7.6423246,icons/restaurant.png
Anfa Supérieur,Café sans nom,Café,Formel,Café sans nom,33.5961015,-7.6767353,icons/cafe.png
Sour Jdid,le petit pêcheur,Restaurant,Formel,le petit pêcheur,33.6012435,-7.6340168,icons/restaurant.png
Ancienne Medina,Restaurant sans nom,Restaurant,Formel,Restaurant sans nom,33.5959788,-7.6133174,icons/restaurant.png
Ancienne Medina,Restaurant sans nom,Restaurant,Formel,Restaurant sans nom,33.5926963,-7.6172792,icons/restaurant.png
Arrondissement d'Aïn Sebaâ,BİM,Supermarché,Formel,BİM,33.5982648,-7.5223526,icons/supermarket.png
Préfecture d'arrondissements de Ben M'sick,Café Charles Dego,Café,Formel,Café Charles Dego,33.5436554,-7.5682412,icons/cafe.png
Derb Ghallef درب غلف,Snack amine,Restaurant,Formel,Snack amine,33.5766703,-7.6334533,icons/restaurant.png
Bourgogne,Cosa Mia,Restaurant,Formel,Boulevard Ain Taoujtate عين تاوجطات,33.5942298,-7.6435836,icons/restaurant.png
Arrondissement d'Al Fida,Gzoum كَزّوم,Restaurant,Formel,Gzoum كَزّوم,33.5677841,-7.5995875,icons/restaurant.png
Arrondissement d'Aïn-Chock,Café Kyoto,Café,Formel,Avenue 2 Mars,33.5396601,-7.5997898,icons/cafe.png
Arrondissement d'Aïn-Chock,pharmacie souk elbaldi صيدلية السوق البلدي,Parapharmacie,Formel,pharmacie souk elbaldi صيدلية السوق البلدي,33.5473266,-7.5978709,icons/pharmacy.png
Arrondissement d'Aïn-Chock,pharmacie d'azhar صيدلية الأزهر,Parapharmacie,Formel,Boulevard de Taza,33.5455816,-7.5952095,icons/pharmacy.png
Arrondissement d'Aïn-Chock,Parapharmacie sans nom,Parapharmacie,Formel,Parapharmacie sans nom,33.5478068,-7.5901845,icons/pharmacy.png
Arrondissement d'Aïn-Chock,Parapharmacie sans nom,Parapharmacie,Formel,Parapharmacie sans nom,33.5434141,-7.5960949,icons/pharmacy.png
Arrondissement d'Aïn-Chock,Parapharmacie sans nom,Parapharmacie,Formel,Parapharmacie sans nom,33.5464472,-7.6003028,icons/pharmacy.png
Mohammédia,Pharmacie Baghdad صيدلية بغداد,Parapharmacie,Formel,"Rue de Bagdad, Mohammédia المحمدية",33.6971373,-7.3864841,icons/pharmacy.png
N/A,Bim,Supermarché,Formel,Bim,33.687304,-7.3385977,icons/supermarket.png
Mohammédia,Boulangerie,Boulangerie,Formel,Boulangerie,33.6919694,-7.3741681,icons/bakery.png
Sour Jdid,Restaurant sans nom,Restaurant,Formel,Restaurant sans nom,33.5937929,-7.6325707,icons/restaurant.png
Bachkou,Pharmacie Bachkou,Parapharmacie,Formel,Pharmacie Bachkou,33.5554062,-7.6294061,icons/pharmacy.png
Mohammédia,Pharmacie Amina صيدلية أمينة,Parapharmacie,Formel,Mohammedia,33.6921021,-7.3744417,icons/pharmacy.png
Préfecture d'arrondissement de Hay Hassani,Café Azhar,Café,Formel,Café Azhar,33.5430671,-7.6879747,icons/cafe.png
Arrondissement d'Anfa,Café Poco Loco,Café,Formel,Café Poco Loco,33.5733956,-7.7072231,icons/cafe.png
El Oulfa,Café Kairaouan,Café,Formel,Café Kairaouan,33.5602694,-7.6753643,icons/cafe.png
Assoukhour Assawda,Pharmacie Carnot,Parapharmacie,Formel,Pharmacie Carnot,33.5936301,-7.5831998,icons/pharmacy.png
Moulay Rachid,Bim,Supermarché,Formel,Bim,33.568153,-7.5316741,icons/supermarket.png
Arrondissement de Moulay Rachid,Pharmacie Dokkala,Parapharmacie,Formel,Pharmacie Dokkala,33.5596013,-7.5386995,icons/pharmacy.png
Palmiers,Café One Love,Café,Formel,"Boulevard du 9 Avril, Casablanca ⵜⴰⴷⴷⴰⵔⵜ ⵜⵓⵎⵍⵉⵍⵜ الدار البيضاء",33.5825944,-7.6280953,icons/cafe.png
Maârif,Burger King,Restaurant,Formel,"Rue Ibn Rochd, Casablanca ⵜⴰⴷⴷⴰⵔⵜ ⵜⵓⵎⵍⵉⵍⵜ الدار البيضاء",33.595289,-7.6253802,icons/restaurant.png
N/A,Pacha guennoun الباشا كنون,Café,Formel,Pacha guennoun الباشا كنون,33.6695882,-7.3531208,icons/cafe.png
El Oulfa,Boulangerie sans nom,Boulangerie,Formel,Boulangerie sans nom,33.552527,-7.6779499,icons/bakery.png
El Oulfa,Every Day,Café,Formel,Boulevard Oued Sebou,33.552273,-7.6788347,icons/cafe.png
El Oulfa,Café sans nom,Café,Formel,Café sans nom,33.5521599,-7.6800534,icons/cafe.png
El Oulfa,pharmacie tam صيدلية طام,Parapharmacie,Formel,Boulevard Oued Sebou,33.5530143,-7.6775632,icons/pharmacy.png
El Oulfa,Restaurant sans nom,Restaurant,Formel,Restaurant sans nom,33.5529753,-7.6798787,icons/restaurant.png
Arrondissement d'Aïn Sebaâ,Supérette / Mini-market sans nom,Supérette / Mini-market,Formel,Supérette / Mini-market sans nom,33.6103012,-7.5304115,icons/convenience.png
El Oulfa,San Diego,Café,Formel,Boulevard Oued Sebou,33.55244,-7.6782792,icons/cafe.png
El Oulfa,Restaurant sans nom,Restaurant,Formel,Restaurant sans nom,33.5522882,-7.6800779,icons/restaurant.png
El Oulfa,Restaurant sans nom,Restaurant,Formel,Boulevard Oued Sebou,33.55217,-7.6790707,icons/restaurant.png
Ancienne Medina,Salsa,Restaurant,Formel,Salsa,33.5925128,-7.6166956,icons/restaurant.png
Préfecture d'arrondissements de Ben M'sick,Café Basma,Café,Formel,Café Basma,33.5389745,-7.5561869,icons/cafe.png
Arrondissement d'Al Fida,Casaforme,Café,Formel,Boulevard Modibo Keita,33.5616595,-7.6119677,icons/cafe.png
Assoukhour Assawda,Tachfine center,Supermarché,Formel,Boulevard Youssef Ben Tachfine,33.5866306,-7.5924065,icons/supermarket.png
Arrondissement d'Aïn Sebaâ,La grillardiere,Restaurant,Formel,Allée des Pêchers,33.6071887,-7.5437586,icons/restaurant.png
El Oulfa,Blanca بلانكا,Café,Formel,Avenue Mohamed Taib Naciri,33.5485459,-7.6806587,icons/cafe.png
Préfecture d'arrondissements de Ben M'sick,سناك دعاء,Restaurant,Formel,Avenue du Commandant Driss Harti,33.5474032,-7.5746211,icons/restaurant.png
Arrondissement d'Aïn Sebaâ,park stadium,Café,Formel,Boulevard Chefchaouni,33.6073661,-7.53687,icons/cafe.png
Arrondissement d'Aïn Sebaâ,chefchaouni,Café,Formel,Boulevard Chefchaouni,33.6069768,-7.5381815,icons/cafe.png
Arrondissement d'Aïn Sebaâ,source d'or,Café,Formel,source d'or,33.6057064,-7.5385639,icons/cafe.png
Gauthier,Class Dish Coffee Shop,Restaurant,Formel,Class Dish Coffee Shop,33.5901754,-7.630709,icons/restaurant.png
Anfa Supérieur,Le Crepuscule,Café,Formel,Le Crepuscule,33.5933207,-7.6791,icons/cafe.png
Ancienne Medina,Restaurant Etoile Centrale,Restaurant,Formel,Rue Allal Ben Abdellah,33.5953324,-7.6121111,icons/restaurant.png
Sour Jdid,Food stall,Restaurant,Formel,Food stall,33.6002212,-7.6297534,icons/restaurant.png
Gauthier,Coquillage Market,Supermarché,Formel,"Rue Moussa Bnou Noussair زنقة موسى بن نصير, Casablanca ⵜⴰⴷⴷⴰⵔⵜ ⵜⵓⵎⵍⵉⵍⵜ الدار البيضاء",33.5904924,-7.6280568,icons/supermarket.png
El Hank,BIM,Supérette / Mini-market,Formel,BIM,33.6020163,-7.6438822,icons/convenience.png
Arrondissement de Sidi Moumen,Boulangerie sans nom,Boulangerie,Formel,Boulangerie sans nom,33.5747684,-7.5271587,icons/bakery.png
Sidi Moumen,Bim,Supermarché,Formel,Bim,33.5759943,-7.5179027,icons/supermarket.png
Moulay Rachid,Bim,Supermarché,Formel,Bim,33.5725129,-7.5318442,icons/supermarket.png
Arrondissement de Sidi Moumen,Pharmacie Fathi,Parapharmacie,Formel,Pharmacie Fathi,33.576566,-7.539824,icons/pharmacy.png
Ancienne Medina,Café sans nom,Café,Formel,Café sans nom,33.5993502,-7.6058794,icons/cafe.png
Ancienne Medina,Café sans nom,Café,Formel,Café sans nom,33.6003791,-7.6169643,icons/cafe.png
Ancienne Medina,Restaurant sans nom,Restaurant,Formel,Restaurant sans nom,33.6001875,-7.6173776,icons/restaurant.png
Ancienne Medina,BİM,Supermarché,Formel,BİM,33.6002411,-7.6178059,icons/supermarket.png
Ancienne Medina,Café sans nom,Café,Formel,Café sans nom,33.601745,-7.6201855,icons/cafe.png
Sour Jdid,Restaurant sans nom,Restaurant,Formel,Restaurant sans nom,33.608568,-7.629199,icons/restaurant.png
Berger,Carrefour,Supermarché,Formel,Carrefour,33.5739187,-7.6445744,icons/supermarket.png
Ancienne Medina,BİM,Supermarché,Formel,BİM,33.600148,-7.6178386,icons/supermarket.png
Palmiers,côté d'or,Café,Formel,Boulevard Abdelmoumen,33.5771392,-7.625501,icons/cafe.png
Mohammédia,pharmacie Rif صيدلية الريف,Parapharmacie,Formel,"Boulevard de Sebta, Mohammédia المحمدية",33.6905777,-7.366423,icons/pharmacy.png
Arrondissement d'Aïn Sebaâ,espace imossak,Café,Formel,Route Alwahda,33.6098867,-7.5427429,icons/cafe.png
Arrondissement d'Aïn Sebaâ,Boulangerie sans nom,Boulangerie,Formel,Boulangerie sans nom,33.609828,-7.5431916,icons/bakery.png
Arrondissement d'Aïn Sebaâ,le monde des grillades,Restaurant,Formel,le monde des grillades,33.6093994,-7.541983,icons/restaurant.png
Arrondissement d'Aïn Sebaâ,la paela mar,Café,Formel,la paela mar,33.6090344,-7.5417347,icons/cafe.png
Arrondissement d'Aïn Sebaâ,pharmacie El Wafaa,Parapharmacie,Formel,pharmacie El Wafaa,33.6089516,-7.5416759,icons/pharmacy.png
Arrondissement d'Aïn Sebaâ,tizi ousli,Café,Formel,tizi ousli,33.6065582,-7.5386788,icons/cafe.png
Arrondissement d'Aïn Sebaâ,snack al Amal,Restaurant,Formel,snack al Amal,33.6077499,-7.5410675,icons/restaurant.png
Arrondissement d'Aïn Sebaâ,adwak اذواق,Restaurant,Formel,adwak اذواق,33.6096078,-7.5421005,icons/restaurant.png
Palmiers,café mouad,Café,Formel,Rue Soumaya,33.5773541,-7.6268773,icons/cafe.png
Sidi Maârouf,La Cantine,Restaurant,Formel,La Cantine,33.5352248,-7.6400077,icons/restaurant.png
Palmiers,taxi,Restaurant,Formel,Rue Soumaya,33.5774261,-7.6267262,icons/restaurant.png
El Oulfa,riad bladi رياض بلادي,Café,Formel,Boulevard Oued Daoura,33.5410743,-7.6770261,icons/cafe.png
El Oulfa,bella festa,Café,Formel,bella festa,33.5412067,-7.6768273,icons/cafe.png
El Oulfa,annasim النسيم,Parapharmacie,Formel,Boulevard Oued Daoura,33.5409932,-7.6769565,icons/pharmacy.png
Lissasfa,Café ambar,Café,Formel,Café ambar,33.5432244,-7.6797457,icons/cafe.png
Préfecture d'arrondissement de Hay Hassani,Café sans nom,Café,Formel,Café sans nom,33.5586653,-7.6937245,icons/cafe.png
Préfecture d'arrondissement de Hay Hassani,Café sans nom,Café,Formel,Café sans nom,33.5602465,-7.6909179,icons/cafe.png
Préfecture d'arrondissement de Hay Hassani,Café sans nom,Café,Formel,Café sans nom,33.5600168,-7.6909908,icons/cafe.png
Préfecture d'arrondissement de Hay Hassani,Boulangerie sans nom,Boulangerie,Formel,Boulangerie sans nom,33.5604392,-7.691089,icons/bakery.png
Préfecture d'arrondissement de Hay Hassani,Restaurant sans nom,Restaurant,Formel,Restaurant sans nom,33.5615795,-7.6922167,icons/restaurant.png
Préfecture d'arrondissement de Hay Hassani,café rabii,Café,Formel,café rabii,33.5595686,-7.6903551,icons/cafe.png
Préfecture d'arrondissement de Hay Hassani,Boulangerie sans nom,Boulangerie,Formel,Boulangerie sans nom,33.5596528,-7.6904374,icons/bakery.png
Arrondissement d'Aïn Sebaâ,Osteria,Restaurant,Formel,Osteria,33.6128314,-7.530422,icons/restaurant.png
Arrondissement de Moulay Rachid,BIM بيم,Supermarché,Formel,BIM بيم,33.5614104,-7.5337165,icons/supermarket.png
Sour Jdid,Restaurant sans nom,Restaurant,Formel,Boulevard D'El Hank,33.6038507,-7.6340267,icons/restaurant.png
Sour Jdid,Restaurant sans nom,Restaurant,Formel,Boulevard D'El Hank,33.6037476,-7.6342259,icons/restaurant.png
Gauthier,KFC,Restaurant,Formel,KFC,33.5928524,-7.6318233,icons/restaurant.png
Préfecture d'arrondissements de Ben M'sick,Pharmacy al-Harti صيدلية الحارثي,Parapharmacie,Formel,"Avenue du Commandant Driss Harti, Casablanca ⵜⴰⴷⴷⴰⵔⵜ ⵜⵓⵎⵍⵉⵍⵜ الدار البيضاء",33.5505403,-7.5693749,icons/pharmacy.png
Assoukhour Assawda,Pharmacie du Centre,Parapharmacie,Formel,"Boulevard Mohamed V, Casablanca",33.5934396,-7.6003812,icons/pharmacy.png
Assoukhour Assawda,La Sala,Restaurant,Formel,Rue Aït Ba Amrane,33.593796,-7.6009733,icons/restaurant.png
Ancienne Medina,Café sans nom,Café,Formel,Café sans nom,33.5988308,-7.6193111,icons/cafe.png
Assoukhour Assawda,City Palace,Restaurant,Formel,Boulevard Mohamed V,33.5936446,-7.6022226,icons/restaurant.png
Arrondissement de Sidi Belyout,Adib Food,Restaurant,Formel,Boulevard de la Résistance,33.5906473,-7.6035677,icons/restaurant.png
Arrondissement de Sidi Belyout,Dragon Bleu,Restaurant,Formel,Rue Pierre Parent,33.5946578,-7.6043656,icons/restaurant.png
Les Hôpitaux,KFC,Restaurant,Formel,Avenue 2 Mars,33.5753667,-7.6156108,icons/restaurant.png
Les Hôpitaux,Café,Café,Formel,Avenue 2 Mars,33.5771471,-7.615869,icons/cafe.png
Arrondissement de Mers Sultan,Pharmacie Ifni,Parapharmacie,Formel,Rue Infi,33.5823599,-7.6019436,icons/pharmacy.png
Assoukhour Assawda,Café Restaurant Tarfaya,Restaurant,Formel,Boulevard Bahmad,33.5894727,-7.5921448,icons/restaurant.png
Arrondissement de Mers Sultan,Carrefour Market,Supermarché,Formel,Boulevard de la Gironde,33.5841408,-7.599484,icons/supermarket.png
Arrondissement d'Al Fida,Parapharmacie sans nom,Parapharmacie,Formel,Rue 15,33.5643746,-7.6097971,icons/pharmacy.png
Mers Sultan,Cafe 2 Mars,Café,Formel,Avenue 2 Mars,33.5661039,-7.6093338,icons/cafe.png
Mers Sultan,Tacos de Lyon,Restaurant,Formel,Avenue 2 Mars,33.5718335,-7.6138768,icons/restaurant.png
Mers Sultan,Shell Select,Supérette / Mini-market,Formel,Rue Alyazidi Mohamed,33.5733051,-7.6149409,icons/convenience.png
Arrondissement de Mers Sultan,Cafe Clacier Dubai,Restaurant,Formel,Boulevard Mohammed VI,33.578465,-7.6001546,icons/restaurant.png
Arrondissement de Mers Sultan,Pharmacie La Gironde,Parapharmacie,Formel,Rue Infi,33.5838537,-7.599594,icons/pharmacy.png
Les Hôpitaux,Parapharmacie sans nom,Parapharmacie,Formel,Avenue 2 Mars,33.5768907,-7.6152125,icons/pharmacy.png
Les Hôpitaux,McDonald's,Restaurant,Formel,Avenue 2 Mars,33.5759477,-7.6153091,icons/restaurant.png
Mers Sultan,Tacos Avenue,Restaurant,Formel,Avenue 2 Mars,33.5713977,-7.6131754,icons/restaurant.png
Mers Sultan,Mondial,Café,Formel,Avenue 2 Mars,33.5711485,-7.6130091,icons/cafe.png
Mers Sultan,Zén,Restaurant,Formel,Avenue 2 Mars,33.5703496,-7.6124807,icons/restaurant.png
Al Fida,Pharmacie Faris,Parapharmacie,Formel,Boulevard Mohammed VI,33.5662374,-7.5957853,icons/pharmacy.png
Ancienne Medina,Boudad,Café,Formel,Rue Magellan,33.5908082,-7.6049423,icons/cafe.png
Ancienne Medina,Pharmacie du Soleil,Parapharmacie,Formel,Rue Magellan,33.5903669,-7.6040746,icons/pharmacy.png
Arrondissement d'Al Fida,Pharmacie El Farah,Parapharmacie,Formel,Boulevard Bouchaib Doukkali,33.5683103,-7.5845481,icons/pharmacy.png
Arrondissement d'Al Fida,Pharmacie Ghazali,Parapharmacie,Formel,Pharmacie Ghazali,33.5657435,-7.5797457,icons/pharmacy.png
Arrondissement d'Aïn-Chock,Le 5 Palmiers,Café,Formel,Boulevard Tah,33.5322685,-7.5849699,icons/cafe.png
Arrondissement d'Aïn-Chock,Zounhours,Café,Formel,Boulevard Tah,33.5312563,-7.5880645,icons/cafe.png
Arrondissement d'Aïn-Chock,Clip Cafe,Café,Formel,Avenue 2 Mars,33.5397459,-7.5998991,icons/cafe.png
Arrondissement d'Aïn-Chock,Pharmacie Aman,Parapharmacie,Formel,Rue 17,33.5359704,-7.5770339,icons/pharmacy.png
Arrondissement d'Aïn-Chock,Pharmacie Goumri,Parapharmacie,Formel,Boulevard Tah,33.5337089,-7.580665,icons/pharmacy.png
Arrondissement d'Aïn-Chock,Parapharmacie sans nom,Parapharmacie,Formel,Avenue 2 Mars,33.5506674,-7.6024586,icons/pharmacy.png
Arrondissement d'Aïn-Chock,Café La Source,Café,Formel,Avenue 2 Mars,33.5478561,-7.6020569,icons/cafe.png
Arrondissement d'Aïn-Chock,Parapharmacie sans nom,Parapharmacie,Formel,Avenue 2 Mars,33.5479547,-7.602067,icons/pharmacy.png
Arrondissement d'Aïn-Chock,Café Syntia,Café,Formel,Avenue 2 Mars,33.5461983,-7.6020982,icons/cafe.png
Arrondissement d'Aïn-Chock,El Baouraoui Café,Café,Formel,Avenue 2 Mars,33.5462575,-7.6021096,icons/cafe.png
Arrondissement d'Aïn-Chock,Palais Amira,Café,Formel,Avenue 2 Mars,33.5355652,-7.5957638,icons/cafe.png
Arrondissement d'Aïn-Chock,Parapharmacie sans nom,Parapharmacie,Formel,Boulevard Tah,33.5313949,-7.5890227,icons/pharmacy.png
Arrondissement d'Aïn-Chock,Ixia,Café,Formel,Rue 13,33.539469,-7.5791851,icons/cafe.png
Arrondissement d'Aïn-Chock,Crèmerie Achkid,Restaurant,Formel,Boulevard d'Amgala,33.5406446,-7.5801185,icons/restaurant.png
Arrondissement d'Aïn-Chock,Parapharmacie sans nom,Parapharmacie,Formel,Rue 10,33.5362787,-7.5773883,icons/pharmacy.png
Gauthier,Kamar lebnan,Restaurant,Formel,Rue Théophile Gauthier,33.5881278,-7.6310701,icons/restaurant.png
Gauthier,Café sans nom,Café,Formel,Rue Sebou,33.5891426,-7.6317809,icons/cafe.png
Arrondissement d'Aïn-Chock,Pharmacie Chaab,Parapharmacie,Formel,Pharmacie Chaab,33.5409727,-7.5877997,icons/pharmacy.png
Arrondissement d'Aïn-Chock,Pharmacie Khouloud,Parapharmacie,Formel,Zanqat 68,33.5395648,-7.5869025,icons/pharmacy.png
Arrondissement d'Aïn-Chock,Cafe Rosage,Café,Formel,Rue 194,33.5423571,-7.5856224,icons/cafe.png
Arrondissement d'Aïn-Chock,Skybury Café,Café,Formel,Boulevard d'Amgala,33.5375745,-7.5853535,icons/cafe.png
Arrondissement d'Aïn-Chock,Espace La Parisien,Café,Formel,Boulevard d'Amgala,33.5369536,-7.5863788,icons/cafe.png
Arrondissement d'Aïn-Chock,Cafe El Osra,Café,Formel,Boulevard d'Amgala,33.5367993,-7.5866456,icons/cafe.png
Arrondissement d'Aïn-Chock,Espace Al Mouatine,Café,Formel,Boulevard de Smara,33.5353707,-7.5861213,icons/cafe.png
Arrondissement d'Aïn-Chock,Espace Palma,Café,Formel,Boulevard de Smara,33.5344037,-7.585955,icons/cafe.png
Arrondissement d'Aïn-Chock,Cafe Di Latorre,Café,Formel,Boulevard d'Amgala,33.5377182,-7.5857055,icons/cafe.png
Arrondissement d'Aïn-Chock,Adana d'or,Café,Formel,Boulevard d'Amgala,33.5381005,-7.5850551,icons/cafe.png
Arrondissement d'Aïn-Chock,Al Turkia,Café,Formel,Boulevard d'Amgala,33.5388293,-7.5838058,icons/cafe.png
Arrondissement d'Al Fida,Pharmacie Moulay Driss,Parapharmacie,Formel,Rue 50,33.5689517,-7.5868213,icons/pharmacy.png
Arrondissement d'Aïn-Chock,Espace Laghlimi,Café,Formel,Espace Laghlimi,33.5409129,-7.5927289,icons/cafe.png
Arrondissement d'Aïn-Chock,Flamengo,Restaurant,Formel,Flamengo,33.5408045,-7.5931285,icons/restaurant.png
Arrondissement d'Aïn-Chock,Espace El Gharbia,Café,Formel,Boulevard d'Amgala,33.5373169,-7.5864244,icons/cafe.png
Arrondissement d'Aïn-Chock,Cafe Al Amal,Café,Formel,Boulevard Tah,33.5324429,-7.5846836,icons/cafe.png
Arrondissement d'Aïn-Chock,Parapharmacie sans nom,Parapharmacie,Formel,Boulevard de Smara,33.53766,-7.5899233,icons/pharmacy.png
Arrondissement d'Aïn-Chock,Pharmacie des Urgences,Parapharmacie,Formel,Rue 1,33.5370027,-7.5858966,icons/pharmacy.png
Arrondissement d'Al Fida,Salon de Thé,Restaurant,Formel,Boulevard Abdellah Senhaji,33.5650026,-7.5882496,icons/restaurant.png
Arrondissement d'Al Fida,Café Imdioune,Restaurant,Formel,Boulevard Bouchaib Doukkali,33.5691305,-7.5839634,icons/restaurant.png
Arrondissement d'Al Fida,Pharmacie Ain Chifaa,Parapharmacie,Formel,Boulevard Bouchaib Doukkali,33.5700395,-7.5825861,icons/pharmacy.png
Arrondissement d'Al Fida,Pharmacie Assia,Parapharmacie,Formel,Rue 42,33.5704256,-7.5916801,icons/pharmacy.png
Arrondissement d'Al Fida,Linati,Restaurant,Formel,Boulevard du Golan,33.5716212,-7.5806791,icons/restaurant.png
Arrondissement d'Al Fida,Argana,Café,Formel,Rue 60,33.5647444,-7.5915889,icons/cafe.png
Arrondissement d'Al Fida,Espace Al Fath,Restaurant,Formel,Rue 8,33.5698484,-7.5946172,icons/restaurant.png
Arrondissement d'Al Fida,La Qualité,Café,Formel,Rue 42,33.5655066,-7.5923198,icons/cafe.png
Arrondissement d'Al Fida,Argana,Café,Formel,Rue 55,33.5651087,-7.5919417,icons/cafe.png
Arrondissement d'Al Fida,Pharmacie El Farraj,Parapharmacie,Formel,Boulevard Abdellah Senhaji,33.5673526,-7.5904222,icons/pharmacy.png
Arrondissement de Mers Sultan,Pharmacie de Casablanca,Parapharmacie,Formel,Boulevard de la Croix,33.5749186,-7.5907414,icons/pharmacy.png
Mers Sultan,Pharmacie Laafou,Parapharmacie,Formel,Rue 34,33.5753387,-7.5931285,icons/pharmacy.png
Arrondissement de Mers Sultan,Golden Space,Café,Formel,Boulevard de la Gironde,33.5832101,-7.5988175,icons/cafe.png
Arrondissement de Mers Sultan,Cafe du Pont,Café,Formel,Boulevard de la Gironde,33.5826297,-7.5984453,icons/cafe.png
Mers Sultan,Pharmacie Albahia,Parapharmacie,Formel,Boulevard Ahmed Sebbagh,33.5744839,-7.5962278,icons/pharmacy.png
Arrondissement d'Al Fida,Café Sbaï,Café,Formel,Boulevard Abdellah Senhaji,33.5667425,-7.5894016,icons/cafe.png
Préfecture d'arrondissements de Ben M'sick,Café Aswan,Restaurant,Formel,Boulevard du Golan شارع الجولان,33.5500951,-7.5677656,icons/restaurant.png
Arrondissement de Sidi Othmane,Parapharmacie sans nom,Parapharmacie,Formel,Avenue Abdelkader Sahraoui,33.5530547,-7.5499651,icons/pharmacy.png
Préfecture d'arrondissements de Ben M'sick,Pharmacie Bouafi,Parapharmacie,Formel,Avenue d'Oued Eddahab,33.5443679,-7.5671098,icons/pharmacy.png
Préfecture d'arrondissements de Ben M'sick,Cafe Zodiaque,Café,Formel,Avenue d'Oued Eddahab,33.5418954,-7.5712685,icons/cafe.png
Préfecture d'arrondissements de Ben M'sick,Rainbow Cafe,Restaurant,Formel,Avenue d'Oued Eddahab,33.5401886,-7.5741479,icons/restaurant.png
Préfecture d'arrondissements de Ben M'sick,Pharmacie Skiba,Parapharmacie,Formel,Avenue d'Oued Eddahab,33.5396252,-7.5750652,icons/pharmacy.png
Préfecture d'arrondissements de Ben M'sick,Espace Changuai,Restaurant,Formel,Avenue Mekdad Lahrizi,33.5372811,-7.5734632,icons/restaurant.png
Préfecture d'arrondissements de Ben M'sick,Ramada,Restaurant,Formel,Rue 188,33.539538,-7.573873,icons/restaurant.png
Préfecture d'arrondissements de Ben M'sick,Parmacie Bouafi,Parapharmacie,Formel,Avenue d'Oued Eddahab,33.5443646,-7.5671084,icons/pharmacy.png
Préfecture d'arrondissements de Ben M'sick,Pharmacie Ennajah,Parapharmacie,Formel,Avenue de Dakhla,33.5483839,-7.568998,icons/pharmacy.png
Préfecture d'arrondissements de Ben M'sick,Cafe La Liga,Café,Formel,Avenue de Dakhla,33.5468661,-7.57153,icons/cafe.png
Préfecture d'arrondissements de Ben M'sick,Nescafe,Café,Formel,Avenue de Dakhla,33.5468069,-7.5716347,icons/cafe.png
Préfecture d'arrondissements de Ben M'sick,Pharmacie Dadi,Parapharmacie,Formel,Avenue de Dakhla,33.5464671,-7.5721396,icons/pharmacy.png
Préfecture d'arrondissements de Ben M'sick,Pharmacie Faouz,Parapharmacie,Formel,Avenue de Dakhla,33.5439153,-7.5765418,icons/pharmacy.png
Préfecture d'arrondissements de Ben M'sick,Pharmacie Dounia,Parapharmacie,Formel,Rue 145,33.5419122,-7.5725761,icons/pharmacy.png
Préfecture d'arrondissements de Ben M'sick,Pharmacie Addahab,Parapharmacie,Formel,Rue 70,33.54397,-7.5696833,icons/pharmacy.png
Préfecture d'arrondissements de Ben M'sick,Pharmacie Dispensaire Jamila 4,Parapharmacie,Formel,Rue 89,33.5466604,-7.5665988,icons/pharmacy.png
Préfecture d'arrondissements de Ben M'sick,Golden Cup,Café,Formel,Rue 145,33.5430099,-7.5732386,icons/cafe.png
Préfecture d'arrondissements de Ben M'sick,Pharmacie Benmoussa,Parapharmacie,Formel,Avenue du Commandant Driss Harti,33.5435352,-7.5805342,icons/pharmacy.png
Préfecture d'arrondissements de Ben M'sick,Pharmacie Sbata,Parapharmacie,Formel,Avenue de Saquia-el-Hamra,33.5441768,-7.5730133,icons/pharmacy.png
Préfecture d'arrondissements de Ben M'sick,Pharmacie Rachid,Parapharmacie,Formel,Avenue de Saquia-el-Hamra,33.5463631,-7.5694031,icons/pharmacy.png
Préfecture d'arrondissements de Ben M'sick,Pharmacie Jamila,Parapharmacie,Formel,Avenue du Commandant Driss Harti,33.545992,-7.5764371,icons/pharmacy.png
Préfecture d'arrondissements de Ben M'sick,Pharmacie Marche de Gros,Parapharmacie,Formel,Avenue du Commandant Driss Harti,33.548802,-7.5717339,icons/pharmacy.png
Préfecture d'arrondissements de Ben M'sick,Café Anas,Café,Formel,Avenue du 6 Novembre 1975,33.5466593,-7.5770688,icons/cafe.png
Préfecture d'arrondissements de Ben M'sick,Verona Cafe,Café,Formel,Avenue 6 Novembre 1975,33.5522891,-7.5823005,icons/cafe.png
Assoukhour Assawda,Pharmacie Al Bouchra,Parapharmacie,Formel,Avenue de l'Ambassadeur Ben Aicha,33.601196,-7.5855754,icons/pharmacy.png
Assoukhour Assawda,Pharmacie Massiwe,Parapharmacie,Formel,Avenue de l'Ambassadeur Ben Aicha,33.59964,-7.5891964,icons/pharmacy.png
Assoukhour Assawda,Para Pharmacie,Parapharmacie,Formel,Avenue de l'Ambassadeur Ben Aicha,33.602561,-7.5822602,icons/pharmacy.png
Préfecture d'arrondissements de Ben M'sick,Pharmacie El Mansour,Parapharmacie,Formel,Boulevard du Golan,33.558094,-7.573944,icons/pharmacy.png
Préfecture d'arrondissements de Ben M'sick,Pharmcie Sif Eddinne,Parapharmacie,Formel,Boulevard de l'Unité Africaine,33.5566724,-7.5877748,icons/pharmacy.png
Préfecture d'arrondissements de Ben M'sick,Pharmacie du Metro,Parapharmacie,Formel,Boulevard de l'Unité Africaine,33.5567138,-7.5911842,icons/pharmacy.png
Préfecture d'arrondissements de Ben M'sick,Pharmacie Afriquia,Parapharmacie,Formel,Boulevard Mohammed VI,33.5548206,-7.5919738,icons/pharmacy.png
Préfecture d'arrondissements de Ben M'sick,Café Agadir,Restaurant,Formel,Avenue du Commandant Driss Harti,33.5488254,-7.572265,icons/restaurant.png
Arrondissement d'Aïn Sebaâ,Pharmacie Moulay Slimane,Parapharmacie,Formel,Route de Zenata,33.6177743,-7.5463294,icons/pharmacy.png
Préfecture d'arrondissements de Ben M'sick,Parapharmacie sans nom,Parapharmacie,Formel,Avenue Réda Guédira,33.5523159,-7.5786996,icons/pharmacy.png
Préfecture d'arrondissements de Ben M'sick,Cafe Rania,Café,Formel,Avenue Lahraouine,33.550901,-7.57429,icons/cafe.png
Arrondissement d'Aïn Sebaâ,Pharmacie Zenata,Parapharmacie,Formel,Route de Zenata,33.6188677,-7.5392269,icons/pharmacy.png
Préfecture d'arrondissements de Ben M'sick,Pharmacie Du Uban,Parapharmacie,Formel,Avenue du 6 Novembre 1975,33.5520812,-7.5815776,icons/pharmacy.png
Préfecture d'arrondissements de Ben M'sick,Pharmacie Oued Zem,Parapharmacie,Formel,Boulevard de Oued Zem,33.5547747,-7.584579,icons/pharmacy.png
Arrondissement d'Aïn Sebaâ,Pharmacie Lesperance,Parapharmacie,Formel,Boulevard de Madrid,33.6164096,-7.5248878,icons/pharmacy.png
Assoukhour Assawda,La Revanche,Restaurant,Formel,Rue de Dax,33.5995316,-7.5874275,icons/restaurant.png
Assoukhour Assawda,Moody's,Café,Formel,Boulevard Moulay Ismail,33.598514,-7.5804283,icons/cafe.png
Sidi Bernoussi,Pharmacie Moubaraka,Parapharmacie,Formel,Route de Rabat,33.6154659,-7.5031149,icons/pharmacy.png
Arrondissement d'Aïn Sebaâ,Pharmacie de la Gabe Ain Sebaa,Parapharmacie,Formel,Route de Rabat,33.6075583,-7.5235748,icons/pharmacy.png
Assoukhour Assawda,Canova,Café,Formel,Rue Saint Saëns,33.595432,-7.5874154,icons/cafe.png
Assoukhour Assawda,Chami Bacha,Restaurant,Formel,Rue Sijlmassa,33.5914595,-7.5915232,icons/restaurant.png
Arrondissement de Sidi Bernoussi,Pharmacie el Mrami,Parapharmacie,Formel,Route de Rabat,33.6238082,-7.4856645,icons/pharmacy.png
Sidi Bernoussi,Pharmacie Feddan el Kheir,Parapharmacie,Formel,Route de Rabat,33.6209482,-7.4895899,icons/pharmacy.png
Arrondissement d'Aïn Sebaâ,Pharmacie Ghouziel,Parapharmacie,Formel,Allée des Mimosas,33.6109571,-7.5297225,icons/pharmacy.png
Assoukhour Assawda,Friend's Space,Restaurant,Formel,Boulevard Emile Zola,33.5963614,-7.592572,icons/restaurant.png
Assoukhour Assawda,Wisley Gardens,Restaurant,Formel,Rue Vimy,33.5962274,-7.5905161,icons/restaurant.png
Arrondissement de Sidi Moumen,Espace Yasmine,Restaurant,Formel,Boulevard Mohamed Al Bakkali,33.5937954,-7.5178684,icons/restaurant.png
Arrondissement de Sidi Moumen,Pharmacie Racha,Parapharmacie,Formel,Route de Chabbou,33.5893928,-7.5262088,icons/pharmacy.png
Arrondissement de Sidi Moumen,Pharmacie Alaa,Parapharmacie,Formel,Boulevard Al Houcine Assoussi,33.590577,-7.5174178,icons/pharmacy.png
Arrondissement de Sidi Moumen,Plus,Supermarché,Formel,Boulevard Mohamed Al Bakkali,33.5930481,-7.5174715,icons/supermarket.png
N/A,Pharmacie Espace Santé صيدلية فضاء الصحة,Parapharmacie,Formel,Ain Harrouda,33.6342132,-7.4545723,icons/pharmacy.png
Ferme Bretonne,Pharmacie Ghafiri,Parapharmacie,Formel,Rue Abou Nouas,33.5607889,-7.6458289,icons/pharmacy.png
Ferme Bretonne,Pharmacie Odyssée صيدلية أوديسي,Parapharmacie,Formel,Rue Tair Al Firdaous,33.5631274,-7.6477303,icons/pharmacy.png
Ferme Bretonne,Cafe Glacier,Café,Formel,Route Al Jamiaa,33.567276,-7.6445413,icons/cafe.png
Hay Mohammadi,Cafe Barcelona,Café,Formel,Boulevard de la Grande Ceinture,33.5831677,-7.5543948,icons/cafe.png
Sidi Moumen,Porta Biella,Restaurant,Formel,Boulevard Mohamed Zefzaf,33.5795879,-7.5127602,icons/restaurant.png
Sidi Moumen,Bice Coffee,Café,Formel,Boulevard Mohamed Zefzaf,33.5786259,-7.5140946,icons/cafe.png
Sidi Moumen,Parapharmacie sans nom,Parapharmacie,Formel,Boulevard Mohamed Zefzaf,33.5754292,-7.5202838,icons/pharmacy.png
Arrondissement de Moulay Rachid,Parapharmacie sans nom,Parapharmacie,Formel,Avenue Abdelkader Sahraoui,33.5678354,-7.5260223,icons/pharmacy.png
N/A,Pharmacie Al Ikram صيدلية الإكرام,Parapharmacie,Formel,Tit Mellil تيط مليل,33.5509759,-7.4774435,icons/pharmacy.png
Arrondissement d'Aïn Sebaâ,Pharmacie Route de Rabat,Parapharmacie,Formel,Route Continentale,33.6021656,-7.5243822,icons/pharmacy.png
Arrondissement d'Aïn Sebaâ,Pharmacie Alhadika,Parapharmacie,Formel,Route de Rabat,33.6036903,-7.533334,icons/pharmacy.png
Arrondissement d'Aïn Sebaâ,Pharmacie Chefchaouni,Parapharmacie,Formel,Boulevard Chefchaouni,33.6139704,-7.5241126,icons/pharmacy.png
Moulay Rachid,Parapharmacie sans nom,Parapharmacie,Formel,Parapharmacie sans nom,33.5684046,-7.5307781,icons/pharmacy.png
Moulay Rachid,Parapharmacie sans nom,Parapharmacie,Formel,Parapharmacie sans nom,33.5713396,-7.5290841,icons/pharmacy.png
Arrondissement de Sidi Othmane,Café Napoli,Café,Formel,Boulevard du Nil,33.5620155,-7.5628182,icons/cafe.png
Arrondissement d'Aïn Sebaâ,The Coffee Break,Café,Formel,Boulevard Ahmed Mekouar,33.6144205,-7.5353886,icons/cafe.png
N/A,Pharmacie Boukdad صيدلية بوقداد,Parapharmacie,Formel,"Rue Abderrahmane Ibn Khaldoune, Tit Mellil تيط مليل",33.5543657,-7.4827959,icons/pharmacy.png
N/A,Pharmacie Semmat,Parapharmacie,Formel,Pharmacie Semmat,33.5478296,-7.4859166,icons/pharmacy.png
N/A,Cafe El Makhfi,Café,Formel,Boulevard El Marinieene,33.5465565,-7.4828482,icons/cafe.png
N/A,Espace Araha,Restaurant,Formel,Boulevard El Marinieene,33.5455617,-7.4849658,icons/restaurant.png
Arrondissement d'Aïn Sebaâ,Siciliano Cafe,Café,Formel,Siciliano Cafe,33.6129663,-7.5457084,icons/cafe.png
N/A,Pharmacie Tit Mellil صيدلية تيط مليل,Parapharmacie,Formel,"Boulevard Annakhil, Tit Mellil ⵜⵉⵟ ⵎⵍⵉⵍ تيط مليل",33.5522612,-7.4826014,icons/pharmacy.png
Arrondissement d'Aïn-Chock,Pharmacie Errahmane,Parapharmacie,Formel,Route de Taddart,33.5526038,-7.6230601,icons/pharmacy.png
Préfecture d'arrondissements de Ben M'sick,Pharmacie Machaa Allah,Parapharmacie,Formel,Rue 14,33.5371525,-7.5703479,icons/pharmacy.png
Préfecture d'arrondissements de Ben M'sick,Pharmacie Al Ahram,Parapharmacie,Formel,Avenue Mekdad Lahrizi,33.5367602,-7.5734532,icons/pharmacy.png
Préfecture d'arrondissements de Ben M'sick,Pharmacie Salim,Parapharmacie,Formel,Rue 2,33.5378244,-7.5671151,icons/pharmacy.png
Arrondissement de Sidi Othmane,Parapharmacie sans nom,Parapharmacie,Formel,Rue 66,33.5667045,-7.5678098,icons/pharmacy.png
Arrondissement de Sidi Belyout,Cafe L'Albatros,Café,Formel,Rue Hadj Omar Riffi,33.5851173,-7.6131231,icons/cafe.png
Préfecture d'arrondissements de Ben M'sick,Pharmacie Laaziza,Parapharmacie,Formel,Rue 41,33.5360269,-7.5518963,icons/pharmacy.png
Préfecture d'arrondissements de Ben M'sick,Pharmacie Al Fadila,Parapharmacie,Formel,Boulevard du Golan,33.537546,-7.5516106,icons/pharmacy.png
Préfecture d'arrondissements de Ben M'sick,Pharmacie Salmia,Parapharmacie,Formel,Boulevard du Golan,33.5384537,-7.5553362,icons/pharmacy.png
Préfecture d'arrondissements de Ben M'sick,Pharmacie Tessema,Parapharmacie,Formel,Boulevard du Golan,33.5436056,-7.5614248,icons/pharmacy.png
Préfecture d'arrondissements de Ben M'sick,Pharmacie Essa-Egh,Parapharmacie,Formel,Rue 18,33.5401863,-7.5512499,icons/pharmacy.png
Lahraouyine,Pharmacie Ksikes,Parapharmacie,Formel,Avenue du 10 Mars 1982,33.5423068,-7.542302,icons/pharmacy.png
Arrondissement de Sidi Othmane,Parapharmacie sans nom,Parapharmacie,Formel,Boulevard Anoual,33.5652373,-7.5687821,icons/pharmacy.png
Arrondissement de Sidi Othmane,Parapharmacie sans nom,Parapharmacie,Formel,Rue 5,33.5681862,-7.5687861,icons/pharmacy.png
Arrondissement de Sidi Othmane,Parapharmacie sans nom,Parapharmacie,Formel,Boulevard du Nil,33.5659759,-7.5646207,icons/pharmacy.png
Arrondissement de Sidi Othmane,Parapharamacie Chemsi,Parapharmacie,Formel,Rue 66,33.5667453,-7.5675845,icons/pharmacy.png
Arrondissement de Sidi Belyout,Café Aloha,Café,Formel,Rue Zerhoune,33.5848954,-7.6147637,icons/cafe.png
Arrondissement de Sidi Belyout,Pharmacie Populaire,Parapharmacie,Formel,Rue Hadj Omar Riffi,33.5856143,-7.6138653,icons/pharmacy.png
Arrondissement de Sidi Belyout,Pizzeria Coin Four,Restaurant,Formel,Rue Ichbilia,33.5865805,-7.6126799,icons/restaurant.png
Ancienne Medina,Snack Canizares,Supérette / Mini-market,Formel,Rue el Brihi Ahmed,33.5872307,-7.6111475,icons/convenience.png
Ancienne Medina,Parapharmacie sans nom,Parapharmacie,Formel,Rue el Brihi Ahmed,33.5879781,-7.6086537,icons/pharmacy.png
Arrondissement de Sidi Othmane,Café Lucca El Ghazali,Café,Formel,Rue 58,33.5677929,-7.5606577,icons/cafe.png
Arrondissement de Sidi Othmane,Parapharmacie sans nom,Parapharmacie,Formel,Boulevard des Forces Auxiliaires,33.5687204,-7.5599147,icons/pharmacy.png
Arrondissement de Moulay Rachid,Pharmacie Tawdi,Parapharmacie,Formel,Pharmacie Tawdi,33.5734001,-7.5534868,icons/pharmacy.png
Arrondissement de Moulay Rachid,Café La Canyada,Café,Formel,Café La Canyada,33.5743744,-7.5580466,icons/cafe.png
Arrondissement de Moulay Rachid,Mister Tacos,Restaurant,Formel,Mister Tacos,33.5732368,-7.5600154,icons/restaurant.png
Arrondissement de Moulay Rachid,Café Oum Erabia,Café,Formel,Café Oum Erabia,33.5698423,-7.5575115,icons/cafe.png
Arrondissement de Moulay Rachid,Pharmacie Essafa,Parapharmacie,Formel,Pharmacie Essafa,33.569478,-7.5571883,icons/pharmacy.png
Moulay Rachid,Parapharmacie sans nom,Parapharmacie,Formel,Parapharmacie sans nom,33.566928,-7.5459391,icons/pharmacy.png
Arrondissement de Sidi Othmane,Pharmacie Ibn Zahr,Parapharmacie,Formel,Boulevard du Nil,33.5584382,-7.5690745,icons/pharmacy.png
Arrondissement de Moulay Rachid,Pharmacie Lamrissi,Parapharmacie,Formel,Pharmacie Lamrissi,33.5623865,-7.5410038,icons/pharmacy.png
Arrondissement de Moulay Rachid,Café Canarias,Café,Formel,Café Canarias,33.5629184,-7.539475,icons/cafe.png
Arrondissement de Moulay Rachid,Pharmacie Lamrissi,Parapharmacie,Formel,Pharmacie Lamrissi,33.5627486,-7.5397673,icons/pharmacy.png
Arrondissement de Moulay Rachid,Café Du Capitan,Café,Formel,Café Du Capitan,33.5617942,-7.5413981,icons/cafe.png
Arrondissement de Moulay Rachid,Pharmacie Kamareddine,Parapharmacie,Formel,Pharmacie Kamareddine,33.5626681,-7.5439918,icons/pharmacy.png
Arrondissement de Moulay Rachid,Café Rojayne,Café,Formel,Café Rojayne,33.558598,-7.5465936,icons/cafe.png
Hay Mohammadi,Pharmacie El Houria,Parapharmacie,Formel,Avenue Chaouki Jilali Meskini,33.5841955,-7.5579688,icons/pharmacy.png
Hay Mohammadi,Pharmacie El AHD El Jadid,Parapharmacie,Formel,Boulevard de la Grande Ceinture,33.5814694,-7.5632876,icons/pharmacy.png
Arrondissement de Moulay Rachid,Parapharmacie sans nom,Parapharmacie,Formel,Boulevard Al Aqid El Allam,33.5555291,-7.5470468,icons/pharmacy.png
Arrondissement de Moulay Rachid,Pharmacie Al Falah,Parapharmacie,Formel,Boulevard Al Aqid El Allam,33.5583991,-7.5495037,icons/pharmacy.png
Ancienne Medina,Café Monsieur,Café,Formel,Boulevard Rahal El Meskini,33.5877075,-7.6142021,icons/cafe.png
Ancienne Medina,Pharmacie de Lorraine,Parapharmacie,Formel,Boulevard Rahal El Meskini,33.5876576,-7.6144999,icons/pharmacy.png
Ancienne Medina,Asia Supermarché,Supermarché,Formel,Boulevard Rahal El Meskini,33.588586,-7.6110077,icons/supermarket.png
Arrondissement de Sidi Othmane,Café Al Horia,Café,Formel,Avenue du 10 Mars 1982,33.5640158,-7.5694406,icons/cafe.png
Arrondissement de Moulay Rachid,Parapharmacie sans nom,Parapharmacie,Formel,Parapharmacie sans nom,33.5547915,-7.5345102,icons/pharmacy.png
Sidi Othmane,Parapharmacie sans nom,Parapharmacie,Formel,Avenue du Commandant Idriss Elharti,33.557046,-7.5588037,icons/pharmacy.png
Arrondissement de Sidi Othmane,Café Chabab,Restaurant,Formel,Avenue du 10 Mars 1982,33.5618099,-7.5656694,icons/restaurant.png
Arrondissement de Sidi Othmane,Parapharmacie sans nom,Parapharmacie,Formel,Avenue du 10 Mars 1982,33.5622993,-7.5662756,icons/pharmacy.png
Préfecture d'arrondissements de Ben M'sick,Pharmacie el Hanaa,Parapharmacie,Formel,Boulevard de l'Unité Africaine,33.5570658,-7.5818767,icons/pharmacy.png
Préfecture d'arrondissements de Ben M'sick,Pharmacie Para,Parapharmacie,Formel,Boulevard Abou Horaira,33.5576861,-7.5796075,icons/pharmacy.png
Arrondissement d'Al Fida,Parapharmacie sans nom,Parapharmacie,Formel,Boulevard Abdellah Senhaji,33.5646115,-7.5879666,icons/pharmacy.png
Arrondissement de Sidi Othmane,Pharmacie el Othmania,Parapharmacie,Formel,Boulevard Abou Horaira,33.5627982,-7.5705381,icons/pharmacy.png
Préfecture d'arrondissements de Ben M'sick,Pharmacie Calogera,Parapharmacie,Formel,Rue 73,33.5584983,-7.5864208,icons/pharmacy.png
Arrondissement de Sidi Othmane,Café Rostou,Café,Formel,Boulevard Abou Horaira,33.5619356,-7.5719364,icons/cafe.png
Arrondissement de Sidi Belyout,Pharmacie Mersultan,Parapharmacie,Formel,Avenue Mers Sultan,33.5839923,-7.6155918,icons/pharmacy.png
Ancienne Medina,Café Les Alpes,Café,Formel,Boulevard de la Liberté,33.5869275,-7.6119141,icons/cafe.png
Bachkou,Cafe Le 13,Café,Formel,Rue 1,33.5553235,-7.6269016,icons/cafe.png
Arrondissement des Roches noires,L'Araignee,Restaurant,Formel,Boulevard Hassan Alaoui,33.5783371,-7.5884742,icons/restaurant.png
Bachkou,Porte Californie,Parapharmacie,Formel,Route de La Mecque,33.5596798,-7.6287738,icons/pharmacy.png
L'Hermitage,Para & Pharmacie Merieux,Parapharmacie,Formel,Boulevard Abdelmoumen,33.5673158,-7.6260406,icons/pharmacy.png
Derb Ghallef درب غلف,Pharmacie Abdelmoumen,Parapharmacie,Formel,Boulevard Abdelmoumen,33.5764002,-7.6259212,icons/pharmacy.png
Palmiers,Parapharmacie sans nom,Parapharmacie,Formel,Boulevard Abdelmoumen,33.5816236,-7.6244299,icons/pharmacy.png
Bachkou,Pizza Hut,Restaurant,Formel,Boulevard Taddart,33.5559918,-7.6280361,icons/restaurant.png
Bachkou,Pharmacie Taddart,Parapharmacie,Formel,Route de Taddart,33.5563383,-7.624332,icons/pharmacy.png
Bachkou,Restaurant Sushing,Restaurant,Formel,Route de Taddart,33.5552927,-7.6239109,icons/restaurant.png
Bachkou,La Goyave,Café,Formel,Route de Taddart,33.5543439,-7.6237741,icons/cafe.png
Maârif,Para & Pharmacie,Parapharmacie,Formel,Boulevard Ibrahim Roudani,33.5873383,-7.6281434,icons/pharmacy.png
Palmiers,Café Al Amana,Café,Formel,Rue Ibnou Bouraid,33.583915,-7.6283175,icons/cafe.png
Palmiers,Café Club,Café,Formel,Café Club,33.5828766,-7.6294366,icons/cafe.png
Ancienne Medina,Cremerie Cadillac,Restaurant,Formel,Boulevard de Paris,33.593863,-7.6215278,icons/restaurant.png
Arrondissement de Sidi Belyout,Espace Café,Café,Formel,Rue Al Woroud,33.5845274,-7.6211093,icons/cafe.png
Arrondissement de Sidi Belyout,Dragon Rouge,Restaurant,Formel,Rue Mostafa Al Maani,33.5866702,-7.6195295,icons/restaurant.png
Arrondissement de Sidi Belyout,Café Élite,Café,Formel,Rue Mostafa Al Maani,33.5867395,-7.6191245,icons/cafe.png
Ancienne Medina,Glacier Cafeteria Tasman,Café,Formel,Rue Omarslaoui,33.5871897,-7.6202121,icons/cafe.png
Ancienne Medina,Tacos Paco's,Restaurant,Formel,Rue Omarslaoui,33.5873919,-7.6200056,icons/restaurant.png
Ancienne Medina,McDonald's,Restaurant,Formel,Avenue Mers Sultan,33.5881192,-7.6175943,icons/restaurant.png
Arrondissement de Sidi Belyout,Pharmacie Principale,Parapharmacie,Formel,Avenue Mers Sultan,33.5876567,-7.6174173,icons/pharmacy.png
Arrondissement de Sidi Belyout,Brasserie Soleil,Café,Formel,Rue Tarrablous,33.5877405,-7.6189394,icons/cafe.png
Arrondissement de Sidi Belyout,Restaurant Anfa,Restaurant,Formel,Rue Allal Al Fassi,33.587965,-7.6181281,icons/restaurant.png
Arrondissement de Sidi Belyout,Café Faracha,Café,Formel,Rue Allal Al Fassi,33.5879583,-7.6182568,icons/cafe.png
Arrondissement de Sidi Belyout,Café la Palmerale,Café,Formel,Rue Allal Al Fassi,33.5879494,-7.6185545,icons/cafe.png
Arrondissement de Sidi Belyout,Chawarmati,Restaurant,Formel,Rue Allal Al Fassi,33.5879293,-7.6187316,icons/restaurant.png
Arrondissement de Sidi Belyout,Le Triangle,Restaurant,Formel,Rue Allal Al Fassi,33.5879136,-7.6188844,icons/restaurant.png
Arrondissement de Sidi Belyout,Café Le Capitole,Café,Formel,Rue Allal Al Fassi,33.5879025,-7.6191325,icons/cafe.png
Ancienne Medina,Midi Grill,Restaurant,Formel,Rue Omarslaoui,33.5882734,-7.6191768,icons/restaurant.png
Ancienne Medina,Génial,Restaurant,Formel,Boulevard de Paris,33.5939764,-7.6212837,icons/restaurant.png
Ancienne Medina,Pharmacie Minuit,Parapharmacie,Formel,Boulevard de Paris,33.5934804,-7.6201545,icons/pharmacy.png
Ancienne Medina,Parisienne,Parapharmacie,Formel,Avenue Hassan II,33.5897899,-7.6195932,icons/pharmacy.png
Ancienne Medina,Fish,Restaurant,Formel,Rue Omarslaoui,33.5884516,-7.6189864,icons/restaurant.png
Ancienne Medina,VIP Ole Cafe,Café,Formel,Rue Lieutenent Berger,33.5885756,-7.6196589,icons/cafe.png
Ancienne Medina,Cafe Nadif,Café,Formel,Rue Lieutenent Berger,33.588751,-7.619964,icons/cafe.png
Arrondissement de Sidi Belyout,Pharmacie du Parc,Parapharmacie,Formel,Avenue Hassan II,33.5872545,-7.6211335,icons/pharmacy.png
Ancienne Medina,Woody Chay Pizza,Restaurant,Formel,Rue Omarslaoui,33.58644,-7.6212743,icons/restaurant.png
Ancienne Medina,Sushi Kiosque,Restaurant,Formel,Rue Omarslaoui,33.5863831,-7.6213648,icons/restaurant.png
Arrondissement de Sidi Belyout,Café Fiori,Café,Formel,Avenue Hassan II,33.5862713,-7.6216806,icons/cafe.png
Arrondissement de Sidi Belyout,Para & Parapharmacie Oliveri,Parapharmacie,Formel,Rue Ibn Tofail,33.5848798,-7.6240269,icons/pharmacy.png
Arrondissement de Sidi Belyout,La Rotonde,Restaurant,Formel,Boulevard Mohamed Zerktouni,33.5835632,-7.6231066,icons/restaurant.png
Arrondissement de Sidi Belyout,Red Coffee,Café,Formel,Boulevard Mohamed Zerktouni,33.583428,-7.6228702,icons/cafe.png
Arrondissement de Sidi Belyout,Pizzaria le Drapeau,Restaurant,Formel,Rue Errommene,33.5837218,-7.6222828,icons/restaurant.png
Arrondissement de Sidi Belyout,El Presto,Café,Formel,Rue Mostafa Al Maani,33.5853457,-7.6211469,icons/cafe.png
Arrondissement de Sidi Belyout,Café Icarus,Café,Formel,Rue Mostafa Al Maani,33.585291,-7.6211999,icons/cafe.png
Arrondissement de Sidi Belyout,Café Panam,Café,Formel,Rue Al Woroud,33.5851156,-7.6208572,icons/cafe.png
Arrondissement de Sidi Belyout,La Fontaine à Jus,Café,Formel,Rue Al Woroud,33.5850083,-7.6209129,icons/cafe.png
Arrondissement de Sidi Belyout,Pharmacie Mercure,Parapharmacie,Formel,Rue Darâa,33.5849916,-7.6210879,icons/pharmacy.png
Arrondissement de Sidi Belyout,Cafétéria Tassili,Café,Formel,Rue Saad Ben Abi Waqqas,33.5844994,-7.6213132,icons/cafe.png
Arrondissement de Sidi Belyout,Meson Asador,Restaurant,Formel,Rue Al Woroud,33.5847519,-7.6210168,icons/restaurant.png
Arrondissement de Sidi Belyout,Los Olivos,Restaurant,Formel,Rue El Haman,33.5846997,-7.6204271,icons/restaurant.png
Arrondissement de Sidi Belyout,Ballon Ovale,Café,Formel,Rue Agadir,33.5836123,-7.6196985,icons/cafe.png
Arrondissement de Sidi Belyout,Snack City,Supérette / Mini-market,Formel,Rue Darâa,33.5850687,-7.621232,icons/convenience.png
L'Oasis,Parapharmacie sans nom,Parapharmacie,Formel,Boulevard Abderrahim Bouabid,33.5592451,-7.6384109,icons/pharmacy.png
Mohammédia,Pharmacie Chabab صيدلية الشباب,Parapharmacie,Formel,"Boulevard Al Horriya, MOHAMMEDIA",33.6865769,-7.3892151,icons/pharmacy.png
Mohammédia,Pharmacie Mohammedia صيدلية المحمدية,Parapharmacie,Formel,"Boulevard Achorfa, Mohammedia",33.6836696,-7.3930492,icons/pharmacy.png
Mohammédia,Pharmacie El Hassania صيدلية الحسانية,Parapharmacie,Formel,Mohammédia المحمدية,33.677093,-7.393481,icons/pharmacy.png
Mohammédia,Pharmacie Cadi Tazi صيدلية القاضي التازي,Parapharmacie,Formel,"Boulevard Cadi Tazi, Mohammedia",33.6787291,-7.3960425,icons/pharmacy.png
Mohammédia,Pharmacie Imane صيدلية إيمان,Parapharmacie,Formel,"Boulevard De La Resistance, Mohammédia المحمدية",33.679016,-7.3916839,icons/pharmacy.png
Mohammédia,Pharmacie Mesbahiate صيدلية المصباحيات,Parapharmacie,Formel,"Boulevard Cadi Tazi, Mohammédia المحمدية",33.674756,-7.3962222,icons/pharmacy.png
Mohammédia,Pharmacie Jamila صيدلية جميلة,Parapharmacie,Formel,"Boulevard de Tadla, Mohammédia المحمدية",33.6840168,-7.3866677,icons/pharmacy.png
Palmiers,Pharmacie de L'opera,Parapharmacie,Formel,Rue Mohamed Bahi,33.580465,-7.6331471,icons/pharmacy.png
Palmiers,Café Bleu-Blanc,Café,Formel,Rue Al Mortada,33.5829219,-7.6307144,icons/cafe.png
Maârif,Speedy Pizza,Restaurant,Formel,Boulevard Ibrahim Roudani,33.5829487,-7.6325181,icons/restaurant.png
Maârif,Treff Restaurant,Restaurant,Formel,Boulevard Ibrahim Roudani,33.5852524,-7.6301752,icons/restaurant.png
Maârif,Parapharmacie sans nom,Parapharmacie,Formel,Boulevard Ibrahim Roudani,33.5846692,-7.6308243,icons/pharmacy.png
Palmiers,Pharmacie du Palmier,Parapharmacie,Formel,Boulevard Mohamed Abdou,33.5825023,-7.6259098,icons/pharmacy.png
Maârif,Glacier Missouri,Café,Formel,Rue Mohamed Bahi,33.5802013,-7.6334944,icons/cafe.png
Maârif,Café de Nono,Café,Formel,Rue Mohamed Bahi,33.5798063,-7.6346713,icons/cafe.png
Palmiers,Bio Ice,Restaurant,Formel,Boulevard du 9 Avril,33.5810259,-7.6322009,icons/restaurant.png
Palmiers,Pharmacie du Louvre,Parapharmacie,Formel,Rue Al Mortada,33.5824498,-7.6306697,icons/pharmacy.png
Palmiers,Pizza House,Restaurant,Formel,Boulevard du 9 Avril,33.5826493,-7.6295794,icons/restaurant.png
Mohammédia,Pharmacie Moqawama صيدلية المقاومة,Parapharmacie,Formel,"Boulevard De La Resistance, Mohammédia المحمدية",33.6876032,-7.379985,icons/pharmacy.png
Al Fida,Pharmacie Hacha,Parapharmacie,Formel,Rue 5,33.5666766,-7.602578,icons/pharmacy.png
Palmiers,Pharmacie Ghalef,Parapharmacie,Formel,Rue Jabir Al Ansari,33.5773527,-7.6308055,icons/pharmacy.png
Palmiers,Café Palmier,Café,Formel,Rue Jabir Al Ansari,33.5783147,-7.630255,icons/cafe.png
Derb Ghallef درب غلف,Droguerie Al Mal,Parapharmacie,Formel,Droguerie Al Mal,33.5759608,-7.6318585,icons/pharmacy.png
Palmiers,Snack Abdou,Supérette / Mini-market,Formel,Zanqat 35,33.5770497,-7.6330103,icons/convenience.png
Palmiers,Snack Amine,Supérette / Mini-market,Formel,Zanqat 35,33.5769276,-7.6332021,icons/convenience.png
Mers Sultan,Pharmacie Kastalani,Parapharmacie,Formel,Rue Daoud el Antaki,33.5737722,-7.6077627,icons/pharmacy.png
Riviera,Pharmacie Jerrada,Parapharmacie,Formel,Boulevard Abderrahim Bouabid,33.5627318,-7.6429452,icons/pharmacy.png
Beauséjour,Clic Resto,Restaurant,Formel,Clic Resto,33.5692119,-7.6464826,icons/restaurant.png
CIL,Snack Wassila,Restaurant,Formel,Snack Wassila,33.572345,-7.6488023,icons/restaurant.png
Beauséjour,Pizza Hut,Restaurant,Formel,Boulevard Ghandi,33.5705797,-7.6460968,icons/restaurant.png
Mohammédia,Pharmacie Boulevard Hassan II صيدلية شارع الحسن الثاني,Parapharmacie,Formel,"Boulevard Hassan II, Mohammedia",33.6912566,-7.3941663,icons/pharmacy.png
Cité Plateau,Snack Aloum,Supérette / Mini-market,Formel,Boulevard d'Anoual,33.569411,-7.6285833,icons/convenience.png
Cité Plateau,Pharmacie Aloum,Parapharmacie,Formel,Boulevard d'Anoual,33.569402,-7.6285002,icons/pharmacy.png
Derb Ghallef درب غلف,Para & Pharmacie Benzit,Parapharmacie,Formel,Para & Pharmacie Benzit,33.5702345,-7.6283842,icons/pharmacy.png
Derb Ghallef درب غلف,Pharmacie Attissir,Parapharmacie,Formel,Zanqat 93,33.5726269,-7.6290178,icons/pharmacy.png
Derb Ghallef درب غلف,Café Snack Al Hadaf,Café,Formel,Café Snack Al Hadaf,33.5725732,-7.6305762,icons/cafe.png
Derb Ghallef درب غلف,Salon Thé,Café,Formel,Zanqat 93,33.5725537,-7.6294597,icons/cafe.png
Derb Ghallef درب غلف,Snack Fixi,Supérette / Mini-market,Formel,Rue Abderrahman Zemmouri,33.5754778,-7.6263933,icons/convenience.png
Derb Ghallef درب غلف,Pharmacie Zaouia,Parapharmacie,Formel,Rue Al Maadane,33.5765622,-7.6278631,icons/pharmacy.png
Derb Ghallef درب غلف,Fuego,Café,Formel,Zanqat 93,33.5739174,-7.6309879,icons/cafe.png
Palmiers,Snack Essaada,Supérette / Mini-market,Formel,Zanqat 35,33.577312,-7.6329808,icons/convenience.png
Derb Ghallef درب غلف,Les Amis,Café,Formel,Boulevard Abdelmoumen,33.5751555,-7.6260312,icons/cafe.png
Derb Ghallef درب غلف,Maro Snack,Supérette / Mini-market,Formel,Boulevard Abdelmoumen,33.575046,-7.6260258,icons/convenience.png
Derb Ghallef درب غلف,Café Abd El Moumen,Café,Formel,Boulevard Abdelmoumen,33.5748985,-7.6260272,icons/cafe.png
Derb Ghallef درب غلف,Pharmacie Diamond,Parapharmacie,Formel,Rue Abderrahman Zemmouri,33.5755968,-7.6262176,icons/pharmacy.png
Mers Sultan,Pharmacie Du Gharb,Parapharmacie,Formel,Rue de Smyrne,33.573266,-7.6032552,icons/pharmacy.png
Mers Sultan,Pharmacie Hay El Baladia,Parapharmacie,Formel,Rue Moulay Idrissi,33.5745119,-7.6053393,icons/pharmacy.png
Cité Plateau,Parapharmacie sans nom,Parapharmacie,Formel,Boulevard Ghandi,33.5672683,-7.639982,icons/pharmacy.png
Cité Plateau,Clay Oven,Restaurant,Formel,Boulevard Gandhi,33.5689908,-7.6432429,icons/restaurant.png
Val Fleuri,Pharmacie Val Fleuri صيدلية ڤال فلوري,Parapharmacie,Formel,Avenue Stendhal شارع ستندال,33.5750129,-7.6346567,icons/pharmacy.png
Maârif,Ifri,Café,Formel,Boulevard Ibrahim Roudani,33.5745655,-7.6403026,icons/cafe.png
Les Princesses,Parapharmacie,Parapharmacie,Formel,Rue Ben Jilali Taj Eddine,33.5783835,-7.6373354,icons/pharmacy.png
Maârif,Château de Jus,Restaurant,Formel,Boulevard Ibrahim Roudani,33.5796337,-7.6357582,icons/restaurant.png
Maârif,Café Arcadie,Café,Formel,Boulevard Ibrahim Roudani,33.5704211,-7.643538,icons/cafe.png
Maârif,Pharmacie Route El Jadda,Parapharmacie,Formel,Boulevard Ibrahim Roudani,33.5730001,-7.641533,icons/pharmacy.png
Sidi Bernoussi,Pharmacie Bouabid,Parapharmacie,Formel,Boulevard Bensaid Salah Mohamed,33.6116239,-7.5018597,icons/pharmacy.png
Arrondissement de Sidi Bernoussi,Pharmacie Hay Amal,Parapharmacie,Formel,Pharmacie Hay Amal,33.6025766,-7.5115827,icons/pharmacy.png
Sidi Bernoussi,Pharmacie Du Maghree Arabe,Parapharmacie,Formel,Pharmacie Du Maghree Arabe,33.6123063,-7.5072241,icons/pharmacy.png
Californie,Pharmacie Arij,Parapharmacie,Formel,Boulevard Dammam,33.5447055,-7.6376867,icons/pharmacy.png
Californie,Pharmacie Fleming,Parapharmacie,Formel,Boulevard de La Mecque,33.5326531,-7.62962,icons/pharmacy.png
Val Fleuri,Real Time Coffee,Café,Formel,Real Time Coffee,33.5729262,-7.6383609,icons/cafe.png
Val Fleuri,Pharmacie Al Hilal,Parapharmacie,Formel,Rue Bachir Laalej زنقة البشير العلج,33.5724508,-7.6375345,icons/pharmacy.png
Val Fleuri,Le Brunch Gourmet,Restaurant,Formel,Rue Le Titien,33.575946,-7.6357397,icons/restaurant.png
Derb Ghallef درب غلف,Parapharmacie sans nom,Parapharmacie,Formel,Boulevard Abdelmoumen,33.5761253,-7.6259561,icons/pharmacy.png
Sidi Bernoussi,Pharmacie L Entente,Parapharmacie,Formel,Boulevard Ahmed Ben Bassou,33.6056126,-7.5144956,icons/pharmacy.png
Sidi Bernoussi,Pharmacie Sabrine,Parapharmacie,Formel,Pharmacie Sabrine,33.6071305,-7.5123109,icons/pharmacy.png
Sidi Bernoussi,صيدلية طارق,Parapharmacie,Formel,Boulevard Abou Dhar Al-Ghifari,33.6080715,-7.5152714,icons/pharmacy.png
Arrondissement d'Aïn Sebaâ,Pharmacie Ghabab,Parapharmacie,Formel,Boulevard Abi Der Al-Ghaffari,33.6042666,-7.5235976,icons/pharmacy.png
Sidi Bernoussi,Pharmacie du Quartier,Parapharmacie,Formel,Boulevard Souhaib Arroumi,33.6062102,-7.5066648,icons/pharmacy.png
Sidi Bernoussi,Pharmacie Yafa,Parapharmacie,Formel,Boulevard Mbarek Ben Boubker Hamadi,33.6121097,-7.4984264,icons/pharmacy.png
Sidi Bernoussi,Parapharmacie sans nom,Parapharmacie,Formel,Boulevard Souhaib Arroumi,33.6076957,-7.5038847,icons/pharmacy.png
Arrondissement d'Aïn-Chock,Pharmacie Panoramique,Parapharmacie,Formel,Boulevard Panoramique,33.5558532,-7.5979806,icons/pharmacy.png
Arrondissement d'Aïn-Chock,Parapharmacie sans nom,Parapharmacie,Formel,Boulevard Panoramique,33.5545054,-7.600797,icons/pharmacy.png
Arrondissement d'Aïn-Chock,Pharmacie Hay Rmila,Parapharmacie,Formel,Rue 22,33.5580225,-7.5993432,icons/pharmacy.png
Arrondissement d'Aïn-Chock,Pharmacie Mouad,Parapharmacie,Formel,Boulevard de Berrechid,33.5527865,-7.5944549,icons/pharmacy.png
Arrondissement d'Aïn-Chock,Pharmacie de la Commune,Parapharmacie,Formel,Boulevard Zagora,33.55473,-7.5963593,icons/pharmacy.png
Val Fleuri,Phuket's,Café,Formel,Rue Le Titien,33.5757584,-7.636172,icons/cafe.png
Val Fleuri,Lopez,Restaurant,Formel,Lopez,33.572937,-7.6387234,icons/restaurant.png
Val Fleuri,Ibrine,Boulangerie,Formel,Rue Bachir Laalej زنقة البشير العلج,33.5729102,-7.6386427,icons/bakery.png
Val Fleuri,Ambre,Restaurant,Formel,Rue Al Bachir Laalaj,33.572219,-7.6378034,icons/restaurant.png
Val Fleuri,Mira Fiori,Café,Formel,Mira Fiori,33.5744069,-7.6377277,icons/cafe.png
Val Fleuri,Parahealth,Parapharmacie,Formel,Rue Racine زنقة راسين,33.5751784,-7.6370672,icons/pharmacy.png
Arrondissement d'Aïn Sebaâ,Café Majorelle,Café,Formel,Boulevard Chefchaoui,33.6135058,-7.5274158,icons/cafe.png
Mers Sultan,Grande Pharmacie de Liebonne,Parapharmacie,Formel,Rue Abdeslam Khattabi,33.5752543,-7.6136027,icons/pharmacy.png
Les Hôpitaux,Pharmacie Des Facultes,Parapharmacie,Formel,Avenue Idriss 1er,33.5721987,-7.6190963,icons/pharmacy.png
Les Hôpitaux,Pharmacie Al Boudour,Parapharmacie,Formel,Rue Sebta,33.5794383,-7.6174131,icons/pharmacy.png
Arrondissement d'Aïn-Chock,Pharmacie Sefrou,Parapharmacie,Formel,Pharmacie Sefrou,33.5438202,-7.5859161,icons/pharmacy.png
Arrondissement d'Aïn-Chock,Parapharmacie sans nom,Parapharmacie,Formel,Rue 265,33.5456958,-7.5868911,icons/pharmacy.png
Arrondissement d'Aïn Sebaâ,Pharmacie de la Plage,Parapharmacie,Formel,Boulevard Ahmed Mekouar,33.6177529,-7.5391068,icons/pharmacy.png
Assoukhour Assawda,Pharmacie des Halles,Parapharmacie,Formel,Rue Mohammed Ben Radi Slaoui,33.5899022,-7.5961058,icons/pharmacy.png
Californie,Pharmacie SoulaÏma,Parapharmacie,Formel,Boulevard de Fès,33.5435565,-7.6157114,icons/pharmacy.png
Arrondissement d'Aïn-Chock,Pharmacie Jordins Polo,Parapharmacie,Formel,Boulevard de l'Atlantide,33.5526591,-7.6183212,icons/pharmacy.png
Ancienne Medina,Para Pharmacie Safir,Parapharmacie,Formel,Rue Nichakra Rahal,33.5946835,-7.6086337,icons/pharmacy.png
Arrondissement d'Aïn-Chock,Pharmacie Al Irchad,Parapharmacie,Formel,Hay Yasmina III,33.5390462,-7.5843832,icons/pharmacy.png
Mers Sultan,Pharmacie du Mechouar,Parapharmacie,Formel,Rue d'Arcachon,33.5858356,-7.6042986,icons/pharmacy.png
Arrondissement de Mers Sultan,Parapharmacie sans nom,Parapharmacie,Formel,Rue Bachir Ibrahimi,33.5876142,-7.6034148,icons/pharmacy.png
Arrondissement d'Aïn-Chock,Pharmacie des Dalias,Parapharmacie,Formel,Boulevard Panoramique,33.5504763,-7.6156577,icons/pharmacy.png
Arrondissement d'Aïn-Chock,Parapharmacie sans nom,Parapharmacie,Formel,Boulevard Panoramique,33.5524523,-7.6072799,icons/pharmacy.png
Arrondissement d'Aïn-Chock,Pharmacie Californie,Parapharmacie,Formel,Boulevard Panoramique,33.5499945,-7.6209672,icons/pharmacy.png
Arrondissement d'Aïn-Chock,Cafe Agouz Harbala,Café,Formel,Zanqat 3,33.5382832,-7.5869816,icons/cafe.png
L'Hermitage,Pharmacie L'Ermitage,Parapharmacie,Formel,Avenue De l'Hermitage,33.5659379,-7.6207003,icons/pharmacy.png
Riviera,Pharmacie Ibork,Parapharmacie,Formel,Route de l'Oasis,33.5629073,-7.6282936,icons/pharmacy.png
Californie,Pharmacie Les Cygnes,Parapharmacie,Formel,Route de l'Oasis,33.5596374,-7.6297139,icons/pharmacy.png
L'Hermitage,Pharmacie Tontonville,Parapharmacie,Formel,Allée Des Cygnes,33.5660541,-7.6234536,icons/pharmacy.png
L'Hermitage,Pharmacie Anoual,Parapharmacie,Formel,Rue Abou Maachar,33.5688143,-7.6174629,icons/pharmacy.png
L'Hermitage,La Seine,Café,Formel,Boulevard Abdelmoumen,33.5689662,-7.62583,icons/cafe.png
Arrondissement d'Aïn-Chock,Cafe Roma!,Café,Formel,Rue 1,33.5343869,-7.5896323,icons/cafe.png
Arrondissement d'Aïn-Chock,Pharmacie El Mostakbal,Parapharmacie,Formel,Pharmacie El Mostakbal,33.5365344,-7.5929314,icons/pharmacy.png
Arrondissement d'Aïn-Chock,Cafe El Mamouina,Café,Formel,Boulevard de Smara,33.5405574,-7.5940479,icons/cafe.png
Arrondissement d'Aïn-Chock,Pharmacie Al Andalib,Parapharmacie,Formel,Zanqat 33,33.5324166,-7.5862741,icons/pharmacy.png
Arrondissement d'Aïn-Chock,Cafe 7iLES,Café,Formel,Boulevard de Tiflet,33.5379205,-7.5953695,icons/cafe.png
Arrondissement d'Aïn-Chock,Pharmacie Rania,Parapharmacie,Formel,Rue 10,33.5307571,-7.6120415,icons/pharmacy.png
Arrondissement d'Aïn-Chock,Milk House,Café,Formel,Avenue 2 Mars,33.5393329,-7.599079,icons/cafe.png
Arrondissement d'Aïn-Chock,Cafe Galactica,Café,Formel,Avenue 2 Mars,33.5391445,-7.5989114,icons/cafe.png
Mers Sultan,Parapharmacie sans nom,Parapharmacie,Formel,Boulevard Lamartine,33.5702401,-7.609828,icons/pharmacy.png
Cité Plateau,Parapharmacie sans nom,Parapharmacie,Formel,Boulevard d'Anoual,33.5696479,-7.621973,icons/pharmacy.png
Cité Plateau,Massilya Cafe,Café,Formel,Boulevard d'Anoual,33.5695909,-7.6257804,icons/cafe.png
Mers Sultan,Café Essannara,Café,Formel,40 Zanqat,33.570073,-7.6076353,icons/cafe.png
Mers Sultan,Pharmacie Derb Bouchemtouf,Parapharmacie,Formel,40 Zanqat,33.570016,-7.6073007,icons/pharmacy.png
Mers Sultan,Cafe Riscatto,Café,Formel,40 Zanqat,33.5701161,-7.6066791,icons/cafe.png
Arrondissement d'Aïn-Chock,Pharmacie Annajat,Parapharmacie,Formel,Avenue Mamar Tichka,33.5338504,-7.5979699,icons/pharmacy.png
Arrondissement d'Aïn-Chock,Pharmacie TAH,Parapharmacie,Formel,Rue 55,33.5265614,-7.6018001,icons/pharmacy.png
Arrondissement d'Aïn-Chock,Pharmacie El Baraka (2),Parapharmacie,Formel,Rue 48,33.5237379,-7.6003417,icons/pharmacy.png
Arrondissement d'Aïn-Chock,Pharmacie Chriea,Parapharmacie,Formel,Pharmacie Chriea,33.5346519,-7.6060447,icons/pharmacy.png
Mers Sultan,Espace Essaha,Restaurant,Formel,Rue 29,33.5695652,-7.604255,icons/restaurant.png
Mers Sultan,Espace El Mitre,Restaurant,Formel,Rue 10,33.5666319,-7.6085828,icons/restaurant.png
Mers Sultan,Espace Bruxellois,Restaurant,Formel,Rue 10,33.566647,-7.6085942,icons/restaurant.png
Mers Sultan,Parapharmacie,Parapharmacie,Formel,Boulevard el Fida,33.5688612,-7.6037226,icons/pharmacy.png
Mers Sultan,Cafe Holton,Café,Formel,Rue 46,33.5709295,-7.6044327,icons/cafe.png
Mers Sultan,Belma Juice,Restaurant,Formel,Boulevard el Fida,33.568982,-7.6035224,icons/restaurant.png
Mers Sultan,Parapharmacie sans nom,Parapharmacie,Formel,Rue de Beni M'guild,33.5720101,-7.6060005,icons/pharmacy.png
Mers Sultan,Parapharmacie sans nom,Parapharmacie,Formel,Rue 29,33.5701362,-7.6040693,icons/pharmacy.png
Arrondissement d'Aïn-Chock,Pharmacie Lumieres,Parapharmacie,Formel,Boulevard al Quds,33.538698,-7.6008727,icons/pharmacy.png
Arrondissement d'Aïn-Chock,Espace Lano,Restaurant,Formel,Boulevard de Tiflet,33.5363583,-7.5958724,icons/restaurant.png
راسين,Pharmacie Val d'Anfa,Parapharmacie,Formel,Boulevard d'Anfa شارع أنفا,33.5884615,-7.6432986,icons/pharmacy.png
Mers Sultan,Cafe Mogador,Café,Formel,Rue de Beni M'guild,33.570701,-7.6038694,icons/cafe.png
CIL,Chrono Pizza,Restaurant,Formel,Boulevard Ghandi,33.5723922,-7.6487508,icons/restaurant.png
CIL,Caribou Coffee,Café,Formel,Boulevard Ghandi,33.5749745,-7.6516248,icons/cafe.png
CIL,Restaurant Otkali,Restaurant,Formel,Boulevard Ghandi,33.5761041,-7.6528935,icons/restaurant.png
CIL,Pharmacie L'Olivier,Parapharmacie,Formel,Boulevard Ghandi,33.5769119,-7.6536874,icons/pharmacy.png
Arrondissement d'Al Fida,Pharmacie Pitchou,Parapharmacie,Formel,Pharmacie Pitchou,33.5658508,-7.6071055,icons/pharmacy.png
Arrondissement d'Al Fida,Para Vida,Supérette / Mini-market,Formel,Rue 21,33.5651892,-7.6079075,icons/convenience.png
Arrondissement d'Al Fida,Pharmacie Moumen,Parapharmacie,Formel,Rue 31,33.5632246,-7.6070821,icons/pharmacy.png
Mers Sultan,Pharmacie El Fida,Parapharmacie,Formel,Boulevard el Fida,33.5674957,-7.6059669,icons/pharmacy.png
Préfecture d'arrondissement de Hay Hassani,Pharmacie Les Sciences,Parapharmacie,Formel,Boulevard de Bouskoura,33.545318,-7.6598498,icons/pharmacy.png
Ferme Bretonne,Pharmacie M,Parapharmacie,Formel,Route Al Jamiaa,33.5576503,-7.6449408,icons/pharmacy.png
CIL,Pharmacie Oulmes,Parapharmacie,Formel,Pharmacie Oulmes,33.572076,-7.6486409,icons/pharmacy.png
Ancienne Medina,Café Versailles,Café,Formel,Boulevard Lahcen Ouidder,33.5879416,-7.6121977,icons/cafe.png
Ancienne Medina,Marjane,Supermarché,Formel,Boulevard Rahal El Meskini,33.5879069,-7.6125249,icons/supermarket.png
Ancienne Medina,Atlas Ifrane,Restaurant,Formel,Boulevard Rahal El Meskini,33.587898,-7.6135576,icons/restaurant.png
Ancienne Medina,Au Petit Port,Café,Formel,Boulevard Rahal El Meskini,33.5879985,-7.6132518,icons/cafe.png
Ancienne Medina,Ahalina Spécialités Orientales,Restaurant,Formel,Boulevard Rahal El Meskini,33.5880577,-7.6129541,icons/restaurant.png
Ancienne Medina,Patisserie Boulangerie,Boulangerie,Formel,Boulevard du 11 Janvier,33.58889,-7.6132317,icons/bakery.png
Ancienne Medina,Café Colisee,Café,Formel,Boulevard du 11 Janvier,33.5891928,-7.6132894,icons/cafe.png
Ancienne Medina,Supermarché sans nom,Supermarché,Formel,Rue Al Habacha,33.588499,-7.6144239,icons/supermarket.png
Ancienne Medina,El Barco,Restaurant,Formel,Rue EssanoIbar,33.5886119,-7.6143153,icons/restaurant.png
Ancienne Medina,Espace Palmier Du Sud,Café,Formel,Rue Abou Bakr Essediq,33.5878823,-7.6156604,icons/cafe.png
Arrondissement de Sidi Belyout,Cafe Avalone,Café,Formel,Rue Attaous,33.5873394,-7.6148558,icons/cafe.png
Arrondissement de Sidi Belyout,Resaurant Des Billards,Restaurant,Formel,Rue Abou Bakr Essediq,33.5868478,-7.6151709,icons/restaurant.png
Arrondissement de Sidi Belyout,Marjorelle,Restaurant,Formel,Rue Hadj Omar Riffi,33.586354,-7.614955,icons/restaurant.png
Arrondissement de Sidi Belyout,MarIInsky,Restaurant,Formel,Boulevard d'Alsace,33.5854736,-7.6157543,icons/restaurant.png
Arrondissement de Sidi Belyout,Café Espace Mers Sultan Snack,Café,Formel,Rue Zerhoune,33.5848301,-7.6160668,icons/cafe.png
Arrondissement de Sidi Belyout,Café Break,Café,Formel,Rue Lel Yamama,33.5838369,-7.6145299,icons/cafe.png
Mers Sultan,Pharmacie Azerktouni,Parapharmacie,Formel,Boulevard de la Résistance,33.5836391,-7.6128348,icons/pharmacy.png
Arrondissement de Sidi Belyout,Pharmacie Ben J'Dia,Parapharmacie,Formel,Rue de Metz,33.5852279,-7.6084761,icons/pharmacy.png
Arrondissement de Sidi Belyout,Pharmacie Quincaillerie Khalie,Parapharmacie,Formel,Boulevard Lahcen Ouidder,33.5852111,-7.6099433,icons/pharmacy.png
Mers Sultan,Parapharmacie sans nom,Parapharmacie,Formel,Boulevard de la Résistance,33.5842972,-7.608574,icons/pharmacy.png
Arrondissement de Sidi Belyout,Le Coin,Restaurant,Formel,Boulevard de la Résistance,33.5848782,-7.6078324,icons/restaurant.png
Arrondissement de Sidi Belyout,Widane Palace,Restaurant,Formel,Boulevard de la Résistance,33.5848558,-7.6079075,icons/restaurant.png
Arrondissement de Sidi Belyout,Café Megouna,Café,Formel,Rue Tarrablous,33.5846056,-7.6187047,icons/cafe.png
Arrondissement de Sidi Belyout,Café Younes,Café,Formel,Rue Tarrablous,33.58602,-7.6188241,icons/cafe.png
Arrondissement de Sidi Belyout,Pharmacie Lamoriciere,Parapharmacie,Formel,Rue Tarrablous,33.5857775,-7.6186109,icons/pharmacy.png
Ancienne Medina,Restaurant Chez Pierre,Restaurant,Formel,Rue Yaman,33.5894766,-7.6124364,icons/restaurant.png
Ancienne Medina,Coffee Tim,Café,Formel,Boulevard Rahal El Meskini,33.5886683,-7.6101163,icons/cafe.png
Ancienne Medina,Café Glacier Tichka,Café,Formel,Boulevard de Strasbourg,33.5886521,-7.609321,icons/cafe.png
Arrondissement de Sidi Belyout,Cafe Sindibad,Café,Formel,Rue el Bakri,33.5922035,-7.6043482,icons/cafe.png
Ancienne Medina,Legumes & Fruits,Épicerie,Informel,Rue Faidi Khalifa,33.5922058,-7.604536,icons/greengrocer.png
Ancienne Medina,Parapharmacie sans nom,Parapharmacie,Formel,Rue des Anglais,33.5951203,-7.6210892,icons/pharmacy.png
Ancienne Medina,Café Rotterdam,Café,Formel,Boulevard Moulay Hassan Ier,33.5948723,-7.6199399,icons/cafe.png
Ancienne Medina,Restaurant Savoy,Restaurant,Formel,Boulevard Moulay Hassan Ier,33.5945662,-7.6209028,icons/restaurant.png
Ancienne Medina,Pharmacie Hatim,Parapharmacie,Formel,Rue Ferhat Hached,33.5895212,-7.6172255,icons/pharmacy.png
Ancienne Medina,Cafe Le Surfin,Café,Formel,Zanqat Al Amir Moulay Abdellah,33.5893023,-7.6175125,icons/cafe.png
Ancienne Medina,Pizza a la Bonne,Restaurant,Formel,Rue Al Araar,33.5897483,-7.6157184,icons/restaurant.png
Ancienne Medina,La Corrida,Restaurant,Formel,Rue Al Araar,33.590034,-7.6152192,icons/restaurant.png
Ancienne Medina,Café Jbel Asni,Café,Formel,Rue Al Araar,33.5903692,-7.6150301,icons/cafe.png
Ancienne Medina,Tout Va Bien,Restaurant,Formel,Boulevard du 11 Janvier,33.5906574,-7.6148263,icons/restaurant.png
Ancienne Medina,Cafe Regontino,Café,Formel,Boulevard du 11 Janvier,33.5905624,-7.6147404,icons/cafe.png
Ancienne Medina,Parapharmacie sans nom,Parapharmacie,Formel,Rue Abdelkrim Diouri,33.5924504,-7.6136528,icons/pharmacy.png
Ancienne Medina,Parapharmacie sans nom,Parapharmacie,Formel,Rue Ibn Batouta,33.5924795,-7.6134932,icons/pharmacy.png
Ancienne Medina,Le Grand Café,Café,Formel,Rue Mohammed El Quorri,33.5953884,-7.6142684,icons/cafe.png
Ancienne Medina,Grande Pharmacie de Paris,Parapharmacie,Formel,Rue Allal Ben Abdellah,33.595585,-7.6148357,icons/pharmacy.png
Ancienne Medina,Revine,Restaurant,Formel,Rue Allal Ben Abdellah,33.5955795,-7.6143301,icons/restaurant.png
Ancienne Medina,Akka,Café,Formel,Boulevard Mohamed Smiha,33.5945104,-7.6089428,icons/cafe.png
Ancienne Medina,Marjane,Supermarché,Formel,Boulevard Mohamed Smiha,33.59444,-7.6086746,icons/supermarket.png
Ancienne Medina,Pizzeria-cafe Chawarma,Restaurant,Formel,Rue de Karachi,33.5951226,-7.6086304,icons/restaurant.png
Ancienne Medina,Samar Layali,Restaurant,Formel,Samar Layali,33.5935284,-7.6082126,icons/restaurant.png
Ancienne Medina,Poulet Doré,Restaurant,Formel,Poulet Doré,33.5931793,-7.6078632,icons/restaurant.png
Ancienne Medina,Grand Pharmacie Du Maroc,Parapharmacie,Formel,Rue Ahmed Faris,33.5928275,-7.6070351,icons/pharmacy.png
Ancienne Medina,Parapharmacie sans nom,Parapharmacie,Formel,Boulevard de Khouribga,33.5893755,-7.6080979,icons/pharmacy.png
Ancienne Medina,Café Corino,Café,Formel,Boulevard Hassan Seghir,33.5896441,-7.6117538,icons/cafe.png
Ancienne Medina,Le Petit Cafe,Café,Formel,Boulevard Hassan Seghir,33.5897369,-7.611507,icons/cafe.png
Ancienne Medina,Majestic Resaurant Marocan,Restaurant,Formel,Avenue Lalla Yacout,33.5911209,-7.6133799,icons/restaurant.png
Ancienne Medina,Majestic Drugstore,Parapharmacie,Formel,Avenue Lalla Yacout,33.5911455,-7.6134483,icons/pharmacy.png
Ancienne Medina,Restaurant du Theatre,Restaurant,Formel,Avenue Lalla Yacout,33.5920438,-7.6166797,icons/restaurant.png
Ancienne Medina,Pharmacie de la Liberte,Parapharmacie,Formel,Avenue Lalla Yacout,33.5918762,-7.6162505,icons/pharmacy.png
Ancienne Medina,Boulangerie Pâtisserie,Boulangerie,Formel,Zanqat Al Amir Moulay Abdellah,33.5916226,-7.6163873,icons/bakery.png
Ancienne Medina,Cafe Lec,Café,Formel,Zanqat Al Amir Moulay Abdellah,33.5915444,-7.6161325,icons/cafe.png
Ancienne Medina,Cafe National,Café,Formel,Avenue Lalla Yacout,33.5918148,-7.616044,icons/cafe.png
Ancienne Medina,Golden Ice,Café,Formel,Avenue Lalla Yacout,33.5920415,-7.6160185,icons/cafe.png
Ancienne Medina,Pharmacie Des Archers,Parapharmacie,Formel,Avenue Lalla Yacout,33.591922,-7.6157677,icons/pharmacy.png
Ancienne Medina,Pharmacie de la Poste,Parapharmacie,Formel,Boulevard de Paris,33.5927163,-7.6177713,icons/pharmacy.png
Arrondissement de Sidi Belyout,Parapharmacie Para Bio,Parapharmacie,Formel,Rue El Fourate,33.5858502,-7.6212287,icons/pharmacy.png
Maârif,Pharmacie du Maârif,Parapharmacie,Formel,Boulevard Ibrahim Roudani,33.5811164,-7.6342629,icons/pharmacy.png
Arrondissement d'Aïn Sebaâ,mama Africa,Café,Formel,Boulevard Chefchaouni,33.6086656,-7.5344386,icons/cafe.png
Préfecture d'arrondissement de Hay Hassani,Parapharmacie sans nom,Parapharmacie,Formel,Route Haj Fateh,33.5397001,-7.6818808,icons/pharmacy.png
Préfecture d'arrondissement de Hay Hassani,Land Blanca,Café,Formel,Route Haj Fateh,33.5396023,-7.68174,icons/cafe.png
Préfecture d'arrondissement de Hay Hassani,Mon Ami,Restaurant,Formel,Boulevard Omar Khayam,33.5376656,-7.6687118,icons/restaurant.png
Préfecture d'arrondissement de Hay Hassani,Pharmacie Lausinne,Parapharmacie,Formel,Boulevard Omar Khayam,33.5403126,-7.666436,icons/pharmacy.png
Ferme Bretonne,Pharmacie Nadir,Parapharmacie,Formel,Pharmacie Nadir,33.5534202,-7.6452908,icons/pharmacy.png
Berger,Kingslize Pizza,Restaurant,Formel,Boulevard Ghandi,33.5711731,-7.6463462,icons/restaurant.png
Casa Anfa,Pharmacie El Manal,Parapharmacie,Formel,Boulevard d'Oued Oum Rabia,33.5580571,-7.6808555,icons/pharmacy.png
El Oulfa,Pharmacie Nil,Parapharmacie,Formel,Boulevard Oued Oum Rbia,33.5563494,-7.683059,icons/pharmacy.png
El Oulfa,Pharmacie El Kawtar,Parapharmacie,Formel,Boulevard Oued Sebou,33.5567691,-7.6869334,icons/pharmacy.png
Préfecture d'arrondissement de Hay Hassani,Cafe Cat,Café,Formel,Cafe Cat,33.533017,-7.7027088,icons/cafe.png
Préfecture d'arrondissement de Hay Hassani,Pharmacie Yas,Parapharmacie,Formel,Pharmacie Yas,33.5331193,-7.702969,icons/pharmacy.png
Préfecture d'arrondissement de Hay Hassani,Cafe Jnane Louze,Café,Formel,Cafe Jnane Louze,33.5336782,-7.7045763,icons/cafe.png
Préfecture d'arrondissement de Hay Hassani,Pharmacie Moulay Ahmed,Parapharmacie,Formel,Pharmacie Moulay Ahmed,33.5342517,-7.7061743,icons/pharmacy.png
Préfecture d'arrondissement de Hay Hassani,Pharmacie Zhour,Parapharmacie,Formel,Pharmacie Zhour,33.5374354,-7.6970668,icons/pharmacy.png
Préfecture d'arrondissement de Hay Hassani,La Casa,Café,Formel,La Casa,33.5387991,-7.6933479,icons/cafe.png
Préfecture d'arrondissement de Hay Hassani,Ghari Café,Café,Formel,Ghari Café,33.5389131,-7.6825118,icons/cafe.png
Préfecture d'arrondissement de Hay Hassani,Lima Cafe,Café,Formel,Lima Cafe,33.5374197,-7.6724508,icons/cafe.png
El Oulfa,Pharmacie Loukkos,Parapharmacie,Formel,Boulevard Oued Ziz,33.560361,-7.6821242,icons/pharmacy.png
El Oulfa,Pharmacie Dallas,Parapharmacie,Formel,Boulevard de l'Oued Bouregreg,33.5631364,-7.6815261,icons/pharmacy.png
El Oulfa,Cafe Saber,Café,Formel,Boulevard de l'Oued Loukkos,33.5606197,-7.6806638,icons/cafe.png
El Oulfa,Pharmacie Lamiz,Parapharmacie,Formel,Rue 13,33.5620535,-7.6781471,icons/pharmacy.png
El Oulfa,Droguerie Generale,Parapharmacie,Formel,Zanqat 5,33.5610723,-7.671272,icons/pharmacy.png
El Oulfa,Pharmacie Abi Regrag,Parapharmacie,Formel,Boulevard de l'Oued Bouregreg,33.5644315,-7.6785374,icons/pharmacy.png
El Oulfa,Sardegna Cafe,Café,Formel,Sardegna Cafe,33.5625687,-7.6745845,icons/cafe.png
Casa Anfa,Cafe El Hobous,Café,Formel,Cafe El Hobous,33.5661447,-7.6708737,icons/cafe.png
El Oulfa,Pharmacie Hay El Hassani,Parapharmacie,Formel,Zanqat 2,33.5662072,-7.6724415,icons/pharmacy.png
El Oulfa,Pharmacie Hind,Parapharmacie,Formel,Pharmacie Hind,33.5641846,-7.6707383,icons/pharmacy.png
El Oulfa,Pharmacie Nasri,Parapharmacie,Formel,Pharmacie Nasri,33.5619808,-7.6723757,icons/pharmacy.png
El Oulfa,Pharmacie Fahd,Parapharmacie,Formel,Boulevard de l'Oued Bouregreg,33.5691115,-7.6733708,icons/pharmacy.png
Préfecture d'arrondissement de Hay Hassani,Pharmacie Al Warda,Parapharmacie,Formel,Derb Chadia,33.5726626,-7.6816045,icons/pharmacy.png
Préfecture d'arrondissement de Hay Hassani,Cafe Befana,Café,Formel,Rue Sidi Al Khadir,33.5691707,-7.6845764,icons/cafe.png
Préfecture d'arrondissement de Hay Hassani,Café Al Maati,Café,Formel,Derb Nejma,33.5736895,-7.6795205,icons/cafe.png
El Oulfa,Medecin,Parapharmacie,Formel,Boulevard Ibn Sina,33.5656954,-7.6825427,icons/pharmacy.png
Lissasfa,Pharmacie Nadia,Parapharmacie,Formel,Zanqat 14,33.5305497,-7.6697103,icons/pharmacy.png
Préfecture d'arrondissement de Hay Hassani,Pharmacie Kasbat Al Amine,Parapharmacie,Formel,Pharmacie Kasbat Al Amine,33.5335698,-7.6857653,icons/pharmacy.png
Préfecture d'arrondissement de Hay Hassani,Pharma Granada,Restaurant,Formel,Rue 25,33.5674554,-7.6939843,icons/restaurant.png
Préfecture d'arrondissement de Hay Hassani,Pharmacie Bnou Zohr,Parapharmacie,Formel,Pharmacie Bnou Zohr,33.5680846,-7.6871111,icons/pharmacy.png
Préfecture d'arrondissement de Hay Hassani,Pharmacie Rajaa,Parapharmacie,Formel,Rue Sidi Al Khadir,33.5699306,-7.6829852,icons/pharmacy.png
Préfecture d'arrondissement de Hay Hassani,Pharmacie Al Hakim,Parapharmacie,Formel,Rue 64,33.5652596,-7.6941405,icons/pharmacy.png
Préfecture d'arrondissement de Hay Hassani,Pharmacie Asmaa,Parapharmacie,Formel,Rue 14,33.5655691,-7.6910587,icons/pharmacy.png
Préfecture d'arrondissement de Hay Hassani,Parapharmacie sans nom,Parapharmacie,Formel,Boulevard d'Afghanistan,33.5683796,-7.6827519,icons/pharmacy.png
Lissasfa,Café Catalonia,Café,Formel,Café Catalonia,33.5322546,-7.6695856,icons/cafe.png
Préfecture d'arrondissement de Hay Hassani,Parapharmacie El Kasba,Parapharmacie,Formel,Parapharmacie El Kasba,33.5301758,-7.6855588,icons/pharmacy.png
Préfecture d'arrondissement de Hay Hassani,Café Jardin L'Oulfa,Café,Formel,Café Jardin L'Oulfa,33.5311897,-7.6858364,icons/cafe.png
Préfecture d'arrondissement de Hay Hassani,"Cafe, Glacier, Pizzaria",Café,Formel,"Cafe, Glacier, Pizzaria",33.5372,-7.6815435,icons/cafe.png
Préfecture d'arrondissement de Hay Hassani,Pharmacie Azhar Essalam,Parapharmacie,Formel,Pharmacie Azhar Essalam,33.5399102,-7.6918378,icons/pharmacy.png
Préfecture d'arrondissement de Hay Hassani,Espace Hassania,Restaurant,Formel,Rue 52,33.5673557,-7.6965867,icons/restaurant.png
Préfecture d'arrondissement de Hay Hassani,Pharmacie Naima,Parapharmacie,Formel,Boulevard Sidi Abderrahmane,33.5761779,-7.6728277,icons/pharmacy.png
Sidi Maârouf,Cafe Faraj,Café,Formel,Cafe Faraj,33.5168366,-7.6513767,icons/cafe.png
Arrondissement d'Aïn-Chock,Café Raison,Café,Formel,Café Raison,33.5078376,-7.6534823,icons/cafe.png
Arrondissement d'Aïn-Chock,Café Zagora,Café,Formel,Boulevard Abu Baker El Kadiri,33.5097117,-7.6572843,icons/cafe.png
Sidi Maârouf,Pizza Hut,Restaurant,Formel,Pizza Hut,33.5325229,-7.6476485,icons/restaurant.png
Sidi Maârouf,Cafe Meftah,Café,Formel,Cafe Meftah,33.5180453,-7.6514947,icons/cafe.png
Sidi Maârouf,Cafe Cheraga,Café,Formel,Cafe Cheraga,33.5183941,-7.6515403,icons/cafe.png
El Oulfa,Café Miagara,Café,Formel,Rue 177,33.551329,-7.6768705,icons/cafe.png
El Oulfa,Avenue Nachi Ouverte,Parapharmacie,Formel,Avenue Mohamed Taib Naciri,33.5506506,-7.6704325,icons/pharmacy.png
El Oulfa,Parapharmacie sans nom,Parapharmacie,Formel,Parapharmacie sans nom,33.5614383,-7.6701213,icons/pharmacy.png
El Oulfa,Pharmacie Tilila,Parapharmacie,Formel,Boulevard Sud,33.5464503,-7.6699108,icons/pharmacy.png
Casa Anfa,Parapharmacie sans nom,Parapharmacie,Formel,Parapharmacie sans nom,33.5569384,-7.6671682,icons/pharmacy.png
Arrondissement d'Aïn-Chock,Nescafe,Café,Formel,Route Sidi Massoud,33.5148698,-7.6467338,icons/cafe.png
Arrondissement d'Aïn-Chock,Pharmacie Hay Essaada,Parapharmacie,Formel,Pharmacie Hay Essaada,33.5056917,-7.6523946,icons/pharmacy.png
Arrondissement d'Aïn-Chock,Ben Haddou,Café,Formel,Ben Haddou,33.5058606,-7.6525462,icons/cafe.png
Arrondissement d'Aïn-Chock,Café el Omary,Café,Formel,Café el Omary,33.5081339,-7.6538645,icons/cafe.png
Arrondissement d'Aïn-Chock,Cafe al Jazzira,Café,Formel,Cafe al Jazzira,33.50787,-7.6549186,icons/cafe.png
Arrondissement d'Aïn-Chock,Cafe Tassalmat,Café,Formel,Cafe Tassalmat,33.5078018,-7.6556669,icons/cafe.png
Sidi Maârouf,Cafe Monaco,Café,Formel,Boulevard Abu Baker El Kadiri,33.517962,-7.6533314,icons/cafe.png
Sidi Maârouf,Fusion Cafe,Café,Formel,Boulevard Abu Baker El Kadiri,33.5273932,-7.6493745,icons/cafe.png
Sidi Maârouf,ستاربكس,Café,Formel,Boulevard de Fès,33.5409923,-7.6426891,icons/cafe.png
Lissasfa,Parapharmacie sans nom,Parapharmacie,Formel,Route d'El Jadida,33.5408894,-7.6588011,icons/pharmacy.png
El Oulfa,Pharmacie el Oulfa,Parapharmacie,Formel,Zanqat 88,33.555504,-7.6768617,icons/pharmacy.png
El Oulfa,Bla Bla...Bla Bla...,Café,Formel,Boulevard Oued Sebou,33.5602911,-7.6730496,icons/cafe.png
El Oulfa,Cafe Passage D'or,Café,Formel,Boulevard Oued Sebou,33.5557325,-7.6745416,icons/cafe.png
Préfecture d'arrondissement de Hay Hassani,Pharmacie Ouadoudy,Parapharmacie,Formel,Pharmacie Ouadoudy,33.5267716,-7.6615148,icons/pharmacy.png
Sidi Maârouf,Parapharmacie Yathrib,Parapharmacie,Formel,Boulevard Abu Baker El Kadiri,33.5250655,-7.6506257,icons/pharmacy.png
Sidi Maârouf,Café Evora,Café,Formel,Café Evora,33.5219641,-7.6502596,icons/cafe.png
El Oulfa,Pharmacie Salma,Parapharmacie,Formel,Boulevard Oued Sebou,33.5602051,-7.6731449,icons/pharmacy.png
El Oulfa,Tiago Shop,Supérette / Mini-market,Formel,Zanqat 146,33.5513514,-7.6842593,icons/convenience.png
Arrondissement d'Aïn-Chock,Pharmacie Morsad,Parapharmacie,Formel,Route Sidi Massoud,33.5156391,-7.6383841,icons/pharmacy.png
Arrondissement d'Aïn-Chock,Pharmacie Hay Bouchaa,Parapharmacie,Formel,Pharmacie Hay Bouchaa,33.517588,-7.6406653,icons/pharmacy.png
Sidi Maârouf,Le Miam's,Restaurant,Formel,Le Miam's,33.5214621,-7.6439658,icons/restaurant.png
Sidi Maârouf,Dubai Chaimaa,Café,Formel,Dubai Chaimaa,33.5215594,-7.6445223,icons/cafe.png
Sidi Maârouf,Cafe Gout Essential,Café,Formel,Cafe Gout Essential,33.5221889,-7.6480803,icons/cafe.png
El Oulfa,Espace Titrite,Café,Formel,Rue 70,33.5537119,-7.6834244,icons/cafe.png
El Oulfa,Pharmacie Lys,Parapharmacie,Formel,Boulevard Oued Sebou,33.5507059,-7.6833051,icons/pharmacy.png
El Oulfa,Espace Coin Soleil,Café,Formel,Boulevard Oued Sebou,33.5538454,-7.6855058,icons/cafe.png
El Oulfa,Pharmacie Salah Eddine,Parapharmacie,Formel,Boulevard Oued Sebou,33.5535554,-7.6853798,icons/pharmacy.png
El Oulfa,Paramedical,Parapharmacie,Formel,Zanqat 145,33.5521321,-7.6832957,icons/pharmacy.png
El Oulfa,Parapharmacie 2M Solutions,Parapharmacie,Formel,Boulevard Oued Sebou,33.5509133,-7.6835693,icons/pharmacy.png
Gauthier,Pharmacie ADA,Parapharmacie,Formel,Boulevard Mohamed Zerktouni,33.5870031,-7.63157,icons/pharmacy.png
راسين,Pharmacie Les Arènes صيدلية الميادين,Parapharmacie,Formel,Rue Jalal Addine Assayouti زنقة جلال الدين السيوطي,33.5891514,-7.6350358,icons/pharmacy.png
Maârif,Pharmacie Universelle,Parapharmacie,Formel,Boulevard Ibrahim Roudani,33.5808158,-7.6346035,icons/pharmacy.png
Maârif,Pharmacie Chaabi,Parapharmacie,Formel,Rue du Pelvoux,33.5817616,-7.6370624,icons/pharmacy.png
Les Princesses,Pharmacie Hyper,Parapharmacie,Formel,Rue Ali Abderrazzak زنقة علي عبد الرزاق,33.5858775,-7.6454385,icons/pharmacy.png
Préfecture d'arrondissement de Hay Hassani,Pharmacie Al Atfal,Parapharmacie,Formel,Route Haj Fateh,33.5525166,-7.6896545,icons/pharmacy.png
El Oulfa,Diana,Café,Formel,Boulevard Oued Tensift,33.5527557,-7.6848648,icons/cafe.png
El Oulfa,Red Rose,Restaurant,Formel,Boulevard Oued Oum Rbia,33.5562645,-7.6832762,icons/restaurant.png
Maârif Extension,Pharmacie Usivera Santi,Parapharmacie,Formel,Rue Hadj Al Jilali Al Aoufir,33.5785377,-7.6428232,icons/pharmacy.png
Préfecture d'arrondissement de Hay Hassani,Café Genova,Café,Formel,Boulevard Oued Ouargha,33.5544774,-7.6895177,icons/cafe.png
El Oulfa,Pharmacie Nouzha,Parapharmacie,Formel,Boulevard Oued Oum Rbia,33.5540466,-7.6881672,icons/pharmacy.png
El Oulfa,Pharmacie El Lotf,Parapharmacie,Formel,Boulevard Oued Tensift,33.5534017,-7.6822872,icons/pharmacy.png
Les Princesses,Pharmacie Al Mawlid,Parapharmacie,Formel,Rue Abou Hassan Assaghir,33.5746454,-7.6482694,icons/pharmacy.png
Les Princesses,Pharmacie Ouverte,Parapharmacie,Formel,Rue Mamoune Mohamed,33.5796684,-7.649923,icons/pharmacy.png
Préfecture d'arrondissement de Hay Hassani,Droguerie أجزاخانة,Parapharmacie,Formel,Boulevard Oued Daoura,33.5477647,-7.6826788,icons/pharmacy.png
Préfecture d'arrondissement de Hay Hassani,Pharmacie Al Farah Assalam,Parapharmacie,Formel,Pharmacie Al Farah Assalam,33.5405021,-7.69531,icons/pharmacy.png
Préfecture d'arrondissement de Hay Hassani,Droguerie Chabab,Parapharmacie,Formel,Boulevard Oued Daoura,33.5471902,-7.6818352,icons/pharmacy.png
Les Princesses,Pharmacie Meryem,Parapharmacie,Formel,Boulevard Ibn Sina,33.5841989,-7.6507008,icons/pharmacy.png
Dar Bouazza,Café el Bahlouli,Café,Formel,Rue Annesrine,33.5308722,-7.7328193,icons/cafe.png
Dar Bouazza,Café Lkhouil,Café,Formel,Rue Chakaik Anouamane,33.5282099,-7.7374394,icons/cafe.png
Dar Bouazza,Cafe Titrite E Rahma,Café,Formel,Rue Chakaik Anouamane,33.5286677,-7.7359173,icons/cafe.png
Dar Bouazza,Cafe el Maahad,Café,Formel,Boulevard Annasrine,33.5350174,-7.7318631,icons/cafe.png
Dar Bouazza,Pharmacie Zayd,Parapharmacie,Formel,Boulevard Annasrine,33.5345926,-7.7315104,icons/pharmacy.png
Dar Bouazza,Café Marjana,Café,Formel,Boulevard al Banafsaj,33.5352645,-7.7344152,icons/cafe.png
Dar Bouazza,Pharmacie Chifa,Parapharmacie,Formel,Pharmacie Chifa,33.5367032,-7.729429,icons/pharmacy.png
Dar Bouazza,Café Rim,Café,Formel,Café Rim,33.5358849,-7.7288269,icons/cafe.png
Dar Bouazza,Parapharmacie Al Asmae el Housna,Parapharmacie,Formel,Parapharmacie Al Asmae el Housna,33.5347626,-7.7280007,icons/pharmacy.png
Dar Bouazza,Café Narjis,Café,Formel,Rue Alfostq,33.5365327,-7.7268347,icons/cafe.png
Dar Bouazza,Café el Mers,Café,Formel,Rue Alfostq,33.5365841,-7.7266348,icons/cafe.png
Dar Bouazza,Café le Classico,Café,Formel,Boulevard Assaoussane,33.537081,-7.7259596,icons/cafe.png
Dar Bouazza,Café al Khalidat,Café,Formel,Café al Khalidat,33.538366,-7.725739,icons/cafe.png
Dar Bouazza,Cafe Coin el rahma,Café,Formel,Boulevard Assaoussane,33.5365819,-7.7256612,icons/cafe.png
Dar Bouazza,Cafe les Arômes,Café,Formel,Boulevard Assaoussane,33.5361901,-7.7254084,icons/cafe.png
Maârif,Parapharmacie,Parapharmacie,Formel,Boulevard Bir Anzarane,33.5821107,-7.6394758,icons/pharmacy.png
Maârif,Nescafé,Café,Formel,Rue du Pelvoux,33.581246,-7.6363711,icons/cafe.png
Dar Bouazza,Pharmacie Saad,Parapharmacie,Formel,Rue al Yassamine,33.5350308,-7.7266824,icons/pharmacy.png
Dar Bouazza,Para Sante,Parapharmacie,Formel,Para Sante,33.5376064,-7.7245876,icons/pharmacy.png
Dar Bouazza,Café Mozart,Café,Formel,Boulevard Assaoussane,33.5361912,-7.7258952,icons/cafe.png
Les Princesses,Pharmacie C.I.L,Parapharmacie,Formel,Boulevard Ibn Sina شارع ابن سينا,33.5791365,-7.6547147,icons/pharmacy.png
Les Princesses,Pharmacie Socrate,Parapharmacie,Formel,Rue Ibnou Majat,33.5781734,-7.6479355,icons/pharmacy.png
CIL,Parapharmacie sans nom,Parapharmacie,Formel,Parapharmacie sans nom,33.5725207,-7.6493289,icons/pharmacy.png
Dar Bouazza,Café Istanbul,Café,Formel,Rue al Yassamine,33.5309002,-7.734894,icons/cafe.png
Dar Bouazza,Café Amzil Rayan,Café,Formel,Boulevard Acacia,33.530197,-7.7392506,icons/cafe.png
Dar Bouazza,Pharmacie la Santé,Parapharmacie,Formel,Boulevard Oued Melouya,33.5303636,-7.7406339,icons/pharmacy.png
Dar Bouazza,Café Talyani,Café,Formel,Boulevard Oued Melouya,33.5309304,-7.7409732,icons/cafe.png
Dar Bouazza,Café Évora,Café,Formel,Rue al Khayzourane,33.5284564,-7.7359602,icons/cafe.png
Dar Bouazza,Café Saif,Café,Formel,Rue al Yassamine,33.5330444,-7.7304509,icons/cafe.png
Dar Bouazza,Café Sélbate,Café,Formel,Boulevard al Banafsaj,33.5365629,-7.7314172,icons/cafe.png
Dar Bouazza,Cafe Agora,Café,Formel,Cafe Agora,33.5355451,-7.728859,icons/cafe.png
Préfecture d'arrondissement de Hay Hassani,Riviera Valencia,Restaurant,Formel,Riviera Valencia,33.5400975,-7.6806255,icons/restaurant.png
Lissasfa,Pharmacie Haj Fateh,Parapharmacie,Formel,Pharmacie Haj Fateh,33.5441891,-7.6782431,icons/pharmacy.png
El Oulfa,Bella Festa Cafe,Café,Formel,Boulevard Oued Daoura,33.5413041,-7.6769194,icons/cafe.png
Préfecture d'arrondissement de Hay Hassani,Le Mirador,Café,Formel,Route Haj Fateh,33.5431636,-7.6849392,icons/cafe.png
Préfecture d'arrondissement de Hay Hassani,Sarania Parapharmacie,Parapharmacie,Formel,Route Haj Fateh,33.5503131,-7.6888358,icons/pharmacy.png
Préfecture d'arrondissement de Hay Hassani,Cafe Zine Eddine,Café,Formel,Route Haj Fateh,33.5508389,-7.6891778,icons/cafe.png
Préfecture d'arrondissement de Hay Hassani,Casa Paris,Café,Formel,Route Haj Fateh,33.5513967,-7.6894259,icons/cafe.png
Préfecture d'arrondissement de Hay Hassani,Café Primo,Café,Formel,Route Haj Fateh,33.5518163,-7.6896451,icons/cafe.png
Préfecture d'arrondissement de Hay Hassani,Les Poussins,Restaurant,Formel,Route Haj Fateh,33.5519516,-7.6897169,icons/restaurant.png
Beauséjour,Pharmacie de L'orien,Parapharmacie,Formel,Boulevard Yacoub el Mansour,33.5702647,-7.6505077,icons/pharmacy.png
Beauséjour,Pharmacie Al Amana,Parapharmacie,Formel,Pharmacie Al Amana,33.5688902,-7.6528841,icons/pharmacy.png
CIL,Parapharmacie sans nom,Parapharmacie,Formel,Rue de l'Atlas,33.5763119,-7.6557997,icons/pharmacy.png
El Oulfa,Pharmacie Al Motahida,Parapharmacie,Formel,Pharmacie Al Motahida,33.5482096,-7.6791014,icons/pharmacy.png
Préfecture d'arrondissement de Hay Hassani,Espace Familia,Restaurant,Formel,Espace Familia,33.5453119,-7.6801595,icons/restaurant.png
El Oulfa,Espace Nour Al Khalil,Restaurant,Formel,Boulevard Oued Daoura,33.5419262,-7.6775792,icons/restaurant.png
El Oulfa,Alimentation Générale,Supérette / Mini-market,Formel,Alimentation Générale,33.5420408,-7.6773714,icons/convenience.png
Lissasfa,Marbella,Restaurant,Formel,Boulevard Oued Daoura,33.5435263,-7.6786152,icons/restaurant.png
Préfecture d'arrondissement de Hay Hassani,Cafe Extra Pool,Café,Formel,Route Haj Fateh,33.5514296,-7.68911,icons/cafe.png
El Oulfa,Pharmacie De La Wilaya,Parapharmacie,Formel,Boulevard Moulouya,33.5507344,-7.6793455,icons/pharmacy.png
El Oulfa,Pharmacie Soufiane,Parapharmacie,Formel,Zanqat 154,33.5493334,-7.6813611,icons/pharmacy.png
Dar Bouazza,Les Jardins de L'Ocean Bay,Parapharmacie,Formel,Les Jardins de L'Ocean Bay,33.5375125,-7.767908,icons/pharmacy.png
Dar Bouazza,Café Laidi,Café,Formel,Café Laidi,33.5229558,-7.7508572,icons/cafe.png
Dar Bouazza,Café Rihan,Café,Formel,Café Rihan,33.5231358,-7.7506211,icons/cafe.png
Dar Bouazza,Café Ipanema,Café,Formel,Café Ipanema,33.5232007,-7.7504763,icons/cafe.png
Dar Bouazza,Parapharmacie sans nom,Parapharmacie,Formel,Parapharmacie sans nom,33.5234679,-7.7499372,icons/pharmacy.png
Préfecture d'arrondissement de Hay Hassani,Pharmacie Annasr,Parapharmacie,Formel,Pharmacie Annasr,33.546723,-7.6759699,icons/pharmacy.png
El Oulfa,Corner 68,Restaurant,Formel,Boulevard HH 48,33.5456204,-7.6729812,icons/restaurant.png
Préfecture d'arrondissement de Hay Hassani,Pharmacie Al Miza,Parapharmacie,Formel,Pharmacie Al Miza,33.5434693,-7.6720244,icons/pharmacy.png
El Oulfa,Pharmacie Dar Assalam,Parapharmacie,Formel,Boulevard HH 48,33.5474138,-7.6729028,icons/pharmacy.png
Préfecture d'arrondissement de Hay Hassani,Cafe Emsi,Café,Formel,Boulevard HH 48,33.5446004,-7.6729403,icons/cafe.png
Dar Bouazza,Votre Espace Gourmet,Restaurant,Formel,Votre Espace Gourmet,33.5368116,-7.7817737,icons/restaurant.png
Sidi Maârouf,Pharamcie Er-Rayane,Parapharmacie,Formel,Pharamcie Er-Rayane,33.5308504,-7.6511461,icons/pharmacy.png
Sidi Maârouf,Pharmacie El Ouazzani,Parapharmacie,Formel,Rue 9,33.5278079,-7.6514438,icons/pharmacy.png
Sidi Maârouf,Pharmacie Mandarona,Parapharmacie,Formel,Boulevard Abu Baker el Kadiri,33.5314513,-7.6483177,icons/pharmacy.png
Sidi Maârouf,Pharmacie Rabii Al Moustakbal,Parapharmacie,Formel,Pharmacie Rabii Al Moustakbal,33.5306861,-7.645437,icons/pharmacy.png
Sidi Maârouf,Pharmacie Tassnime,Parapharmacie,Formel,Pharmacie Tassnime,33.5279265,-7.6458621,icons/pharmacy.png
Sidi Maârouf,Parapharmacie sans nom,Parapharmacie,Formel,Zanqat 20,33.5256402,-7.6451661,icons/pharmacy.png
Dar Bouazza,Café,Café,Formel,Café,33.5321545,-7.8218754,icons/cafe.png
Dar Bouazza,Super Marché,Supermarché,Formel,Super Marché,33.5319835,-7.8218123,icons/supermarket.png
Dar Bouazza,Pharmacie Bel Air,Parapharmacie,Formel,Pharmacie Bel Air,33.521688,-7.8140366,icons/pharmacy.png
Dar Bouazza,Café Izahra,Café,Formel,Café Izahra,33.521518,-7.8175315,icons/cafe.png
Dar Bouazza,Snack Aya,Supérette / Mini-market,Formel,Snack Aya,33.5168646,-7.8183214,icons/convenience.png
Dar Bouazza,Café Beach Kenz,Café,Formel,Café Beach Kenz,33.5213615,-7.8184864,icons/cafe.png
Dar Bouazza,Café Ryade,Café,Formel,Café Ryade,33.5174941,-7.8168824,icons/cafe.png
Sidi Maârouf,Café sans nom,Café,Formel,Café sans nom,33.5394804,-7.6486811,icons/cafe.png
Sidi Maârouf,Ara Café,Café,Formel,Zanqat 60,33.5342377,-7.6510991,icons/cafe.png
Sidi Maârouf,Parapharmacie sans nom,Parapharmacie,Formel,Boulevard Abu Baker el Kadiri,33.5333026,-7.6470939,icons/pharmacy.png
Sidi Maârouf,Pharmacie Saber,Parapharmacie,Formel,Pharmacie Saber,33.5336413,-7.6483807,icons/pharmacy.png
Sidi Maârouf,Tokyo Garden,Restaurant,Formel,Zanqat 30,33.5354445,-7.648429,icons/restaurant.png
Sidi Maârouf,TaTaRi Sushi and Thai,Restaurant,Formel,Zanqat 30,33.5356496,-7.6484176,icons/restaurant.png
Sidi Maârouf,Ahmed Ali,Parapharmacie,Formel,Zanqat 60,33.5390394,-7.6491002,icons/pharmacy.png
Sidi Maârouf,Pharamacie Florida,Parapharmacie,Formel,Boulevard Abu Baker el Kadiri,33.5377271,-7.6442018,icons/pharmacy.png
Sidi Maârouf,Pharmacie Les Bureaux,Parapharmacie,Formel,Pharmacie Les Bureaux,33.5399829,-7.6444271,icons/pharmacy.png
Palmiers,Pharmacie Yacoub El Mansour,Parapharmacie,Formel,Pharmacie Yacoub El Mansour,33.5753644,-7.6416698,icons/pharmacy.png
Berger,Pharmacie Narjis,Parapharmacie,Formel,Boulevard Yacoub El Mansour,33.5734403,-7.6449046,icons/pharmacy.png
Préfecture d'arrondissement de Hay Hassani,Pharmacie Sahel,Parapharmacie,Formel,Boulevard Abdelhadi Boutaleb,33.5709251,-7.6913604,icons/pharmacy.png
El Oulfa,Parapharmacie sans nom,Parapharmacie,Formel,Route Sidi Al Khadir,33.5702513,-7.6858887,icons/pharmacy.png
El Oulfa,Pharmacie Saad El Kheir,Parapharmacie,Formel,Route Sidi Al Khadir,33.5650261,-7.6829262,icons/pharmacy.png
Préfecture d'arrondissement de Hay Hassani,Pharmacie Lixus,Parapharmacie,Formel,Pharmacie Lixus,33.5508261,-7.7057344,icons/pharmacy.png
El Oulfa,Parapharmacie sans nom,Parapharmacie,Formel,Route Sidi Al Khadir,33.5549077,-7.6911727,icons/pharmacy.png
Préfecture d'arrondissement de Hay Hassani,Parapharmacie sans nom,Parapharmacie,Formel,Parapharmacie sans nom,33.5561349,-7.7026793,icons/pharmacy.png
Préfecture d'arrondissement de Hay Hassani,Parapharmacie sans nom,Parapharmacie,Formel,Route Oulfa,33.5544339,-7.6998228,icons/pharmacy.png
Maârif,BİM,Supermarché,Formel,Rue Oussama Ibnou Zaid زنقة أسامة بن زيد,33.5840702,-7.6376258,icons/supermarket.png
Maârif Extension,La Pair d'As,Café,Formel,La Pair d'As,33.5832219,-7.6421949,icons/cafe.png
Maârif,Pharmacie du Jura صيدلية جورا,Parapharmacie,Formel,Rue Oussama Ibnou Zaid زنقة أسامة بن زيد,33.5838594,-7.6373593,icons/pharmacy.png
Sidi Bernoussi,Café Ibiza,Café,Formel,Café Ibiza,33.6143051,-7.4881318,icons/cafe.png
El Hank,Vanilla Sky Rooftop,Restaurant,Formel,Vanilla Sky Rooftop,33.6096966,-7.6513866,icons/restaurant.png
Sour Jdid,Duomo Caffe,Café,Formel,Duomo Caffe,33.6042498,-7.6337295,icons/cafe.png
Ancienne Medina,Pâtisserie Al Barakata,Boutique de confiserie,Informel,Rue Faidi Khalifa,33.5922717,-7.6058871,icons/confectionery.png
Ancienne Medina,Gusto Marina,Restaurant,Formel,Gusto Marina,33.6094083,-7.6247259,icons/restaurant.png
Préfecture d'arrondissement de Hay Hassani,صيدلية الأزهر 2,Parapharmacie,Formel,Casablanca,33.5534606,-7.7047014,icons/pharmacy.png
Préfecture d'arrondissement de Hay Hassani,Bim,Supermarché,Formel,Casablanca,33.5553862,-7.6997912,icons/supermarket.png
Préfecture d'arrondissement de Hay Hassani,فضاء عمر,Restaurant,Formel,Casablanca,33.5535777,-7.704828,icons/restaurant.png
Préfecture d'arrondissement de Hay Hassani,Laiterie Nacer محلبة ناصر,Restaurant,Formel,Laiterie Nacer محلبة ناصر,33.5526991,-7.7038912,icons/restaurant.png
Arrondissement d'Aïn Sebaâ,carré gourmand,Boulangerie,Formel,Allée de Jasmins,33.6096032,-7.5329589,icons/bakery.png
Arrondissement d'Aïn Sebaâ,fruits et légumes خضر و فواكه,Supérette / Mini-market,Formel,Allée de Jasmins,33.6094995,-7.5332786,icons/convenience.png
Arrondissement d'Aïn Sebaâ,Supérette / Mini-market sans nom,Supérette / Mini-market,Formel,Allée de Jasmins,33.6094799,-7.5333448,icons/convenience.png
Sidi Bernoussi,TacoS CO,Restaurant,Formel,TacoS CO,33.6193434,-7.5330023,icons/restaurant.png
Assoukhour Assawda,Carrefour Market,Supermarché,Formel,Carrefour Market,33.5926838,-7.6011795,icons/supermarket.png
Arrondissement de Mers Sultan,Bim,Supermarché,Formel,Bim,33.586847,-7.6033536,icons/supermarket.png
N/A,مقهى النسيم,Café,Formel,مقهى النسيم,33.4292702,-7.6407779,icons/cafe.png
Préfecture d'arrondissements de Ben M'sick,المواهب,Café,Formel,المواهب,33.546326,-7.5724608,icons/cafe.png
Ancienne Medina,داكار,Café,Formel,Boulevard de Khouribga,33.5900211,-7.6044183,icons/cafe.png
Sour Jdid,BIM,Supermarché,Formel,BIM,33.5998615,-7.6374127,icons/supermarket.png
Sour Jdid,Café sans nom,Café,Formel,Café sans nom,33.6006781,-7.6347699,icons/cafe.png
Sour Jdid,Restaurant sans nom,Restaurant,Formel,Restaurant sans nom,33.5999574,-7.6374594,icons/restaurant.png
Sour Jdid,Parapharmacie sans nom,Parapharmacie,Formel,Parapharmacie sans nom,33.6000192,-7.637562,icons/pharmacy.png
Sour Jdid,Boulangerie sans nom,Boulangerie,Formel,Boulangerie sans nom,33.6002505,-7.6383975,icons/bakery.png
Sour Jdid,Café sans nom,Café,Formel,Café sans nom,33.5999697,-7.6359755,icons/cafe.png
Sour Jdid,BIM,Supermarché,Formel,BIM,33.6019964,-7.6380539,icons/supermarket.png
Sour Jdid,Boulangerie sans nom,Boulangerie,Formel,Boulangerie sans nom,33.6011639,-7.6359241,icons/bakery.png
Sour Jdid,Otob,Supermarché,Formel,Otob,33.6008678,-7.6355528,icons/supermarket.png
Sour Jdid,Supérette / Mini-market sans nom,Supérette / Mini-market,Formel,Supérette / Mini-market sans nom,33.6006423,-7.6382676,icons/convenience.png
Sour Jdid,Café sans nom,Café,Formel,Café sans nom,33.6001423,-7.6369729,icons/cafe.png
Sour Jdid,Supérette / Mini-market sans nom,Supérette / Mini-market,Formel,Supérette / Mini-market sans nom,33.5998343,-7.635678,icons/convenience.png
Sour Jdid,Café sans nom,Café,Formel,Café sans nom,33.6000917,-7.6358436,icons/cafe.png
Assoukhour Assawda,Burger King,Restaurant,Formel,Burger King,33.5865018,-7.5927968,icons/restaurant.png
Assoukhour Assawda,Domino's,Restaurant,Formel,Domino's,33.5862694,-7.592595,icons/restaurant.png
Assoukhour Assawda,McDonald's,Restaurant,Formel,McDonald's,33.5858757,-7.5928149,icons/restaurant.png
Anfa Supérieur,LV Lounge Casablanca,Café,Formel,"Rue de la Mer Jaune, Casablanca",33.5942671,-7.676674,icons/cafe.png
Ain Diab,LV LOUNGE CASABLANCA,Café,Formel,"Rue de la Mer Jaune, Casablanca",33.5938024,-7.6776745,icons/cafe.png
Hay Mohammadi,سبع عيون,Café,Formel,Boulevard de la Grande Ceinture شارع الحزام الكبير,33.5830051,-7.5543149,icons/cafe.png
Dar Bouazza,BIM,Supermarché,Formel,BIM,33.5343791,-7.7254623,icons/supermarket.png
Arrondissement d'Aïn Sebaâ,Restaurant sans nom,Restaurant,Formel,Restaurant sans nom,33.6045098,-7.5367318,icons/restaurant.png
Bouskoura,Sazio,Restaurant,Formel,Sazio,33.4746919,-7.6070534,icons/restaurant.png
Bouskoura,Les Maîtres du Pain,Boulangerie,Formel,Les Maîtres du Pain,33.4750219,-7.6074912,icons/bakery.png
Bouskoura,Fifties,Restaurant,Formel,Fifties,33.4747887,-7.6069203,icons/restaurant.png
Ancienne Medina,BİM,Supermarché,Formel,BİM,33.5944393,-7.6061698,icons/supermarket.png
L'Oasis,Guillaume Tell,Restaurant,Formel,Guillaume Tell,33.5584027,-7.6365781,icons/restaurant.png
Ancienne Medina,Restaurant sans nom,Restaurant,Formel,Restaurant sans nom,33.592645,-7.6057098,icons/restaurant.png
Ancienne Medina,Parapharmacie sans nom,Parapharmacie,Formel,Parapharmacie sans nom,33.5990643,-7.6196099,icons/pharmacy.png
Ancienne Medina,Restaurant sans nom,Restaurant,Formel,Restaurant sans nom,33.5952032,-7.6170338,icons/restaurant.png
Ancienne Medina,Restaurant sans nom,Restaurant,Formel,Restaurant sans nom,33.5957634,-7.6121601,icons/restaurant.png
Ancienne Medina,Restaurant sans nom,Restaurant,Formel,Restaurant sans nom,33.5958763,-7.6115436,icons/restaurant.png
N/A,Pharmacie Echifa صيدلية الشفاء,Parapharmacie,Formel,Had Soualem,33.4152464,-7.8652183,icons/pharmacy.png
Ancienne Medina,Ramses,Restaurant,Formel,Place des Nations Unies,33.5953961,-7.6177769,icons/restaurant.png
Bouskoura,Restaurant sans nom,Restaurant,Formel,Restaurant sans nom,33.4852892,-7.6712046,icons/restaurant.png
Bouskoura,Café sans nom,Café,Formel,Café sans nom,33.4854592,-7.6712529,icons/cafe.png
Ancienne Medina,Restaurant sans nom,Restaurant,Formel,Restaurant sans nom,33.5926127,-7.6211353,icons/restaurant.png
Arrondissement d'Aïn Sebaâ,Café sans nom,Café,Formel,Boulevard Ali Yata شارع علي يعتة,33.6029539,-7.5326442,icons/cafe.png
Habous ⵍⵃⵓⴱⵓⵙ الحبوس,Zayna,Restaurant,Formel,Zayna,33.5772485,-7.6073776,icons/restaurant.png
Assoukhour Assawda,Espace El Wyam,Café,Formel,"Boulevard Mohammed V, Casablanca",33.5934545,-7.6008725,icons/cafe.png
Arrondissement d'Aïn Sebaâ,Supérette / Mini-market sans nom,Supérette / Mini-market,Formel,Boulevard Chefchaouni,33.6094935,-7.5335605,icons/convenience.png
Arrondissement d'Aïn Sebaâ,Supérette / Mini-market sans nom,Supérette / Mini-market,Formel,Supérette / Mini-market sans nom,33.6113542,-7.5309654,icons/convenience.png
Arrondissement d'Aïn Sebaâ,Café sans nom,Café,Formel,Boulevard Chefchaouni,33.6118535,-7.5305587,icons/cafe.png
Arrondissement d'Aïn Sebaâ,Restaurant sans nom,Restaurant,Formel,Boulevard de la Gare,33.612038,-7.5308441,icons/restaurant.png
Arrondissement d'Aïn Sebaâ,Boulangerie sans nom,Boulangerie,Formel,Boulevard Chefchaouni,33.6117684,-7.5307035,icons/bakery.png
Arrondissement d'Aïn Sebaâ,Supérette / Mini-market sans nom,Supérette / Mini-market,Formel,Boulevard de la Gare,33.6122464,-7.5308494,icons/convenience.png
Sour Jdid,Le Gatsby,Restaurant,Formel,Le Gatsby,33.6075479,-7.6297906,icons/restaurant.png
Sidi Maârouf,BİM,Supermarché,Formel,BİM,33.5189452,-7.6444846,icons/supermarket.png
Sidi Maârouf,Pharmacie Lina,Parapharmacie,Formel,Pharmacie Lina,33.5193641,-7.6448467,icons/pharmacy.png
Arrondissement de Sidi Belyout,Café sans nom,Café,Formel,Boulevard Lahcen Ouidder,33.5874297,-7.6116605,icons/cafe.png
Sidi Maârouf,Epicier Oujdi,Supermarché,Formel,Epicier Oujdi,33.5217794,-7.6455492,icons/supermarket.png
Bouskoura,Restaurants Petromine Bouskoura,Restaurant,Formel,Restaurants Petromine Bouskoura,33.4873604,-7.6337505,icons/restaurant.png
Sidi Maârouf,Street London,Restaurant,Formel,Street London,33.52237,-7.6428551,icons/restaurant.png
Sidi Maârouf,c3002953,Restaurant,Formel,c3002953,33.5217415,-7.6445565,icons/restaurant.png
Sidi Maârouf,Bistro Bouich,Café,Formel,Bistro Bouich,33.5228871,-7.6442839,icons/cafe.png
Sidi Maârouf,Soufloeuf,Restaurant,Formel,Soufloeuf,33.5231697,-7.6447584,icons/restaurant.png
Sidi Maârouf,Coqueleto,Restaurant,Formel,Coqueleto,33.5235755,-7.6455656,icons/restaurant.png
Sidi Maârouf,Casablanca shore,Restaurant,Formel,Casablanca shore,33.521459,-7.6433966,icons/restaurant.png
Arrondissement d'Aïn-Chock,BİM,Supermarché,Formel,BİM,33.5147228,-7.6453389,icons/supermarket.png
Sidi Maârouf,Pharmacie Oum El Kheir,Parapharmacie,Formel,Pharmacie Oum El Kheir,33.5216085,-7.6432172,icons/pharmacy.png
Sidi Maârouf,Café Tres flores,Café,Formel,Café Tres flores,33.5174306,-7.6457606,icons/cafe.png
Sidi Maârouf,BİM,Supermarché,Formel,Casablanca ⵜⴰⴷⴷⴰⵔⵜ ⵜⵓⵎⵍⵉⵍⵜ الدار البيضاء,33.5275334,-7.649661,icons/supermarket.png
Ancienne Medina,Épicerie sans nom,Épicerie,Informel,Épicerie sans nom,33.5885606,-7.6057723,icons/greengrocer.png
Ancienne Medina,Le Riad,Restaurant,Formel,Rue Mohamed El Qorri,33.5939635,-7.614938,icons/restaurant.png
Gauthier,Café sans nom,Café,Formel,Boulevard d'Anfa شارع أنفا,33.5930049,-7.6315698,icons/cafe.png
Arrondissement de Sidi Moumen,مقهى المهدي ايس,Café,Formel,Avenue Assalam شارع السلام,33.5900658,-7.4938116,icons/cafe.png
Arrondissement de Sidi Moumen,Cafe rose marine,Café,Formel,Cafe rose marine,33.5949914,-7.5084597,icons/cafe.png
Arrondissement de Mers Sultan,صيدلية لاجيروند,Parapharmacie,Formel,rond point boulevard la gironde et rue ifni,33.5838442,-7.599537,icons/pharmacy.png
Arrondissement de Sidi Moumen,Cafe elkaram,Café,Formel,Cafe elkaram,33.5954261,-7.5086835,icons/cafe.png
Arrondissement de Sidi Moumen,Beg brader,Café,Formel,Beg brader,33.5951563,-7.5076554,icons/cafe.png
Anfa Supérieur,Raffaello Casablanca,Restaurant,Formel,"Rue Des Rochers Ain Diab, Casablanca",33.5921312,-7.6791656,icons/restaurant.png
Anfa Supérieur,Sicilia,Restaurant,Formel,"Rue Des Rochers Ain Diab, Casablanca",33.592135,-7.6792447,icons/restaurant.png
Dar Bouazza,Pharmacie hay el fath 2 arrahma,Parapharmacie,Formel,Pharmacie hay el fath 2 arrahma,33.5314403,-7.7181929,icons/pharmacy.png
راسين,Loscar,Restaurant,Formel,"Boulevard d'Anfa شارع أنفا, Casablanca",33.5911665,-7.6363195,icons/restaurant.png
Sour Jdid,Restaurant sans nom,Restaurant,Formel,Restaurant sans nom,33.6053778,-7.6288227,icons/restaurant.png
Sour Jdid,Whatsapp Cafe,Café,Formel,Boulevard de Bordeaux,33.6000202,-7.6363094,icons/cafe.png
Sour Jdid,Cafe Goulmima,Café,Formel,Rue de Goulmima,33.6008673,-7.6365876,icons/cafe.png
Maârif,Café sans nom,Café,Formel,Boulevard Ibrahim Roudani,33.5826326,-7.6327982,icons/cafe.png
Gauthier,Restaurant Rossignol,Restaurant,Formel,Restaurant Rossignol,33.5902873,-7.6304589,icons/restaurant.png
Sour Jdid,La Kitchenette de Thi Hue,Restaurant,Formel,"Rue Tamaârouft, Casablanca ⵜⴰⴷⴷⴰⵔⵜ ⵜⵓⵎⵍⵉⵍⵜ الدار البيضاء",33.598658,-7.637643,icons/restaurant.png
Sour Jdid,Café sans nom,Café,Formel,Café sans nom,33.5975448,-7.6383168,icons/cafe.png
Sour Jdid,Pizzeria,Restaurant,Formel,Rue de Goulmima,33.6009809,-7.634836,icons/restaurant.png
Berger,Restaurant sans nom,Restaurant,Formel,Rue Abou Souifiane Attaouri,33.5756274,-7.6461268,icons/restaurant.png
Ancienne Medina,Aux petits beurres,Boulangerie,Formel,bd Khouribga,33.5897298,-7.6052136,icons/bakery.png
Dar Bouazza,Café Amanda,Café,Formel,Café Amanda,33.5224342,-7.7517481,icons/cafe.png
Hay Mohammadi,سوق السلام,Supermarché,Formel,سوق السلام,33.5849068,-7.5540871,icons/supermarket.png
Bouskoura,Marjane,Supermarché,Formel,Marjane,33.4753036,-7.6069947,icons/supermarket.png
Sidi Bernoussi,Café sans nom,Café,Formel,Café sans nom,33.6154116,-7.4979764,icons/cafe.png
Sidi Bernoussi,Café sans nom,Café,Formel,Café sans nom,33.6155993,-7.4980542,icons/cafe.png
Sidi Bernoussi,Café boustane,Café,Formel,Café boustane,33.6157914,-7.4981454,icons/cafe.png
Sidi Bernoussi,Café breda,Café,Formel,Café breda,33.6157266,-7.4982876,icons/cafe.png
Sidi Bernoussi,Restaurant sans nom,Restaurant,Formel,Restaurant sans nom,33.6155792,-7.4989528,icons/restaurant.png
Sidi Bernoussi,Café sans nom,Café,Formel,Café sans nom,33.6156841,-7.498478,icons/cafe.png
Sidi Bernoussi,Café sans nom,Café,Formel,Café sans nom,33.6152441,-7.4961391,icons/cafe.png
Sidi Bernoussi,Boulangerie sans nom,Boulangerie,Formel,Boulangerie sans nom,33.6144668,-7.4950716,icons/bakery.png
Sidi Bernoussi,Café Al falouja,Café,Formel,Café Al falouja,33.6140938,-7.4991512,icons/cafe.png
Sidi Bernoussi,Café sans nom,Café,Formel,Café sans nom,33.6139072,-7.4972938,icons/cafe.png
Sidi Bernoussi,Restaurant sans nom,Restaurant,Formel,Restaurant sans nom,33.6137676,-7.4972911,icons/restaurant.png
Sidi Bernoussi,Café sans nom,Café,Formel,Café sans nom,33.6139999,-7.4960399,icons/cafe.png
Sidi Bernoussi,City Pool,Restaurant,Formel,City Pool,33.6142457,-7.4959916,icons/restaurant.png
Sidi Bernoussi,Firstline,Restaurant,Formel,Firstline,33.6127893,-7.4946881,icons/restaurant.png
Sidi Bernoussi,Café sans nom,Café,Formel,Café sans nom,33.612682,-7.4946505,icons/cafe.png
Sidi Bernoussi,Boulangerie sans nom,Boulangerie,Formel,Boulangerie sans nom,33.6090276,-7.4975526,icons/bakery.png
Sidi Bernoussi,Café sans nom,Café,Formel,Café sans nom,33.6127982,-7.4991083,icons/cafe.png
Sidi Bernoussi,Café sans nom,Café,Formel,Café sans nom,33.6126597,-7.4990493,icons/cafe.png
Sidi Bernoussi,BİM,Supermarché,Formel,BİM,33.612414,-7.499001,icons/supermarket.png
Sidi Bernoussi,Café sans nom,Café,Formel,Café sans nom,33.6125838,-7.4990064,icons/cafe.png
Sidi Bernoussi,Boulangerie sans nom,Boulangerie,Formel,Boulangerie sans nom,33.616017,-7.4974856,icons/bakery.png
Sidi Bernoussi,Boulangerie sans nom,Boulangerie,Formel,Boulangerie sans nom,33.6155524,-7.4973622,icons/bakery.png
Sidi Bernoussi,snack said,Restaurant,Formel,snack said,33.6150341,-7.497786,icons/restaurant.png
Sidi Bernoussi,snack ounain,Restaurant,Formel,snack ounain,33.6149359,-7.4982473,icons/restaurant.png
Sidi Bernoussi,Parapharmacie sans nom,Parapharmacie,Formel,Parapharmacie sans nom,33.6146857,-7.5000712,icons/pharmacy.png
Sidi Bernoussi,Parapharmacie sans nom,Parapharmacie,Formel,Parapharmacie sans nom,33.6152352,-7.4970564,icons/pharmacy.png
Sidi Bernoussi,Boulangerie sans nom,Boulangerie,Formel,Boulangerie sans nom,33.6126932,-7.4940846,icons/bakery.png
Sidi Bernoussi,Café sans nom,Café,Formel,Café sans nom,33.6113708,-7.4960908,icons/cafe.png
Sidi Bernoussi,Café sans nom,Café,Formel,Café sans nom,33.6085903,-7.5028747,icons/cafe.png
Sidi Bernoussi,Café sans nom,Café,Formel,Café sans nom,33.6097405,-7.5116697,icons/cafe.png
Sidi Bernoussi,Café sans nom,Café,Formel,Café sans nom,33.6095707,-7.5119969,icons/cafe.png
Sidi Bernoussi,Parapharmacie sans nom,Parapharmacie,Formel,Parapharmacie sans nom,33.6094992,-7.5068041,icons/pharmacy.png
Sidi Bernoussi,Restaurant sans nom,Restaurant,Formel,Restaurant sans nom,33.6089452,-7.5063106,icons/restaurant.png
Sidi Bernoussi,Café sans nom,Café,Formel,Café sans nom,33.6076362,-7.5051734,icons/cafe.png
Sidi Bernoussi,Restaurant sans nom,Restaurant,Formel,Restaurant sans nom,33.606832,-7.5052002,icons/restaurant.png
Sidi Bernoussi,Café Oliva,Café,Formel,Café Oliva,33.6135334,-7.5024858,icons/cafe.png
Sidi Bernoussi,مقهى كاليس,Café,Formel,مقهى كاليس,33.6143197,-7.5028935,icons/cafe.png
Sidi Bernoussi,Boulangerie sans nom,Boulangerie,Formel,Boulangerie sans nom,33.613998,-7.4967941,icons/bakery.png
Arrondissement de Sidi Bernoussi,BİM,Supermarché,Formel,BİM,33.6180007,-7.4804327,icons/supermarket.png
Arrondissement de Sidi Bernoussi,Parapharmacie sans nom,Parapharmacie,Formel,Parapharmacie sans nom,33.6177818,-7.479982,icons/pharmacy.png
Arrondissement d'Aïn Sebaâ,Café sans nom,Café,Formel,Café sans nom,33.6030678,-7.525483,icons/cafe.png
Arrondissement de Sidi Bernoussi,Café morocco,Café,Formel,Café morocco,33.6053152,-7.5092047,icons/cafe.png
Arrondissement de Sidi Bernoussi,Bim,Supermarché,Formel,Bim,33.6028221,-7.51024,icons/supermarket.png
Arrondissement d'Aïn Sebaâ,BİM,Supermarché,Formel,BİM,33.6085701,-7.5204759,icons/supermarket.png
Arrondissement d'Aïn Sebaâ,Café sans nom,Café,Formel,Café sans nom,33.6087215,-7.5207977,icons/cafe.png
Arrondissement d'Aïn Sebaâ,Café sans nom,Café,Formel,Café sans nom,33.6086247,-7.5210687,icons/cafe.png
Arrondissement d'Aïn Sebaâ,Café sans nom,Café,Formel,Café sans nom,33.6085577,-7.5212534,icons/cafe.png
Arrondissement d'Aïn Sebaâ,Venizia ice ain sebaa,Café,Formel,Venizia ice ain sebaa,33.6084212,-7.5216437,icons/cafe.png
Arrondissement d'Aïn Sebaâ,Café sans nom,Café,Formel,Café sans nom,33.6083743,-7.5218105,icons/cafe.png
Arrondissement d'Aïn Sebaâ,Café sans nom,Café,Formel,Café sans nom,33.6083484,-7.5219194,icons/cafe.png
Arrondissement d'Aïn Sebaâ,Café sans nom,Café,Formel,Café sans nom,33.6082879,-7.5220776,icons/cafe.png
Arrondissement d'Aïn Sebaâ,Café sans nom,Café,Formel,Café sans nom,33.6082469,-7.5222177,icons/cafe.png
Arrondissement d'Aïn Sebaâ,Café sans nom,Café,Formel,Café sans nom,33.6081907,-7.5223525,icons/cafe.png
Arrondissement d'Aïn Sebaâ,Café sans nom,Café,Formel,Café sans nom,33.6078948,-7.5229905,icons/cafe.png
Arrondissement d'Aïn Sebaâ,Café sans nom,Café,Formel,Café sans nom,33.607195,-7.5241238,icons/cafe.png
Arrondissement d'Aïn Sebaâ,Café sans nom,Café,Formel,Café sans nom,33.6071215,-7.5242354,icons/cafe.png
Arrondissement d'Aïn Sebaâ,Café sans nom,Café,Formel,Café sans nom,33.6069919,-7.5244325,icons/cafe.png
Arrondissement d'Aïn Sebaâ,Restaurant sans nom,Restaurant,Formel,Restaurant sans nom,33.6068839,-7.524614,icons/restaurant.png
Bourgogne,pizza badr,Restaurant,Formel,"Rue Abou Jaafar Bnou Atia, Casablanca",33.5947846,-7.6420504,icons/restaurant.png
Préfecture d'arrondissement de Hay Hassani,Pasta Pino,Restaurant,Formel,"Boulevard Oued Daoura, Casablanca ⵜⴰⴷⴷⴰⵔⵜ ⵜⵓⵎⵍⵉⵍⵜ الدار البيضاء",33.5481916,-7.6842292,icons/restaurant.png
Arrondissement d'Aïn-Chock,Café sans nom,Café,Formel,Café sans nom,33.551613,-7.6024381,icons/cafe.png
Ancienne Medina,Café place,Café,Formel,Avenue Hassan II,33.5945149,-7.6186611,icons/cafe.png
Arrondissement de Sidi Belyout,Café Iyad,Café,Formel,Café Iyad,33.5837699,-7.6248973,icons/cafe.png
Bouskoura,Casa Jose,Restaurant,Formel,Casa Jose,33.4907947,-7.5992206,icons/restaurant.png
Sour Jdid,Blendcorner,Restaurant,Formel,"Abbas Mahmoud Al Akkad, Casablanca",33.5931096,-7.6324939,icons/restaurant.png
Sour Jdid,Pans & Company,Restaurant,Formel,Pans & Company,33.59421,-7.6338571,icons/restaurant.png
Préfecture d'arrondissements de Ben M'sick,صيدلية حي النصر 2,Parapharmacie,Formel,9,33.5341105,-7.5570706,icons/pharmacy.png
Préfecture d'arrondissements de Ben M'sick,alimentation général ZAHRI,Supermarché,Formel,10,33.5337483,-7.5561429,icons/supermarket.png
Bouskoura,Pharmacie Bab Al Baida صيدلية باب البيضاء,Parapharmacie,Formel,Bouskoura,33.4787307,-7.6588,icons/pharmacy.png
راسين,Les Frères Gourmet,Café,Formel,Rue Aïn Harrouda زنقة عين حرودة,33.5901638,-7.6407301,icons/cafe.png
Sour Jdid,Snack le Rayon,Restaurant,Formel,"Boulevard Ziraoui, Casablanca",33.5944438,-7.6338089,icons/restaurant.png
Sour Jdid,STR'EAT BURGER,Restaurant,Formel,"Boulevard Ziraoui, Casablanca",33.5941785,-7.6343386,icons/restaurant.png
راسين,Boston Club,Café,Formel,Boston Club,33.5925936,-7.6376382,icons/cafe.png
Sour Jdid,Food Place,Restaurant,Formel,Food Place,33.5937567,-7.6349208,icons/restaurant.png
Sour Jdid,Manhattan Club,Café,Formel,Manhattan Club,33.5922629,-7.6364883,icons/cafe.png
Sour Jdid,Fayrouz,Restaurant,Formel,"Boulevard Ziraoui, Casablanca",33.5942943,-7.6340776,icons/restaurant.png
Sour Jdid,Campus café,Café,Formel,"Rue Abbas Mahmoud Al Akkad, Casablanca",33.5942762,-7.6337443,icons/cafe.png
Sour Jdid,Happy Rolls,Restaurant,Formel,"Boulevard Ziraoui, Casablanca",33.5938919,-7.6348494,icons/restaurant.png
Sour Jdid,lady killer chicha,Café,Formel,lady killer chicha,33.5933143,-7.6347517,icons/cafe.png
Arrondissement d'Aïn-Chock,Cafe Luxia,Café,Formel,Boulevard de Sefrou,33.5476073,-7.589932,icons/cafe.png
Moulay Rachid,مقهى اللوز,Café,Formel,مقهى اللوز,33.5718876,-7.530787,icons/cafe.png
راسين,Gapi,Restaurant,Formel,Gapi,33.5889659,-7.6470317,icons/restaurant.png
Préfecture d'arrondissement de Hay Hassani,Bonne Bouchée,Restaurant,Formel,"Centre Commercial CasaView ETG 1 Magasin 17, Casablanca ⵜⴰⴷⴷⴰⵔⵜ ⵜⵓⵎⵍⵉⵍⵜ الدار البيضاء",33.5091824,-7.6711135,icons/restaurant.png
Arrondissement d'Al Fida,4 cerises Patisserie,Café,Formel,4 cerises Patisserie,33.5622732,-7.6103213,icons/cafe.png
Sidi Bernoussi,سناك البيلياتشو,Restaurant,Formel,سناك البيلياتشو,33.6150325,-7.5017124,icons/restaurant.png
Sour Jdid,Supérette / Mini-market sans nom,Supérette / Mini-market,Formel,Supérette / Mini-market sans nom,33.6009395,-7.6349887,icons/convenience.png
El Majjatia Ouled Taleb,Pharmacie Dyar Ismail صيدلية ديار إسماعيل,Parapharmacie,Formel,Mediouna,33.4536189,-7.4989284,icons/pharmacy.png
N/A,Pharmacie Kasbah Mediouna صيدلية قصبة مديونة,Parapharmacie,Formel,Médiouna مديونة,33.4629668,-7.5212014,icons/pharmacy.png
N/A,Pharmacie Mediouna صيدلية مديونة,Parapharmacie,Formel,"Hassan II, Médiouna مديونة",33.4536375,-7.5153314,icons/pharmacy.png
N/A,Pharmacie Wiam Mediouna صيدلية وئام مديونة,Parapharmacie,Formel,Médiouna مديونة,33.4475369,-7.5033015,icons/pharmacy.png
N/A,Pharmacie Jnane Mediouna صيدلية جنان مديونة,Parapharmacie,Formel,Médiouna مديونة,33.4558395,-7.507549,icons/pharmacy.png
N/A,Pharmacie Zohour صيدلية زهور,Parapharmacie,Formel,Médiouna مديونة,33.4609958,-7.504889,icons/pharmacy.png
El Majjatia Ouled Taleb,Pharmacie Wellness صيدلية الصحة و العافية,Parapharmacie,Formel,"Route de Mediouna طريق مديونة, Mediouna",33.4354915,-7.5206472,icons/pharmacy.png
Sour Jdid,Café sans nom,Café,Formel,Café sans nom,33.6003103,-7.6374225,icons/cafe.png
Sour Jdid,Supérette / Mini-market sans nom,Supérette / Mini-market,Formel,Supérette / Mini-market sans nom,33.598828,-7.6375821,icons/convenience.png
N/A,Pharmacie Atmai صيدلية أتماعي,Parapharmacie,Formel,Had Soualem,33.4142778,-7.8579793,icons/pharmacy.png
N/A,Pharmacie Jardins Sahel صيدلية حدائق الساهل,Parapharmacie,Formel,Had Soualem حـد الـسـوالـم,33.4062432,-7.8523711,icons/pharmacy.png
N/A,Pharmacie Al Widad صيدلية الوداد,Parapharmacie,Formel,Had Soualem حـد الـسـوالـم,33.4097386,-7.8547264,icons/pharmacy.png
N/A,Pharmacie Othmane صيدلية عثمان,Parapharmacie,Formel,Had Soualem,33.4175276,-7.8613165,icons/pharmacy.png
N/A,Pharmacie Ibn Rochd صيدلية ابن رشد,Parapharmacie,Formel,Had Soualem حـد الـسـوالـم,33.4102545,-7.8589737,icons/pharmacy.png
N/A,Pharmacie Al Itkane صيدلية الاتقان,Parapharmacie,Formel,Had Soualem حـد الـسـوالـم,33.4064761,-7.8555897,icons/pharmacy.png
N/A,Pharmacie Had Soualem صيدلية حد سوالم,Parapharmacie,Formel,Had Soualem,33.4184842,-7.8584231,icons/pharmacy.png
N/A,Pharmacie El Houdaigui صيدلية الحديكي,Parapharmacie,Formel,Had Soualem حـد الـسـوالـم,33.4111768,-7.8509247,icons/pharmacy.png
N/A,Pharmacie Al Fadel صيدلية الفضل,Parapharmacie,Formel,Had Soualem,33.413679,-7.8534887,icons/pharmacy.png
N/A,Pharmacie Soufiane صيدلية سفيان,Parapharmacie,Formel,Had Soualem ⵃⴰⴷ ⵙⵡⴰⵍⵎ حد السوالم,33.4227834,-7.8541455,icons/pharmacy.png
N/A,Pharmacie Al Akhawayn صيدلية الأخوين,Parapharmacie,Formel,Had Soualem حـد الـسـوالـم,33.4289805,-7.8561318,icons/pharmacy.png
N/A,Pharmacie Hamdoune صيدلية حمدون,Parapharmacie,Formel,Had Soualem,33.4147983,-7.8606311,icons/pharmacy.png
N/A,Pharmacie Hakmani صيدلية حكماني,Parapharmacie,Formel,Had Soualem,33.423679,-7.8499768,icons/pharmacy.png
N/A,Pharmacie Haidi صيدلية حيدي,Parapharmacie,Formel,Had Soualem,33.4193282,-7.8546421,icons/pharmacy.png
N/A,Pharmacie Yasmina صيدلية ياسمينة,Parapharmacie,Formel,Had Soualem,33.4200316,-7.8523162,icons/pharmacy.png
N/A,Pharmacie Aamir صيدلية عامر,Parapharmacie,Formel,Had Soualem,33.4298245,-7.8524407,icons/pharmacy.png
N/A,Pharmacie Mouktadi Billah صيدلية مقتضي بالله,Parapharmacie,Formel,Had Soualem,33.4257398,-7.8563138,icons/pharmacy.png
N/A,Pharmacie Dyar Dakhama 2 صيدلية ديار الضخامة,Parapharmacie,Formel,Had Soualem حـد الـسـوالـم,33.4336503,-7.8597555,icons/pharmacy.png
N/A,Pharmacie Riad Sahel صيدلية رياض ساهل,Parapharmacie,Formel,Had Soualem,33.4246241,-7.8431383,icons/pharmacy.png
N/A,Pharmacie Ibn Sina صيدلية ابن سينا,Parapharmacie,Formel,Had Soualem,33.425993,-7.8523193,icons/pharmacy.png
N/A,Pharmacie Bismi Allah صيدلية باسم الله,Parapharmacie,Formel,Had Soualem حـد الـسـوالـم,33.4168233,-7.8503409,icons/pharmacy.png
N/A,Pharmacie Centre Commerciale صيدلية المركب التجاري,Parapharmacie,Formel,Had Soualem,33.4179379,-7.8532782,icons/pharmacy.png
N/A,Pharmacie Izdihar صيدلية ازدهار,Parapharmacie,Formel,Had Soualem,33.428857,-7.8344948,icons/pharmacy.png
N/A,Pharmacie Dounia Al Irfane صيدلية دنيا العرفان,Parapharmacie,Formel,Had Soualem,33.4286929,-7.8376466,icons/pharmacy.png
N/A,Pharmacie Complexe Arrakhaa صيدلية مجمع الرخاء,Parapharmacie,Formel,Had Soualem حـد الـسـوالـم,33.4228053,-7.8347782,icons/pharmacy.png
N/A,Pharmacie Ennasr صيدلية النصر,Parapharmacie,Formel,Had Soualem حـد الـسـوالـم,33.4191246,-7.8612661,icons/pharmacy.png
N/A,Pharmacie Jardins Soualem صيدلية حدائق السوالم,Parapharmacie,Formel,Had Soualem حـد الـسـوالـم,33.4233608,-7.8172318,icons/pharmacy.png
N/A,Pharmacie Atiki صيدلية عاتيقي,Parapharmacie,Formel,Nouaceur,33.4032257,-7.521242,icons/pharmacy.png
N/A,Pharmacie Al Hamd صيدلية الحمد,Parapharmacie,Formel,Nouaceur,33.4004679,-7.5219106,icons/pharmacy.png
N/A,Pharmacie Makka صيدلية مكة,Parapharmacie,Formel,Nouaceur ⵏⵡⴰⵚⵕ النواصر,33.4009769,-7.5339071,icons/pharmacy.png
N/A,Pharmacie Alaaz صيدلية العز,Parapharmacie,Formel,Nouaceur,33.4012519,-7.5268112,icons/pharmacy.png
Mohammédia,Pharmacie Achifaa صيدلية الشفاء,Parapharmacie,Formel,Mohammédia المحمدية,33.6743355,-7.3937147,icons/pharmacy.png
Mohammédia,Pharmacie Hay Lasamir صيدلية حي لاسامير,Parapharmacie,Formel,Mohammédia المحمدية,33.6734996,-7.3889184,icons/pharmacy.png
Mohammédia,Pharmacie Jardins Des Fleurs صيدلية حدائق الورود,Parapharmacie,Formel,Mohammédia المحمدية,33.6719759,-7.3950628,icons/pharmacy.png
Mohammédia,Pharmacie El Idrissi صيدلية الادريسي,Parapharmacie,Formel,Mohammédia المحمدية,33.6780972,-7.3860567,icons/pharmacy.png
Mohammédia,Pharmacie Hay Falah صيدلية حي فلاح,Parapharmacie,Formel,Mohammédia المحمدية,33.6829409,-7.3810164,icons/pharmacy.png
Mohammédia,Pharmacie Essalam صيدلية السلام,Parapharmacie,Formel,Mohammédia المحمدية,33.6756847,-7.3874107,icons/pharmacy.png
Mohammédia,Pharmacie Al Inaya صيدلية العناية,Parapharmacie,Formel,Mohammédia المحمدية,33.6776344,-7.3827308,icons/pharmacy.png
Mohammédia,Pharmacie Sarah صيدلية صراح,Parapharmacie,Formel,Mohammédia المحمدية,33.6821026,-7.3769044,icons/pharmacy.png
Mohammédia,Pharmacie Fedala صيدلية فضالة,Parapharmacie,Formel,Mohammédia المحمدية,33.6811127,-7.3823768,icons/pharmacy.png
Mohammédia,Pharmacie Nasser صيدلية ناصر,Parapharmacie,Formel,Mohammédia المحمدية,33.6852596,-7.3786399,icons/pharmacy.png
Mohammédia,Pharmacie Bismillah صيدلية باسم الله,Parapharmacie,Formel,Mohammédia المحمدية,33.6794296,-7.3765227,icons/pharmacy.png
Mohammédia,Pharmacie Majorelle صيدلية ماجوريل,Parapharmacie,Formel,Mohammédia المحمدية,33.6974339,-7.3656405,icons/pharmacy.png
Mohammédia,Pharmacie Al Akssa صيدلية الأقصى,Parapharmacie,Formel,Pharmacie Al Akssa صيدلية الأقصى,33.687663,-7.3744439,icons/pharmacy.png
Mohammédia,Pharmacie Abderrahim صيدلية عبد الرحيم,Parapharmacie,Formel,Mohammédia المحمدية,33.6864402,-7.3705346,icons/pharmacy.png
Mohammédia,Pharmacie Espoir صيدلية الأمل,Parapharmacie,Formel,Mohammédia المحمدية,33.689236,-7.3630786,icons/pharmacy.png
Mohammédia,Pharmacie Aicha صيدلية عائشة,Parapharmacie,Formel,Mohammédia المحمدية,33.6933043,-7.3582414,icons/pharmacy.png
Mohammédia,Pharmacie Fadelallah صيدلية فضل الله,Parapharmacie,Formel,Mohammédia المحمدية,33.6899104,-7.3703069,icons/pharmacy.png
Mohammédia,Pharmacie Al Fajr صيدلية الفجر,Parapharmacie,Formel,Mohammedia,33.6927388,-7.3708896,icons/pharmacy.png
Mohammédia,Pharmacie Santé صيدلية الصحة,Parapharmacie,Formel,Mohammédia المحمدية,33.6960623,-7.3576094,icons/pharmacy.png
Mohammédia,Pharmacie Idham صيدلية إدهام,Parapharmacie,Formel,"Boulevard Mohamed VI ش. محمد السادس, Mohammédia المحمدية",33.6999691,-7.3626973,icons/pharmacy.png
Mohammédia,Pharmacie Riad Al Ali صيدلية رياض العلي,Parapharmacie,Formel,Mohammédia المحمدية,33.6991418,-7.3571747,icons/pharmacy.png
Mohammédia,Pharmacie Annahda صيدلية النهضة,Parapharmacie,Formel,Mohammédia المحمدية,33.6993395,-7.352182,icons/pharmacy.png
Mohammédia,Pharmacie Jawhart El Fatah 2 صيدلية جوهرة الفتح,Parapharmacie,Formel,Mohammédia المحمدية,33.6695246,-7.3888723,icons/pharmacy.png
Mohammédia,Pharmacie Assil صيدلية أصيل,Parapharmacie,Formel,Mohammédia المحمدية,33.671119,-7.3852486,icons/pharmacy.png
Mohammédia,Pharmacie Al Machrouae صيدلية المشروع,Parapharmacie,Formel,Mohammedia,33.6619107,-7.3631995,icons/pharmacy.png
Mohammédia,Pharmacie Des Résidences صيدلية الاقامات,Parapharmacie,Formel,Mohammedia,33.6677623,-7.3671404,icons/pharmacy.png
Mohammédia,Pharmacie Mimouna صيدلية ميمونة,Parapharmacie,Formel,Mohammedia,33.6650452,-7.3648026,icons/pharmacy.png
N/A,Pharmacie Centre De Santé صيدلية المركز الصحي,Parapharmacie,Formel,Mohammed,33.6611358,-7.3588546,icons/pharmacy.png
Mohammédia,Pharmacie Diyar El Alia صيدلية ديار العالية,Parapharmacie,Formel,Mohammedia,33.6744821,-7.3648676,icons/pharmacy.png
Mohammédia,Pharmacie Jnan Zitoune صيدلية جنان الزيتون,Parapharmacie,Formel,Mohammédia المحمدية,33.6782939,-7.3621117,icons/pharmacy.png
Mohammédia,Pharmacie Youssef صيدلية يوسف,Parapharmacie,Formel,Mohammédia المحمدية,33.6766534,-7.3899685,icons/pharmacy.png
Mohammédia,Pharmacie Al Wahda صيدلية الوحدة,Parapharmacie,Formel,Mohammédia المحمدية,33.6811497,-7.3854121,icons/pharmacy.png
Mohammédia,Pharmacie Sarah صيدلية صارة,Parapharmacie,Formel,Mohammédia المحمدية,33.6859114,-7.3801692,icons/pharmacy.png
Mohammédia,Pharmacie Espoir صيدلية الأمل,Parapharmacie,Formel,Mohammedia,33.6911969,-7.3737297,icons/pharmacy.png
Mohammédia,Pharmacie Al Qods صيدلية القدس,Parapharmacie,Formel,Mohammedia,33.6982691,-7.3686958,icons/pharmacy.png
Mohammédia,Pharmacie Oued Lmakhazin صيدلية واد المخازن,Parapharmacie,Formel,Mohammedia,33.695717,-7.3686059,icons/pharmacy.png
Mohammédia,Pharmacie L'Hôpital صيدلية المستشفى,Parapharmacie,Formel,"Rue La fontaine, Mohammedia",33.6991148,-7.3844459,icons/pharmacy.png
Mohammédia,Pharmacie Wafa صيدلية الوفا,Parapharmacie,Formel,Mohammedia,33.6996321,-7.397617,icons/pharmacy.png
Mohammédia,Pharmacie Eucalyptus صيدلية الكالبتوس,Parapharmacie,Formel,Mohammedia,33.6975761,-7.3953194,icons/pharmacy.png
Mohammédia,Pharmacie La Piscine صيدلية المسبح,Parapharmacie,Formel,"Rue Abderrahmane Serghini, Mohammédia ⵎⵓⵃⴰⵎⴰⴷⵉⵢⴰ المحمدية",33.6956437,-7.3903903,icons/pharmacy.png
Mohammédia,Pharmacie de L'Avenue صيدلية الشارع,Parapharmacie,Formel,"Boulevard Mohammed V شارع محمد الخامس, Mohammedia",33.6995011,-7.3928085,icons/pharmacy.png
Mohammédia,La Grande Pharmacie الصيدلية الكبرى,Parapharmacie,Formel,Mohammedia,33.6935917,-7.3919184,icons/pharmacy.png
Mohammédia,Pharmacie Malak صيدلية ملاك,Parapharmacie,Formel,Mohammedia,33.6830497,-7.4002862,icons/pharmacy.png
N/A,Pharmacie Sebta صيدلية سبتة,Parapharmacie,Formel,Mohammedia,33.6950705,-7.38126,icons/pharmacy.png
Mohammédia,Pharmacie Liberté صيدلية الحرية,Parapharmacie,Formel,Mohammédia المحمدية,33.6902228,-7.3784751,icons/pharmacy.png
Mohammédia,Pharmacie Karama صيدلية كرامة,Parapharmacie,Formel,Mohammedia,33.6787339,-7.4125188,icons/pharmacy.png
Mohammédia,Pharmacie Centrale الصيدلية المركزية,Parapharmacie,Formel,Mohammedia,33.6781346,-7.4133686,icons/pharmacy.png
Mohammédia,Pharmacie Nassim صيدلية النسيم,Parapharmacie,Formel,Mohammedia,33.678645,-7.3995468,icons/pharmacy.png
Mohammédia,Pharmacie Aswak Assalam صيدلية أسواق السلام,Parapharmacie,Formel,Mohammedia,33.688323,-7.4008127,icons/pharmacy.png
Mohammédia,Pharmacie Essaada صيدلية السعادة,Parapharmacie,Formel,Mohammedia,33.6808914,-7.3940196,icons/pharmacy.png
Mohammédia,Pharmacie Alia صيدلية عالية,Parapharmacie,Formel,MOHAMMEDIA,33.6879494,-7.3906383,icons/pharmacy.png
Mohammédia,Pharmacie Ibn Rochd صيدلية ابن رشد,Parapharmacie,Formel,Mohammedia,33.6901605,-7.3873124,icons/pharmacy.png
Mohammédia,Pharmacie Mesk Lil صيدلية مسك الليل,Parapharmacie,Formel,Mohammedia,33.6921925,-7.3875143,icons/pharmacy.png
Mohammédia,Pharmacie Ibn Nafis صيدلية ابن النفيس,Parapharmacie,Formel,Mohammedia,33.6898614,-7.3909642,icons/pharmacy.png
Mohammédia,Pharmacie Anfa صيدلية أنفا,Parapharmacie,Formel,Mohammedia,33.6945948,-7.3766587,icons/pharmacy.png
Mohammédia,Pharmacie Laayoune صيدلية لعيون,Parapharmacie,Formel,Mohammédia المحمدية,33.6943834,-7.3843837,icons/pharmacy.png
Arrondissement d'Aïn-Chock,Papa John's,Restaurant,Formel,Papa John's,33.5328711,-7.6154746,icons/restaurant.png
N/A,Pharmacie Youssef صيدلية يوسف,Parapharmacie,Formel,Tit Mellil تيط مليل,33.5424012,-7.479469,icons/pharmacy.png
N/A,Pharmacie Hay Alia صيدلية حي علياء,Parapharmacie,Formel,Tit Mellil,33.5445419,-7.4870704,icons/pharmacy.png
N/A,Pharmacie Le Jasmin صيدلية الياسمين,Parapharmacie,Formel,Tit Mellil تيط مليل,33.5450802,-7.4822458,icons/pharmacy.png
N/A,Pharmacie Bouchama صيدلية بوشامة,Parapharmacie,Formel,Tit Mellil تيط مليل,33.5488153,-7.4817686,icons/pharmacy.png
N/A,Pharmacie Alliance صيدلية أليانس,Parapharmacie,Formel,"Avenue Al Masjid, Tit Mellil تيط مليل",33.549637,-7.4872239,icons/pharmacy.png
N/A,Pharmacie Bakri صيدلية بكري,Parapharmacie,Formel,Tit Mellil ⵜⵉⵟ ⵎⵍⵉⵍ تيط مليل,33.5500583,-7.4837862,icons/pharmacy.png
N/A,Pharmacie Zine Essalam صيدلية زين السلام,Parapharmacie,Formel,Tit Mellil تيط مليل,33.5528826,-7.4751169,icons/pharmacy.png
N/A,Pharmacie Jnane Essafia صيدلية جنان الصافية,Parapharmacie,Formel,Tit Mellil تيط مليل,33.5560088,-7.4724584,icons/pharmacy.png
N/A,Pharmacie Messaoudi صيدلية المسعودي,Parapharmacie,Formel,Tit Mellil تيط مليل,33.5447985,-7.4653683,icons/pharmacy.png
N/A,Pharmacie La Permanence صيدلية الدوام,Parapharmacie,Formel,"Boulevard Okba Bnou Nafie, Tit Mellil",33.5480164,-7.4570364,icons/pharmacy.png
N/A,Pharmacie Souk Sebt صيدلية سوق السبت,Parapharmacie,Formel,"Boulevard Okba Bnou Nafie, Tit Mellil تيط مليل",33.5549773,-7.4802272,icons/pharmacy.png
N/A,Pharmacie Shems El Madina صيدلية شمس المدينة,Parapharmacie,Formel,Tit Mellil تيط مليل,33.5515188,-7.4639495,icons/pharmacy.png
N/A,Pharmacie Sami صيدلية سامي,Parapharmacie,Formel,Tit Mellil تيط مليل,33.5621879,-7.4846857,icons/pharmacy.png
N/A,Pharmacie Riad Echallalate صيدلية رياض الشلالات,Parapharmacie,Formel,Ain Harrouda عين حرودة,33.6188064,-7.4457767,icons/pharmacy.png
N/A,Pharmacie Hay Riad صيدلية حي الرياض,Parapharmacie,Formel,Ain Harrouda عين حرودة,33.620225,-7.4486547,icons/pharmacy.png
N/A,Pharmacie Solb صيدلية الصلب,Parapharmacie,Formel,Ain Harrouda عين حرودة,33.6275418,-7.4399033,icons/pharmacy.png
N/A,Pharmacie Zaitoune صيدلية الزيتون,Parapharmacie,Formel,Ain Harrouda عين حرودة,33.6271798,-7.4362403,icons/pharmacy.png
N/A,Pharmacie Dr.Salah صيدلية د.صلاح,Parapharmacie,Formel,Ain Harrouda عين حرودة,33.6339743,-7.4208001,icons/pharmacy.png
N/A,Pharmacie Omar Al Farouk صيدلية عمر الفاروق,Parapharmacie,Formel,Ain Harrouda عين حرودة,33.6510104,-7.414294,icons/pharmacy.png
N/A,Pharmacie Zenata صيدلية زناتة,Parapharmacie,Formel,Ain Harrouda ⵄⵉⵏ ⵃⴰⵔⵓⴷⴰ عين حرودة,33.6339426,-7.4500004,icons/pharmacy.png
N/A,Pharmacie Siècle صيدلية القرن,Parapharmacie,Formel,Ain Harrouda,33.6332131,-7.4581042,icons/pharmacy.png
N/A,Pharmacie El Ezz صيدلية العز,Parapharmacie,Formel,"Boulevard de Palestine, Ain Harrouda",33.6317087,-7.4563667,icons/pharmacy.png
N/A,Pharmacie Ibnou Sahl صيدلية ابن السهل,Parapharmacie,Formel,Ain Harrouda,33.6360838,-7.4469982,icons/pharmacy.png
N/A,Pharmacie El Moustawsaf صيدلية المستوصف,Parapharmacie,Formel,Ain Harrouda,33.638738,-7.4482679,icons/pharmacy.png
N/A,Pharmacie Zahra صيدلية زهرة,Parapharmacie,Formel,Ain Harrouda ⵄⵉⵏ ⵃⴰⵔⵓⴷⴰ عين حرودة,33.6362342,-7.4505974,icons/pharmacy.png
N/A,Pharmacie Aït Taleb صيدلية أيت الطالب,Parapharmacie,Formel,Ain Harrouda ⵄⵉⵏ ⵃⴰⵔⵓⴷⴰ عين حرودة,33.6362382,-7.4531351,icons/pharmacy.png
N/A,Pharmacie Zaynab صيدلية زينب,Parapharmacie,Formel,Ain Harrouda,33.6372947,-7.4601645,icons/pharmacy.png
N/A,Pharmacie Ain Harrouda صيدلية عين حرودة,Parapharmacie,Formel,"Avenue Ibn Rochd, Ain Harrouda",33.6405941,-7.4509547,icons/pharmacy.png
N/A,Pharmacie Rim صيدلية ريم,Parapharmacie,Formel,"Avenue Ibn Battouta, Ain Harrouda",33.638872,-7.4525694,icons/pharmacy.png
N/A,Pharmacie Moustaid صيدلية مستعيد,Parapharmacie,Formel,Ain Harrouda,33.6389782,-7.4551621,icons/pharmacy.png
N/A,Pharmacie Amal Soussi صيدلية أمل السوسي,Parapharmacie,Formel,Ain Harrouda عين حرودة,33.6618355,-7.4377611,icons/pharmacy.png
N/A,Pharmacie Al Madina صيدلية المدينة,Parapharmacie,Formel,"Boulevard Chefchaouni, Ain Harrouda عين حرودة",33.6643582,-7.4403059,icons/pharmacy.png
N/A,Pharmacie Km 15 صيدلية كلم,Parapharmacie,Formel,Ain Harrouda,33.6330076,-7.4705889,icons/pharmacy.png
Mohammédia,Pharmacie Al Fath صيدلية الفتح,Parapharmacie,Formel,"Boulevard Oued Al Makhazine, Mohammédia المحمدية",33.6819076,-7.3912556,icons/pharmacy.png
Mohammédia,Pharmacie Al Majd صيدلية المجد,Parapharmacie,Formel,"Boulevard de la Resistance, Mohammedia",33.6858915,-7.3827021,icons/pharmacy.png
Mohammédia,Pharmacie Al Mouna صيدلية المنى,Parapharmacie,Formel,Mohammedia,33.6902091,-7.384695,icons/pharmacy.png
Mohammédia,Pharmacie Riad صيدلية الرياض,Parapharmacie,Formel,"Boulevard Monastir, Mohammedia",33.688186,-7.3843147,icons/pharmacy.png
Mohammédia,Pharmacie Assounah صيدلية السنة,Parapharmacie,Formel,"Boulevard de la Resistance, Mohammédia المحمدية",33.681629,-7.3883894,icons/pharmacy.png
Mohammédia,Pharmacie Mekka صيدلية مكة,Parapharmacie,Formel,Mohammedia,33.6915786,-7.3827277,icons/pharmacy.png
Mohammédia,Pharmacie Palestine صيدلية فلسطين,Parapharmacie,Formel,"Boulevard de Palestine, Mohammédia المحمدية",33.6898042,-7.3808236,icons/pharmacy.png
Mohammédia,Pharmacie de la Kasbah صيدلية القصبة,Parapharmacie,Formel,"Rue Mansour Eddahbi, Mohammedia",33.6987758,-7.3895011,icons/pharmacy.png
Mohammédia,Pharmacie Les Crêtes صيدلية القمم,Parapharmacie,Formel,Mohammédia المحمدية,33.6884075,-7.395669,icons/pharmacy.png
Bouskoura,Pharmacie Nour Victoria صيدلية نور فيكتوريا,Parapharmacie,Formel,Bouskoura,33.4167216,-7.6784334,icons/pharmacy.png
Bouskoura,Pharmacie l'Aube صيدلية الفجر,Parapharmacie,Formel,Bouskoura,33.4132803,-7.6807432,icons/pharmacy.png
Bouskoura,Pharmacie Zineb صيدلية زينب,Parapharmacie,Formel,Bouskoura,33.4103551,-7.6761805,icons/pharmacy.png
Bouskoura,Pharmacie Centrale الصيدلية المركزية,Parapharmacie,Formel,Bouskoura,33.422519,-7.6780797,icons/pharmacy.png
Bouskoura,Pharmacie Annasr Victoria صيدلية النصر فيكتوريا,Parapharmacie,Formel,Bouskoura,33.4234586,-7.6811403,icons/pharmacy.png
Bouskoura,Pharmacie Garan صيدلية كران,Parapharmacie,Formel,Bouskoura,33.4171299,-7.6737998,icons/pharmacy.png
Bouskoura,Pharmacie Nova Victoria صيدلية نوفا فيكتوريا,Parapharmacie,Formel,Bouskoura,33.4200724,-7.6736957,icons/pharmacy.png
Bouskoura,Pharmacie Victoria Parc صيدلية فيكتوريا بارك,Parapharmacie,Formel,Bouskoura,33.4236471,-7.6718659,icons/pharmacy.png
Bouskoura,Pharmacie PharmaParc صيدلية فارمابارك,Parapharmacie,Formel,Bouskoura,33.4208701,-7.6457515,icons/pharmacy.png
Bouskoura,Pharmacie Mayssane صيدلية ميسان,Parapharmacie,Formel,Bouskoura,33.4218769,-7.6517712,icons/pharmacy.png
Bouskoura,Pharmacie Agdal صيدلية أكدال,Parapharmacie,Formel,Bouskoura بوسكورة,33.4290944,-7.6372895,icons/pharmacy.png
Bouskoura,Pharmacie Al Hamd صيدلية الحمد,Parapharmacie,Formel,Bouskoura بوسكورة,33.4323388,-7.6391987,icons/pharmacy.png
Bouskoura,Pharmacie Parc Ib صيدلية بارك أب,Parapharmacie,Formel,Bouskoura بوسكورة,33.4420941,-7.650858,icons/pharmacy.png
Bouskoura,Pharmacie Rachidi صيدلية الراشدي,Parapharmacie,Formel,Bouskoura,33.4462959,-7.6481367,icons/pharmacy.png
Bouskoura,Pharmacie La Glita صيدلية لاغليتا,Parapharmacie,Formel,Bouskoura,33.4511321,-7.659022,icons/pharmacy.png
Bouskoura,Pharmacie Tlet Bouskoura صيدلية ثلاثاء بوسكورة,Parapharmacie,Formel,Bouskoura,33.4509888,-7.6488376,icons/pharmacy.png
Bouskoura,Pharmacie El Masjid صيدلية المسجد,Parapharmacie,Formel,Bouskoura,33.4522741,-7.6509632,icons/pharmacy.png
Bouskoura,Pharmacie Ryad Bouskoura صيدلية رياض بوسكورة,Parapharmacie,Formel,Bouskoura,33.4576144,-7.6652104,icons/pharmacy.png
Bouskoura,Pharmacie Maria صيدلية ماريا,Parapharmacie,Formel,Bouskoura ⴱⵓⵙⴽⵓⵔⴰ بوسكورة,33.4547158,-7.6498989,icons/pharmacy.png
Bouskoura,Pharmacie Annakhil صيدلية النخيل,Parapharmacie,Formel,Bouskoura,33.4596685,-7.6527878,icons/pharmacy.png
Bouskoura,Pharmacie Chorafae صيدلية الشرفاء,Parapharmacie,Formel,Bouskoura ⴱⵓⵙⴽⵓⵔⴰ بوسكورة,33.4575681,-7.6504165,icons/pharmacy.png
Bouskoura,Pharmacie Al Hassanaine صيدلية الحسنين,Parapharmacie,Formel,Bouskoura,33.4592818,-7.656905,icons/pharmacy.png
Bouskoura,Pharmacie La Mère صيدلية الأم,Parapharmacie,Formel,Bouskoura,33.4600987,-7.6605442,icons/pharmacy.png
Bouskoura,Pharmacie Al Kawtar صيدلية الكوثر,Parapharmacie,Formel,Bouskoura,33.4623118,-7.6638025,icons/pharmacy.png
Bouskoura,Pharmacie Prestige Bouskoura صيدلية بريستيج بوسكورة,Parapharmacie,Formel,Bouskoura,33.4715831,-7.6670902,icons/pharmacy.png
Bouskoura,Pharmacie Flora صيدلية فلورا,Parapharmacie,Formel,Bouskoura,33.462767,-7.6681919,icons/pharmacy.png
Bouskoura,Pharmacie Al Wakil صيدلية الوكيل,Parapharmacie,Formel,Bouskoura,33.4680563,-7.6609776,icons/pharmacy.png
Bouskoura,Pharmacie Assamad صيدلية الصمد,Parapharmacie,Formel,Bouskoura,33.4659259,-7.6698384,icons/pharmacy.png
Bouskoura,Pharmacie Kenz Bouskoura صيدلية كنز بوسكورة,Parapharmacie,Formel,Bouskoura,33.4644174,-7.6575566,icons/pharmacy.png
Bouskoura,Pharmacie Najat صيدلية نجاة,Parapharmacie,Formel,Bouskoura,33.4683996,-7.651666,icons/pharmacy.png
Bouskoura,Pharmacie Ibn Rochd صيدلية ابن رشد,Parapharmacie,Formel,Bouskoura,33.463491,-7.6538305,icons/pharmacy.png
Bouskoura,Pharmacie Principale Bouskoura صيدلية بوسكورة الرئيسية,Parapharmacie,Formel,Bouskoura,33.464761,-7.6502431,icons/pharmacy.png
Bouskoura,Pharmacie Dyar Al Andalous صيدلية ديار الأندلس,Parapharmacie,Formel,Bouskoura,33.4605822,-7.6478776,icons/pharmacy.png
Bouskoura,Pharmacie Andalous Bouskoura صيدلية أندلس بوسكورة,Parapharmacie,Formel,Bouskoura,33.4651739,-7.6452378,icons/pharmacy.png
Bouskoura,Pharmacie Zemmama صيدلية زمامة,Parapharmacie,Formel,Bouskoura,33.4607975,-7.6445349,icons/pharmacy.png
Bouskoura,Pharmacie Eden Bouskoura صيدلية اذن بوسكورة,Parapharmacie,Formel,Bouskoura,33.4732133,-7.64153,icons/pharmacy.png
Bouskoura,Pharmacie Chaimae صيدلية شيماء,Parapharmacie,Formel,Bouskoura,33.4786894,-7.6635032,icons/pharmacy.png
Bouskoura,Pharmacie Gaila صيدلية كايلة,Parapharmacie,Formel,Bouskoura,33.4828641,-7.6555344,icons/pharmacy.png
Bouskoura,Pharmacie Golf City صيدلية كولف سيتي,Parapharmacie,Formel,Bouskoura,33.475405,-7.606799,icons/pharmacy.png
Bouskoura,Pharmacie La Ville Verte صيدلية المدينة الخضراء,Parapharmacie,Formel,Bouskoura بوسكورة,33.493491,-7.6026241,icons/pharmacy.png
Bouskoura,Pharmacie Boujaadia صيدلية بوجعيدية,Parapharmacie,Formel,Bouskoura,33.452407,-7.6347608,icons/pharmacy.png
Bouskoura,Pharmacie Al Joud صيدلية الجود,Parapharmacie,Formel,Bouskoura,33.4855909,-7.6727376,icons/pharmacy.png
Bouskoura,c3000548,Parapharmacie,Formel,Bouskoura,33.4812004,-7.6667034,icons/pharmacy.png
Bouskoura,Pharmacie Maraya صيدلية مرايا,Parapharmacie,Formel,Bouskoura,33.4683806,-7.6912108,icons/pharmacy.png
Bouskoura,Pharmacie El Mzabyine صيدلية المزابيين,Parapharmacie,Formel,Bouskoura بوسكورة,33.5146151,-7.5904222,icons/pharmacy.png
Bouskoura,Pharmacie Kadri صيدلية كدري,Parapharmacie,Formel,Bouskoura,33.4530438,-7.7098775,icons/pharmacy.png
Bouskoura,Pharmacie Laamamra صيدلية العمامرة,Parapharmacie,Formel,Bouskoura,33.4147384,-7.6330126,icons/pharmacy.png
Bouskoura,Pharmacie Kamil Bouskoura صيدلية كامل بوسكورة,Parapharmacie,Formel,Bouskoura,33.4520102,-7.6672632,icons/pharmacy.png
Bouskoura,Pharmacie Casadiaa صيدلية كساديا,Parapharmacie,Formel,Bouskoura,33.4066641,-7.62306,icons/pharmacy.png
Assoukhour Assawda,Poulet Amira,Restaurant,Formel,"Place Al Yassir, Casablanca",33.5934069,-7.5984884,icons/restaurant.png
Bouskoura,Palmeraie coutry club,Restaurant,Formel,"Avenue du Promontoire, Bouskoura بوسكورة",33.4813451,-7.5941067,icons/restaurant.png
Sour Jdid,Petite épicerie,Boutique de confiserie,Informel,Petite épicerie,33.5947218,-7.6333943,icons/confectionery.png
El Hank,Oncle Blend,Restaurant,Formel,Rue Bab Ennasr زنقة باب النصر,33.5928022,-7.6442567,icons/restaurant.png
Préfecture d'arrondissement de Hay Hassani,Pharmacie Laymoune,Parapharmacie,Formel,"Lotissement Allaimoune 1, Casablanca",33.5445452,-7.6645793,icons/pharmacy.png
Préfecture d'arrondissement de Hay Hassani,Café Laymoune,Café,Formel,"Lotissement Allaimoune, Casablanca",33.5446715,-7.6644251,icons/cafe.png
Palmiers,Café sans nom,Café,Formel,Café sans nom,33.5814622,-7.6219841,icons/cafe.png
Palmiers,Tikita,Café,Formel,Tikita,33.5816667,-7.6226907,icons/cafe.png
Arrondissement de Sidi Belyout,Bim,Supermarché,Formel,Bim,33.5833045,-7.6221079,icons/supermarket.png
Val Fleuri,Carrefour Market,Supermarché,Formel,Rue Henri Murger,33.5740376,-7.6361871,icons/supermarket.png
Les Princesses,Fratello,Café,Formel,Rue Jounaid,33.5763425,-7.6478934,icons/cafe.png
Les Princesses,Yoma,Café,Formel,Rue Jounaid,33.5758453,-7.6474826,icons/cafe.png
Les Princesses,BİM,Supermarché,Formel,BİM,33.5765392,-7.6464177,icons/supermarket.png
Casa Anfa,Café de la Faculté,Café,Formel,"Route Ancienne, Casablanca",33.5452352,-7.6601018,icons/cafe.png
Assoukhour Assawda,BİM,Supermarché,Formel,"Place Al Yassir, Casablanca",33.5937022,-7.5987385,icons/supermarket.png
Riviera,Osawa,Restaurant,Formel,"Rue Ahmed Akkad, akrad, Casablanca",33.5626827,-7.6387538,icons/restaurant.png
Sour Jdid,La Frite,Restaurant,Formel,"10 Rue de la Réunion, Casablanca",33.5971125,-7.6357215,icons/restaurant.png
Ancienne Medina,Zorba,Restaurant,Formel,Casablanca,33.5926124,-7.6067836,icons/restaurant.png
Ancienne Medina,Goloso,Café,Formel,Goloso,33.5927208,-7.6068494,icons/cafe.png
Anfa Supérieur,LaFrite,Restaurant,Formel,LaFrite,33.5920846,-7.6775042,icons/restaurant.png
راسين,Para & Pharmacie Vélodrome,Parapharmacie,Formel,Rue Aïn Harrouda زنقة عين حرودة,33.5914391,-7.6409462,icons/pharmacy.png
CIL,Tropy,Supermarché,Formel,"Rue de l'Atlas, Casablanca",33.5761384,-7.6601328,icons/supermarket.png
Arrondissement d'Al Fida,Pharmacie Taha Houssine,Parapharmacie,Formel,"Rue 30, Casablanca ⵜⴰⴷⴷⴰⵔⵜ ⵜⵓⵎⵍⵉⵍⵜ الدار البيضاء",33.5632216,-7.5910097,icons/pharmacy.png
Arrondissement d'Al Fida,Boulanger Hakimi,Boulangerie,Formel,"Avenue A, Casablanca ⵜⴰⴷⴷⴰⵔⵜ ⵜⵓⵎⵍⵉⵍⵜ الدار البيضاء",33.5633143,-7.5920585,icons/bakery.png
Beauséjour,Marjane Market مرجان ماركت,Supermarché,Formel,Boulevard Sidi Abderrahmane شارع سيدي عبد الرحمان,33.566764,-7.6559254,icons/supermarket.png
Assoukhour Assawda,Supermarché sans nom,Supermarché,Formel,Supermarché sans nom,33.591678,-7.5948403,icons/supermarket.png
Palmiers,Kasekuchen,Café,Formel,Kasekuchen,33.5776159,-7.6245466,icons/cafe.png
Palmiers,Taiyo,Restaurant,Formel,Taiyo,33.5776371,-7.6246794,icons/restaurant.png
Palmiers,El Bistrot de Papa,Restaurant,Formel,El Bistrot de Papa,33.5776527,-7.6247357,icons/restaurant.png
Arrondissement d'Aïn Sebaâ,Café Number One,Café,Formel,Café Number One,33.6137083,-7.5267048,icons/cafe.png
Arrondissement d'Aïn Sebaâ,Espace Malamine,Café,Formel,Espace Malamine,33.6136614,-7.526564,icons/cafe.png
Arrondissement d'Aïn Sebaâ,Café Amarela,Café,Formel,Café Amarela,33.6137909,-7.5260235,icons/cafe.png
Sidi Bernoussi,مقتصدية التعليم سيدي البرنوصي,Supermarché,Formel,مقتصدية التعليم سيدي البرنوصي,33.6083504,-7.4998647,icons/supermarket.png
Sidi Moumen,بيم,Supermarché,Formel,بيم,33.5865086,-7.5030457,icons/supermarket.png
Moualine el Oued,Restaurant sans nom,Restaurant,Formel,Restaurant sans nom,33.5007548,-7.3378948,icons/restaurant.png
Les Princesses,Restaurant sans nom,Restaurant,Formel,Rue Ibnou Katir,33.5754946,-7.6464665,icons/restaurant.png
Bourgogne,Supérette / Mini-market sans nom,Supérette / Mini-market,Formel,Rue Jaâfar Ibnou Atia,33.5947426,-7.6421856,icons/convenience.png
Berger,Café sans nom,Café,Formel,Café sans nom,33.5751285,-7.6457383,icons/cafe.png
Préfecture d'arrondissement de Hay Hassani,Sushi Live,Restaurant,Formel,"Rue 29 hay hassani, Casablanca الدار البيضاء",33.5673373,-7.6940996,icons/restaurant.png
Anfa Supérieur,Le Pershing,Restaurant,Formel,Boulevard de la Corniche شارع الكورنيش,33.5949636,-7.6780468,icons/restaurant.png
Anfa Supérieur,Oliveri,Restaurant,Formel,Boulevard de la Corniche شارع الكورنيش,33.5948563,-7.6781193,icons/restaurant.png
Ancienne Medina,ماكدونالدز,Restaurant,Formel,ماكدونالدز,33.6078033,-7.6210293,icons/restaurant.png
Ancienne Medina,Burger King,Restaurant,Formel,Burger King,33.6076693,-7.6207864,icons/restaurant.png
Berger,Restaurant sans nom,Restaurant,Formel,Restaurant sans nom,33.5751475,-7.6456165,icons/restaurant.png
Berger,Restaurant sans nom,Restaurant,Formel,Restaurant sans nom,33.5750511,-7.6455351,icons/restaurant.png
Les Princesses,Restaurant sans nom,Restaurant,Formel,Restaurant sans nom,33.5753114,-7.6467526,icons/restaurant.png
Les Princesses,Café sans nom,Café,Formel,Café sans nom,33.5751908,-7.6469784,icons/cafe.png
Les Princesses,Restaurant sans nom,Restaurant,Formel,Restaurant sans nom,33.5762475,-7.6452409,icons/restaurant.png
Les Princesses,Café sans nom,Café,Formel,Café sans nom,33.5758566,-7.6459984,icons/cafe.png
Les Princesses,Restaurant sans nom,Restaurant,Formel,Restaurant sans nom,33.5756166,-7.6462731,icons/restaurant.png
Les Princesses,Supérette / Mini-market sans nom,Supérette / Mini-market,Formel,Supérette / Mini-market sans nom,33.5755753,-7.646333,icons/convenience.png
Les Princesses,Boutique de confiserie sans nom,Boutique de confiserie,Informel,Boutique de confiserie sans nom,33.575546,-7.6463768,icons/confectionery.png
Berger,Restaurant sans nom,Restaurant,Formel,Restaurant sans nom,33.5756169,-7.6461162,icons/restaurant.png
Californie,OLEA,Restaurant,Formel,"Route de l'Oasis, Casablanca ⵜⴰⴷⴷⴰⵔⵜ ⵜⵓⵎⵍⵉⵍⵜ الدار البيضاء",33.5485908,-7.6373926,icons/restaurant.png
Dar Bouazza,Snack Pedro (near Youssef's appart),Restaurant,Formel,Snack Pedro (near Youssef's appart),33.5352777,-7.7323353,icons/restaurant.png
Ancienne Medina,Resto Grill Salaheddine,Restaurant,Formel,Resto Grill Salaheddine,33.5947743,-7.6117538,icons/restaurant.png
Arrondissement d'Aïn-Chock,رياض 21,Café,Formel,رياض 21,33.5516774,-7.6104223,icons/cafe.png
راسين,Organic Kitchen,Restaurant,Formel,Rue Ahmed El Mokri زنقة أحمد المقري,33.5905909,-7.6381864,icons/restaurant.png
Palmiers,Good Vapes : Cigarette Electronique Casablanca,Café,Formel,"rue du breteuil, Casablanca ⵜⴰⴷⴷⴰⵔⵜ ⵜⵓⵎⵍⵉⵍⵜ الدار البيضاء",33.5815303,-7.6222927,icons/cafe.png
Palmiers,Café les Fleurs,Café,Formel,Café les Fleurs,33.5816461,-7.622458,icons/cafe.png
Palmiers,Café Ravel,Café,Formel,Café Ravel,33.581791,-7.6226032,icons/cafe.png
Palmiers,Pyramides Dorées,Restaurant,Formel,Pyramides Dorées,33.5818215,-7.6223122,icons/restaurant.png
Les Hôpitaux,Café Restaurant Tikita,Restaurant,Formel,Café Restaurant Tikita,33.5809882,-7.6229868,icons/restaurant.png
Les Hôpitaux,Parapharmacie Ibn Rochd,Parapharmacie,Formel,Parapharmacie Ibn Rochd,33.5808565,-7.6224722,icons/pharmacy.png
Palmiers,Coffee shop,Café,Formel,Coffee shop,33.5805428,-7.6231288,icons/cafe.png
Palmiers,Le Duc Casablanca,Restaurant,Formel,Le Duc Casablanca,33.5804706,-7.6231722,icons/restaurant.png
Palmiers,ADIPRO,Supermarché,Formel,ADIPRO,33.5802619,-7.6224175,icons/supermarket.png
N/A,Art Deco Et Laser,Supermarché,Formel,Art Deco Et Laser,33.5805361,-7.6217608,icons/supermarket.png
Les Hôpitaux,POISSONIA.MA,Restaurant,Formel,POISSONIA.MA,33.5803676,-7.6216613,icons/restaurant.png
Palmiers,Espace Turquie,Supermarché,Formel,Espace Turquie,33.5802289,-7.6232078,icons/supermarket.png
Palmiers,Societe Industrielle De Produits Medical Sa,Supermarché,Formel,Societe Industrielle De Produits Medical Sa,33.5798484,-7.6228174,icons/supermarket.png
Palmiers,Ensure Services,Supermarché,Formel,Ensure Services,33.5794161,-7.6229794,icons/supermarket.png
Les Hôpitaux,La Croisière Café,Café,Formel,La Croisière Café,33.5827449,-7.622174,icons/cafe.png
Les Hôpitaux,Casadarna,Restaurant,Formel,Casadarna,33.5825841,-7.6222062,icons/restaurant.png
N/A,BIM,Supermarché,Formel,BIM,33.5789653,-7.6221811,icons/supermarket.png
Palmiers,Resto -Grill Funoon,Restaurant,Formel,Resto -Grill Funoon,33.5788928,-7.6229861,icons/restaurant.png
Les Hôpitaux,Pharmacie Maurice Gaud,Parapharmacie,Formel,Pharmacie Maurice Gaud,33.5787585,-7.6214762,icons/pharmacy.png
Les Hôpitaux,KADI MED,Supermarché,Formel,KADI MED,33.5787764,-7.6219061,icons/supermarket.png
Palmiers,Bonsai,Restaurant,Formel,Bonsai,33.5826823,-7.6228888,icons/restaurant.png
Palmiers,Café Marhaba,Café,Formel,Café Marhaba,33.5786007,-7.6240429,icons/cafe.png
Palmiers,Pharmacie Les Lilas صيدلية ليلج,Parapharmacie,Formel,Pharmacie Les Lilas صيدلية ليلج,33.5791919,-7.6240387,icons/pharmacy.png
Sour Jdid,Pizza Part,Restaurant,Formel,"Rue Soldat Jean Pierre Favre, Casablanca",33.5942487,-7.633888,icons/restaurant.png
Oulad Ziyane,مقهى النخيل,Café,Formel,مقهى النخيل,33.4021285,-7.522082,icons/cafe.png
Sidi Maârouf,Amorena,Café,Formel,Amorena,33.5180507,-7.6486591,icons/cafe.png
Gauthier,Café sans nom,Café,Formel,Rue Abou Kacem Achchabi,33.5867588,-7.6294077,icons/cafe.png
Anfa Supérieur,Restaurant sans nom,Restaurant,Formel,Restaurant sans nom,33.5963688,-7.6750983,icons/restaurant.png
Gauthier,Bangkok Me,Restaurant,Formel,Bangkok Me,33.5891189,-7.6325717,icons/restaurant.png
Bourgogne,Restaurant sans nom,Restaurant,Formel,Restaurant sans nom,33.5963106,-7.6417406,icons/restaurant.png
Ancienne Medina,La Loge Café,Café,Formel,La Loge Café,33.5927252,-7.6175367,icons/cafe.png
Ancienne Medina,Restaurant sans nom,Restaurant,Formel,Restaurant sans nom,33.6039275,-7.6207901,icons/restaurant.png
Sour Jdid,Café sans nom,Café,Formel,Café sans nom,33.6059886,-7.6292143,icons/cafe.png
Hay El Hana,Supérette / Mini-market sans nom,Supérette / Mini-market,Formel,Supérette / Mini-market sans nom,33.576553,-7.6687263,icons/convenience.png
Hay El Hana,Épicerie sans nom,Épicerie,Informel,Épicerie sans nom,33.5766302,-7.6684326,icons/greengrocer.png
Habous ⵍⵃⵓⴱⵓⵙ الحبوس,Café Impérial,Café,Formel,Café Impérial,33.5777645,-7.6061805,icons/cafe.png
Arrondissement de Moulay Rachid,مواد الغذائية صلاح,Supérette / Mini-market,Formel,مواد الغذائية صلاح,33.5744876,-7.5544471,icons/convenience.png
Arrondissement de Moulay Rachid,مأكولات الشمالي,Restaurant,Formel,مأكولات الشمالي,33.5744243,-7.5543817,icons/restaurant.png
Arrondissement de Moulay Rachid,Café Grand Atlas,Café,Formel,Café Grand Atlas,33.5741779,-7.5542136,icons/cafe.png
Arrondissement de Moulay Rachid,Pharmacie Jawad,Parapharmacie,Formel,Pharmacie Jawad,33.5712168,-7.5594241,icons/pharmacy.png
Arrondissement de Moulay Rachid,Bureaux Tabac,Supérette / Mini-market,Formel,Bureaux Tabac,33.574463,-7.5544244,icons/convenience.png
N/A,Café Sevilla,Café,Formel,Café Sevilla,33.5713066,-7.5559436,icons/cafe.png
Arrondissement de Moulay Rachid,فران دمنات,Boulangerie,Formel,فران دمنات,33.5728822,-7.5608625,icons/bakery.png
Arrondissement de Moulay Rachid,مقهى المهاجر,Café,Formel,مقهى المهاجر,33.5718422,-7.5618043,icons/cafe.png
Bouskoura,Pharmacie & Parapharmacie Centrale de Bouskoura,Parapharmacie,Formel,Pharmacie & Parapharmacie Centrale de Bouskoura,33.4929542,-7.6488068,icons/pharmacy.png
Moulay Rachid,مجزرة و مشواة المسجد,Restaurant,Formel,مجزرة و مشواة المسجد,33.5705562,-7.5508866,icons/restaurant.png
Arrondissement de Moulay Rachid,صيدلية التوحيد,Parapharmacie,Formel,صيدلية التوحيد,33.5709384,-7.5512541,icons/pharmacy.png
Arrondissement de Moulay Rachid,BİM,Supermarché,Formel,BİM,33.5739454,-7.5588138,icons/supermarket.png
Arrondissement de Moulay Rachid,MOYA COFFE,Café,Formel,MOYA COFFE,33.5752024,-7.5564804,icons/cafe.png
Ancienne Medina,Chez Michel et Hafida,Restaurant,Formel,Boulevard Mohammed V شارع محمد الخامس,33.5949273,-7.6121495,icons/restaurant.png
Sour Jdid,Restaurant sans nom,Restaurant,Formel,Restaurant sans nom,33.6079511,-7.6290521,icons/restaurant.png
Ancienne Medina,café central,Restaurant,Formel,café central,33.600085,-7.617311,icons/restaurant.png
Ancienne Medina,Café sans nom,Café,Formel,Café sans nom,33.5947641,-7.6131407,icons/cafe.png
Préfecture d'arrondissement de Hay Hassani,wasila,Café,Formel,wasila,33.5700043,-7.6826382,icons/cafe.png
Ancienne Medina,Café sans nom,Café,Formel,Café sans nom,33.6000248,-7.6171691,icons/cafe.png
Sour Jdid,Supermarché sans nom,Supermarché,Formel,Supermarché sans nom,33.593301,-7.6273077,icons/supermarket.png
Sour Jdid,Café sans nom,Café,Formel,Café sans nom,33.6031464,-7.633319,icons/cafe.png
Oulad Azzouz,Carrefour,Supermarché,Formel,Carrefour,33.5173168,-7.7990506,icons/supermarket.png
Ancienne Medina,Café sans nom,Café,Formel,Café sans nom,33.5934483,-7.6171685,icons/cafe.png
Ancienne Medina,Café sans nom,Café,Formel,Café sans nom,33.5930833,-7.6166954,icons/cafe.png
Préfecture d'arrondissement de Hay Hassani,Café sans nom,Café,Formel,Café sans nom,33.5685033,-7.6824901,icons/cafe.png
Gauthier,Restaurant sans nom,Restaurant,Formel,Restaurant sans nom,33.5925267,-7.6311415,icons/restaurant.png
Ancienne Medina,Restaurant sans nom,Restaurant,Formel,"Rue Sidi Belyout, Casablanca 20000, Marruecos",33.5977705,-7.6141578,icons/restaurant.png
N/A,Restaurant sans nom,Restaurant,Formel,"31 IMM RUE EL ARSA, Casablanca 20250, Marruecos",33.6038798,-7.6215009,icons/restaurant.png
Arrondissement de Sidi Othmane,souq baladia,Supermarché,Formel,souq baladia,33.5624485,-7.5748432,icons/supermarket.png
Sour Jdid,Lora Patisserie Boulangerie,Boulangerie,Formel,Lora Patisserie Boulangerie,33.5943688,-7.6285112,icons/bakery.png
Sour Jdid,Tour Eiffel,Café,Formel,Tour Eiffel,33.5952616,-7.6275606,icons/cafe.png
Sour Jdid,Chrono Pizza,Restaurant,Formel,Chrono Pizza,33.5932677,-7.6316321,icons/restaurant.png
Gauthier,Restaurant sans nom,Restaurant,Formel,Rue Najib Mahfoud زنقة نجيب محفوظ,33.5906169,-7.6345122,icons/restaurant.png
Sour Jdid,Burger King,Restaurant,Formel,Burger King,33.5924154,-7.6334867,icons/restaurant.png
Méchouar,Pharmacie Lina,Parapharmacie,Formel,Pharmacie Lina,33.5791635,-7.6032787,icons/pharmacy.png
Gauthier,Spartel,Café,Formel,Rue Taha Houcine,33.5907804,-7.6315376,icons/cafe.png
El Hank,Restaurant sans nom,Restaurant,Formel,Restaurant sans nom,33.6075133,-7.6560981,icons/restaurant.png
El Hank,Restaurant sans nom,Restaurant,Formel,Restaurant sans nom,33.6075325,-7.6559439,icons/restaurant.png
Arrondissement de Sidi Belyout,Café sans nom,Café,Formel,Café sans nom,33.5843913,-7.6248116,icons/cafe.png
Sour Jdid,Restaurant sans nom,Restaurant,Formel,Restaurant sans nom,33.5938864,-7.6322079,icons/restaurant.png
Arrondissement d'Aïn Sebaâ,Mimosas Park,Café,Formel,Mimosas Park,33.6077795,-7.5362912,icons/cafe.png
Arrondissement d'Aïn Sebaâ,Clap,Restaurant,Formel,Clap,33.6076856,-7.536495,icons/restaurant.png
Arrondissement d'Aïn Sebaâ,Pharmacie Moncef,Parapharmacie,Formel,Pharmacie Moncef,33.6085175,-7.536803,icons/pharmacy.png
Arrondissement d'Aïn Sebaâ,Carrefour,Supermarché,Formel,Carrefour,33.607527,-7.5368732,icons/supermarket.png
Préfecture d'arrondissements de Ben M'sick,Boulangerie pâtisserie Makka,Boulangerie,Formel,"Avenue Réda Guédira, Casablanca",33.5530407,-7.5775777,icons/bakery.png
Mohammédia,Restaurant sans nom,Restaurant,Formel,Restaurant sans nom,33.6989596,-7.3967822,icons/restaurant.png
Mohammédia,BİM,Supermarché,Formel,BİM,33.6995239,-7.395863,icons/supermarket.png
Bouskoura,Restaurant sans nom,Restaurant,Formel,Restaurant sans nom,33.4645413,-7.6042838,icons/restaurant.png
Mohammédia,Restaurant sans nom,Restaurant,Formel,Restaurant sans nom,33.6989264,-7.3967796,icons/restaurant.png
Dar Bouazza,Shawarma and More,Restaurant,Formel,"Lot Ansari, Dar Bouazza ⴷⴰⵕ ⴱⵓⵄⵣⵣⴰ دار بوعزة",33.5228174,-7.8151051,icons/restaurant.png
Ancienne Medina,Restaurant sans nom,Restaurant,Formel,Rue El Oraibi Jilali,33.5955266,-7.6153015,icons/restaurant.png
Arrondissement de Sidi Belyout,Restaurant sans nom,Restaurant,Formel,Rue El Bakri,33.592224,-7.6044895,icons/restaurant.png
Sour Jdid,CARRE PRIMEUR,Supermarché,Formel,"Rue Bouarfa, Casablanca ⵜⴰⴷⴷⴰⵔⵜ ⵜⵓⵎⵍⵉⵍⵜ الدار البيضاء",33.5992312,-7.6373297,icons/supermarket.png
CIL,I Ristorante Italiano,Restaurant,Formel,"Rue d'Ifrane, Casablanca ⵜⴰⴷⴷⴰⵔⵜ ⵜⵓⵎⵍⵉⵍⵜ الدار البيضاء",33.5731602,-7.6566368,icons/restaurant.png
Sour Jdid,Para & Pharmacie Ziraoui صيدلية الزيراوي,Parapharmacie,Formel,Boulevard Ziraoui شارع الزيراوي,33.5955386,-7.6325736,icons/pharmacy.png
Sour Jdid,La frite,Restaurant,Formel,"Rue Réunion, Casablanca",33.5971314,-7.6357212,icons/restaurant.png
راسين,Big Nonna,Restaurant,Formel,Avenue Ahmed Charci شارع أحمد الشرسي,33.5887671,-7.6437315,icons/restaurant.png
N/A,Restaurant sans nom,Restaurant,Formel,Restaurant sans nom,33.4209602,-7.8541004,icons/restaurant.png
N/A,Restaurant sans nom,Restaurant,Formel,ⴰⵙⵓⴽ ⵍⴰⵍⵍⴰ ⵙⵓⴽⴰⵢⵏⴰ,33.419554,-7.8523594,icons/restaurant.png
N/A,Restaurant sans nom,Restaurant,Formel,ⴰⵙⵓⴽ ⵍⴰⵍⵍⴰ ⵙⵓⴽⴰⵢⵏⴰ,33.4114567,-7.8535223,icons/restaurant.png
N/A,Café sans nom,Café,Formel,ⴰⵙⵓⴽ ⵍⴰⵍⵍⴰ ⵙⵓⴽⴰⵢⵏⴰ,33.4200149,-7.8529493,icons/cafe.png
Al Fida,pharmacie anbar,Parapharmacie,Formel,bd Aba Chouaïb Doukali ang. rue 62 n°3 derb Sidi Maarouf V Casablanca,33.5617131,-7.5987122,icons/pharmacy.png
Arrondissement de Sidi Othmane,Pharmacie Nisrine,Parapharmacie,Formel,avenue du Dix Mars 1982 (Sidi Othman) bloc 50 n°80 Hay sidi othmane Casablanca,33.5664666,-7.572924,icons/pharmacy.png
Arrondissement d'Anfa,ماكدونالدز,Restaurant,Formel,ماكدونالدز,33.5749303,-7.7085266,icons/restaurant.png
Arrondissement d'Anfa,Pizza Hut,Restaurant,Formel,Pizza Hut,33.5758003,-7.7074585,icons/restaurant.png
Arrondissement d'Anfa,KFC,Restaurant,Formel,KFC,33.5764438,-7.7065764,icons/restaurant.png
Arrondissement d'Aïn Sebaâ,Carrefour Market,Supermarché,Formel,Carrefour Market,33.6021269,-7.5265618,icons/supermarket.png
Assoukhour Assawda,Restaurant sans nom,Restaurant,Formel,Boulevard Mohammed V شارع محمد الخامس,33.5936539,-7.6024627,icons/restaurant.png
Sidi Moumen,Cafe Riad El Bernoussi,Café,Formel,Cafe Riad El Bernoussi,33.5824253,-7.5001271,icons/cafe.png
Ain Diab,Restaurant sans nom,Restaurant,Formel,Boulevard de l'Ocean Atlantique,33.5915943,-7.6776565,icons/restaurant.png
Gauthier,Carrefour Market,Supermarché,Formel,Rue Taha Houcine زنقة طه حسين,33.5897236,-7.6297373,icons/supermarket.png
Palmiers,Street Pizzeria Napoletana,Restaurant,Formel,Street Pizzeria Napoletana,33.5834902,-7.6315558,icons/restaurant.png
Ancienne Medina,فضاء سلا,Café,Formel,فضاء سلا,33.599199,-7.6210912,icons/cafe.png
Ancienne Medina,باموس قهوة,Café,Formel,باموس قهوة,33.6007998,-7.6231615,icons/cafe.png
Gauthier,Café pizzeria,Café,Formel,Café pizzeria,33.5889784,-7.6286416,icons/cafe.png
Palmiers,Don Bocadillio,Restaurant,Formel,Don Bocadillio,33.5850157,-7.6314069,icons/restaurant.png
Palmiers,Restaurant sans nom,Restaurant,Formel,Restaurant sans nom,33.5834982,-7.6315375,icons/restaurant.png
Gauthier,Restaurant sans nom,Restaurant,Formel,Restaurant sans nom,33.5881411,-7.6312429,icons/restaurant.png
Gauthier,Le Petit Italien,Restaurant,Formel,Avenue Hassan Souktani شارع حسن السكتاني,33.5896524,-7.632145,icons/restaurant.png
Palmiers,Repère du Gout,Restaurant,Formel,Repère du Gout,33.5842585,-7.6312796,icons/restaurant.png
Gauthier,Restaurant sans nom,Restaurant,Formel,Restaurant sans nom,33.5895737,-7.6317271,icons/restaurant.png
Sour Jdid,Restaurant sans nom,Restaurant,Formel,Restaurant sans nom,33.6033195,-7.6261701,icons/restaurant.png
Arrondissement de Sidi Moumen,Said Shop 2,Épicerie,Informel,Said Shop 2,33.5895615,-7.5201879,icons/greengrocer.png
Sour Jdid,Pharmacy des generation,Parapharmacie,Formel,Pharmacy des generation,33.5960236,-7.6278348,icons/pharmacy.png
Mers Sultan,Pharmacy assim,Parapharmacie,Formel,Pharmacy assim,33.5749092,-7.6026912,icons/pharmacy.png
Ancienne Medina,شاورما الحاج متولي,Restaurant,Formel,شاورما الحاج متولي,33.594017,-7.6148772,icons/restaurant.png
Arrondissement d'Al Fida,الشاف أنوار,Restaurant,Formel,الشاف أنوار,33.5707703,-7.5977321,icons/restaurant.png
Arrondissement d'Al Fida,Cafe Gaxi,Café,Formel,Cafe Gaxi,33.5696297,-7.601985,icons/cafe.png
Ancienne Medina,عصائر اليسر,Café,Formel,عصائر اليسر,33.5887909,-7.6129222,icons/cafe.png
Ancienne Medina,Costa Brava,Café,Formel,Costa Brava,33.5947151,-7.6166649,icons/cafe.png
Ancienne Medina,La Fontaine,Café,Formel,La Fontaine,33.5934181,-7.6186581,icons/cafe.png
Arrondissement de Mers Sultan,مقهى ميراج,Café,Formel,مقهى ميراج,33.5741844,-7.592155,icons/cafe.png
Ancienne Medina,مطعم مصري,Restaurant,Formel,مطعم مصري,33.5952225,-7.6112289,icons/restaurant.png
Arrondissement de Mers Sultan,لبن و صيكوك,Café,Formel,لبن و صيكوك,33.5795492,-7.6007581,icons/cafe.png
Arrondissement d'Al Fida,FHARMACIE DERB TOLBA,Parapharmacie,Formel,FHARMACIE DERB TOLBA,33.5708542,-7.5975232,icons/pharmacy.png
Arrondissement d'Al Fida,Pharmacy mdiouna,Parapharmacie,Formel,Pharmacy mdiouna,33.5691338,-7.5958052,icons/pharmacy.png
Mers Sultan,Para Godza,Parapharmacie,Formel,Para Godza,33.5701332,-7.6016622,icons/pharmacy.png
Préfecture d'arrondissements de Ben M'sick,سوق حي إفريقيا,Épicerie,Informel,سوق حي إفريقيا,33.5573387,-7.5899849,icons/greengrocer.png
Ferme Bretonne,BİM,Supermarché,Formel,BİM,33.5630833,-7.6476427,icons/supermarket.png
Mers Sultan,Pharmacy Al Hoda,Parapharmacie,Formel,Pharmacy Al Hoda,33.5705185,-7.609777,icons/pharmacy.png
L'Hermitage,Farmacy Hay Raja,Parapharmacie,Formel,Farmacy Hay Raja,33.5664673,-7.616641,icons/pharmacy.png
Mers Sultan,Bim,Supermarché,Formel,Bim,33.5710869,-7.6094122,icons/supermarket.png
Mers Sultan,سوق الجملة,Épicerie,Informel,سوق الجملة,33.5730133,-7.6060882,icons/greengrocer.png
Mers Sultan,Pharmacy & Para Chawi,Parapharmacie,Formel,Pharmacy & Para Chawi,33.5718536,-7.598381,icons/pharmacy.png
Ancienne Medina,Bim,Supermarché,Formel,Bim,33.5894279,-7.6137309,icons/supermarket.png
Ancienne Medina,Pharmacy 15 Ramadan,Parapharmacie,Formel,Pharmacy 15 Ramadan,33.5870056,-7.6080818,icons/pharmacy.png
Ferme Bretonne,Baguetterie Casablanca,Boulangerie,Formel,"Rue abouzzarik, Ferme bretonne",33.5622773,-7.6456095,icons/bakery.png
Arrondissement d'Aïn Sebaâ,Café le 57 lounge,Café,Formel,Café le 57 lounge,33.5992882,-7.5748791,icons/cafe.png
Arrondissement d'Aïn Sebaâ,Carrefour,Supermarché,Formel,Carrefour,33.5987457,-7.5751282,icons/supermarket.png
Ancienne Medina,Café sans nom,Café,Formel,Café sans nom,33.5933156,-7.6160894,icons/cafe.png
Ancienne Medina,Café sans nom,Café,Formel,Café sans nom,33.5916314,-7.6148568,icons/cafe.png
Ancienne Medina,Café sans nom,Café,Formel,Café sans nom,33.5915702,-7.6147506,icons/cafe.png
Ancienne Medina,Café sans nom,Café,Formel,Café sans nom,33.5947188,-7.6127539,icons/cafe.png
Ancienne Medina,Restaurant sans nom,Restaurant,Formel,Restaurant sans nom,33.5947079,-7.612674,icons/restaurant.png
Ancienne Medina,Café sans nom,Café,Formel,Café sans nom,33.5946605,-7.6124451,icons/cafe.png
Ancienne Medina,Café sans nom,Café,Formel,Café sans nom,33.5946466,-7.6123717,icons/cafe.png
Ancienne Medina,Café sans nom,Café,Formel,Café sans nom,33.5945615,-7.6119032,icons/cafe.png
Ancienne Medina,Parapharmacie sans nom,Parapharmacie,Formel,Parapharmacie sans nom,33.594167,-7.6113267,icons/pharmacy.png
Ancienne Medina,Restaurant sans nom,Restaurant,Formel,Restaurant sans nom,33.594542,-7.6115928,icons/restaurant.png
Ancienne Medina,Restaurant sans nom,Restaurant,Formel,Restaurant sans nom,33.5945556,-7.6116442,icons/restaurant.png
Ancienne Medina,Restaurant sans nom,Restaurant,Formel,Restaurant sans nom,33.5949847,-7.6117512,icons/restaurant.png
Ancienne Medina,Restaurant sans nom,Restaurant,Formel,Restaurant sans nom,33.5949018,-7.6115289,icons/restaurant.png
Ancienne Medina,Restaurant sans nom,Restaurant,Formel,Restaurant sans nom,33.5948702,-7.611371,icons/restaurant.png
Ancienne Medina,Restaurant sans nom,Restaurant,Formel,Restaurant sans nom,33.595288,-7.6119494,icons/restaurant.png
Ancienne Medina,Restaurant sans nom,Restaurant,Formel,Restaurant sans nom,33.5952329,-7.611699,icons/restaurant.png
Ancienne Medina,Restaurant sans nom,Restaurant,Formel,Restaurant sans nom,33.5952723,-7.6126263,icons/restaurant.png
Ancienne Medina,Restaurant sans nom,Restaurant,Formel,Restaurant sans nom,33.5953058,-7.6129605,icons/restaurant.png
Ancienne Medina,Café sans nom,Café,Formel,Café sans nom,33.5958325,-7.6153688,icons/cafe.png
Ain Diab,Café sans nom,Café,Formel,Café sans nom,33.5865898,-7.6866247,icons/cafe.png
Ancienne Medina,Restaurant sans nom,Restaurant,Formel,Restaurant sans nom,33.591712,-7.6151442,icons/restaurant.png
Ancienne Medina,Restaurant sans nom,Restaurant,Formel,Restaurant sans nom,33.5915628,-7.6152182,icons/restaurant.png
Ancienne Medina,Restaurant sans nom,Restaurant,Formel,Restaurant sans nom,33.5915784,-7.6152596,icons/restaurant.png
Ancienne Medina,Boulangerie sans nom,Boulangerie,Formel,Boulangerie sans nom,33.5916739,-7.6150312,icons/bakery.png
Ancienne Medina,Café sans nom,Café,Formel,Café sans nom,33.5947389,-7.6129322,icons/cafe.png
Ancienne Medina,Restaurant sans nom,Restaurant,Formel,Restaurant sans nom,33.5945193,-7.6116572,icons/restaurant.png
Ancienne Medina,Restaurant sans nom,Restaurant,Formel,Restaurant sans nom,33.5947057,-7.6114777,icons/restaurant.png
Ancienne Medina,Restaurant sans nom,Restaurant,Formel,Restaurant sans nom,33.5946179,-7.6115033,icons/restaurant.png
Ancienne Medina,Restaurant sans nom,Restaurant,Formel,Restaurant sans nom,33.5949538,-7.6124246,icons/restaurant.png
Ancienne Medina,Restaurant sans nom,Restaurant,Formel,Restaurant sans nom,33.5950134,-7.612281,icons/restaurant.png
Ancienne Medina,Restaurant sans nom,Restaurant,Formel,Restaurant sans nom,33.5950036,-7.6120965,icons/restaurant.png
Ancienne Medina,Restaurant sans nom,Restaurant,Formel,Restaurant sans nom,33.5950006,-7.6118522,icons/restaurant.png
Ancienne Medina,Restaurant sans nom,Restaurant,Formel,Restaurant sans nom,33.5949495,-7.6118105,icons/restaurant.png
Ancienne Medina,Restaurant sans nom,Restaurant,Formel,Restaurant sans nom,33.5949704,-7.6116973,icons/restaurant.png
Ancienne Medina,Restaurant sans nom,Restaurant,Formel,Restaurant sans nom,33.594924,-7.6113953,icons/restaurant.png
Ancienne Medina,Restaurant sans nom,Restaurant,Formel,Restaurant sans nom,33.5949176,-7.6113533,icons/restaurant.png
Ancienne Medina,Restaurant sans nom,Restaurant,Formel,Restaurant sans nom,33.5947917,-7.6113908,icons/restaurant.png
Ancienne Medina,Café sans nom,Café,Formel,Café sans nom,33.595255,-7.6118271,icons/cafe.png
Ancienne Medina,Restaurant sans nom,Restaurant,Formel,Restaurant sans nom,33.5953819,-7.6129374,icons/restaurant.png
Ancienne Medina,Café sans nom,Café,Formel,Café sans nom,33.5955705,-7.6140398,icons/cafe.png
Ancienne Medina,Restaurant sans nom,Restaurant,Formel,Restaurant sans nom,33.5956805,-7.615028,icons/restaurant.png
Anfa Supérieur,Restaurant sans nom,Restaurant,Formel,Restaurant sans nom,33.5944609,-7.6787736,icons/restaurant.png
El Hank,Café sans nom,Café,Formel,Café sans nom,33.6058976,-7.6576224,icons/cafe.png
Sour Jdid,Café sans nom,Café,Formel,Café sans nom,33.6033613,-7.6393176,icons/cafe.png
Ancienne Medina,Restaurant sans nom,Restaurant,Formel,Restaurant sans nom,33.5936551,-7.6161729,icons/restaurant.png
Ancienne Medina,Café sans nom,Café,Formel,Café sans nom,33.5932994,-7.6161833,icons/cafe.png
Ancienne Medina,Parapharmacie sans nom,Parapharmacie,Formel,Parapharmacie sans nom,33.5947843,-7.6130662,icons/pharmacy.png
Ancienne Medina,Restaurant sans nom,Restaurant,Formel,Restaurant sans nom,33.5945479,-7.6115112,icons/restaurant.png
Ancienne Medina,Restaurant sans nom,Restaurant,Formel,Restaurant sans nom,33.5948983,-7.6120796,icons/restaurant.png
Ancienne Medina,Restaurant sans nom,Restaurant,Formel,Restaurant sans nom,33.5949241,-7.6122894,icons/restaurant.png
N/A,Restaurant sans nom,Restaurant,Formel,Restaurant sans nom,33.5949383,-7.6117611,icons/restaurant.png
Ancienne Medina,Restaurant sans nom,Restaurant,Formel,Restaurant sans nom,33.5949464,-7.6115137,icons/restaurant.png
N/A,Pizza Hut,Restaurant,Formel,Pizza Hut,33.5950215,-7.6682519,icons/restaurant.png
El Hank,Manaos,Restaurant,Formel,Boulevard de la Corniche شارع الكورنيش,33.6049237,-7.6579938,icons/restaurant.png
Ancienne Medina,Café sans nom,Café,Formel,Café sans nom,33.5946994,-7.6126068,icons/cafe.png
Ancienne Medina,Restaurant sans nom,Restaurant,Formel,Restaurant sans nom,33.5946315,-7.612301,icons/restaurant.png
Ancienne Medina,Restaurant sans nom,Restaurant,Formel,Restaurant sans nom,33.5950244,-7.612385,icons/restaurant.png
Ancienne Medina,Restaurant sans nom,Restaurant,Formel,Restaurant sans nom,33.5950041,-7.612173,icons/restaurant.png
Ancienne Medina,Restaurant sans nom,Restaurant,Formel,Restaurant sans nom,33.594832,-7.6113829,icons/restaurant.png
Sour Jdid,Parapharmacie sans nom,Parapharmacie,Formel,Parapharmacie sans nom,33.6039137,-7.6335898,icons/pharmacy.png
N/A,Café sans nom,Café,Formel,Café sans nom,33.5946764,-7.612534,icons/cafe.png
Ancienne Medina,Restaurant sans nom,Restaurant,Formel,Restaurant sans nom,33.5949321,-7.6114582,icons/restaurant.png
Ain Diab,Café sans nom,Café,Formel,Café sans nom,33.5864115,-7.686929,icons/cafe.png
Ancienne Medina,Café de France,Café,Formel,Café de France,33.5956616,-7.6174917,icons/cafe.png
Ancienne Medina,Restaurant sans nom,Restaurant,Formel,Restaurant sans nom,33.5946058,-7.6175109,icons/restaurant.png
Ancienne Medina,Restaurant sans nom,Restaurant,Formel,Restaurant sans nom,33.593626,-7.6161766,icons/restaurant.png
Ancienne Medina,Restaurant sans nom,Restaurant,Formel,Restaurant sans nom,33.594554,-7.6117055,icons/restaurant.png
Ancienne Medina,Restaurant sans nom,Restaurant,Formel,Restaurant sans nom,33.5949903,-7.6118004,icons/restaurant.png
Ancienne Medina,Restaurant sans nom,Restaurant,Formel,Restaurant sans nom,33.5947606,-7.6114046,icons/restaurant.png
Ain Diab,Supérette / Mini-market sans nom,Supérette / Mini-market,Formel,Supérette / Mini-market sans nom,33.5911782,-7.6782294,icons/convenience.png
Ain Diab,Le Calypso,Restaurant,Formel,Le Calypso,33.5935398,-7.6782666,icons/restaurant.png
Anfa Supérieur,El Tucan,Restaurant,Formel,Boulevard de la Corniche شارع الكورنيش,33.5948941,-7.6780807,icons/restaurant.png
Ancienne Medina,Snack Beverly,Restaurant,Formel,Snack Beverly,33.5942725,-7.616284,icons/restaurant.png
Ancienne Medina,Restaurant sans nom,Restaurant,Formel,Restaurant sans nom,33.5950205,-7.6122345,icons/restaurant.png
Anfa Supérieur,Parapharmacie sans nom,Parapharmacie,Formel,Parapharmacie sans nom,33.5951866,-7.6688003,icons/pharmacy.png
Ancienne Medina,Restaurant Marocain Al Mamoun مطعم مغربي المامون,Restaurant,Formel,Restaurant Marocain Al Mamoun مطعم مغربي المامون,33.5943629,-7.6169789,icons/restaurant.png
Ancienne Medina,Restaurant sans nom,Restaurant,Formel,Restaurant sans nom,33.5940425,-7.6154956,icons/restaurant.png
Ancienne Medina,Restaurant sans nom,Restaurant,Formel,Restaurant sans nom,33.591526,-7.6164212,icons/restaurant.png
Ancienne Medina,Restaurant sans nom,Restaurant,Formel,Restaurant sans nom,33.591555,-7.6164083,icons/restaurant.png
Ancienne Medina,Restaurant sans nom,Restaurant,Formel,Restaurant sans nom,33.5916618,-7.6163785,icons/restaurant.png
Arrondissement de Sidi Belyout,Café sans nom,Café,Formel,Café sans nom,33.5876769,-7.6200226,icons/cafe.png
Arrondissement de Sidi Belyout,Café sans nom,Café,Formel,Café sans nom,33.5878115,-7.6200832,icons/cafe.png
Arrondissement de Sidi Belyout,Café sans nom,Café,Formel,Café sans nom,33.5877126,-7.6193928,icons/cafe.png
Arrondissement de Sidi Belyout,Supermarché sans nom,Supermarché,Formel,Supermarché sans nom,33.5872366,-7.6166659,icons/supermarket.png
Arrondissement de Sidi Belyout,Café sans nom,Café,Formel,Café sans nom,33.584449,-7.6106882,icons/cafe.png
Arrondissement de Mers Sultan,Café sans nom,Café,Formel,Café sans nom,33.5765658,-7.6042489,icons/cafe.png
Arrondissement de Sidi Belyout,Champs Élysées,Café,Formel,Champs Élysées,33.5877361,-7.6180891,icons/cafe.png
Ancienne Medina,La Concorde,Restaurant,Formel,La Concorde,33.5881245,-7.6177522,icons/restaurant.png
Ancienne Medina,Café sans nom,Café,Formel,Café sans nom,33.5925136,-7.615743,icons/cafe.png
Ancienne Medina,Café sans nom,Café,Formel,Café sans nom,33.5926223,-7.6157628,icons/cafe.png
Arrondissement de Sidi Belyout,BİM,Supermarché,Formel,BİM,33.5847171,-7.6114149,icons/supermarket.png
Arrondissement de Sidi Belyout,Restaurant sans nom,Restaurant,Formel,Restaurant sans nom,33.584232,-7.6106949,icons/restaurant.png
Arrondissement de Sidi Belyout,Café sans nom,Café,Formel,Café sans nom,33.5842685,-7.6107763,icons/cafe.png
Arrondissement de Mers Sultan,Parapharmacie sans nom,Parapharmacie,Formel,Parapharmacie sans nom,33.5764674,-7.6040215,icons/pharmacy.png
Arrondissement de Sidi Belyout,Parapharmacie sans nom,Parapharmacie,Formel,Parapharmacie sans nom,33.5859544,-7.6165399,icons/pharmacy.png
Ancienne Medina,Supérette / Mini-market sans nom,Supérette / Mini-market,Formel,Supérette / Mini-market sans nom,33.588406,-7.618008,icons/convenience.png
Ancienne Medina,Café sans nom,Café,Formel,Café sans nom,33.5915778,-7.6161709,icons/cafe.png
Habous ⵍⵃⵓⴱⵓⵙ الحبوس,Parapharmacie sans nom,Parapharmacie,Formel,Parapharmacie sans nom,33.579046,-7.6059801,icons/pharmacy.png
Mers Sultan,Café sans nom,Café,Formel,Café sans nom,33.5724602,-7.6002151,icons/cafe.png
Arrondissement de Sidi Belyout,Supermarché sans nom,Supermarché,Formel,Supermarché sans nom,33.5845268,-7.6158941,icons/supermarket.png
Ancienne Medina,Café sans nom,Café,Formel,Café sans nom,33.5888924,-7.6185798,icons/cafe.png
Ancienne Medina,Restaurant sans nom,Restaurant,Formel,Restaurant sans nom,33.5884104,-7.6127441,icons/restaurant.png
Ancienne Medina,Café sans nom,Café,Formel,Café sans nom,33.5907294,-7.614857,icons/cafe.png
Ancienne Medina,Supermarché sans nom,Supermarché,Formel,Supermarché sans nom,33.5898327,-7.614064,icons/supermarket.png
Ancienne Medina,Café sans nom,Café,Formel,Café sans nom,33.5893666,-7.6134495,icons/cafe.png
Ancienne Medina,Boulangerie sans nom,Boulangerie,Formel,Boulangerie sans nom,33.5895567,-7.6138204,icons/bakery.png
Ancienne Medina,Café sans nom,Café,Formel,Café sans nom,33.5903113,-7.614465,icons/cafe.png
Ancienne Medina,Parapharmacie sans nom,Parapharmacie,Formel,Parapharmacie sans nom,33.5900961,-7.6142756,icons/pharmacy.png
Ancienne Medina,Café sans nom,Café,Formel,Café sans nom,33.5903975,-7.6144145,icons/cafe.png
Arrondissement de Sidi Belyout,Café sans nom,Café,Formel,Café sans nom,33.5853537,-7.6101606,icons/cafe.png
Ancienne Medina,Supérette / Mini-market sans nom,Supérette / Mini-market,Formel,Supérette / Mini-market sans nom,33.5926666,-7.6157868,icons/convenience.png
Ancienne Medina,Café sans nom,Café,Formel,Café sans nom,33.5915693,-7.6153454,icons/cafe.png
Ancienne Medina,Restaurant sans nom,Restaurant,Formel,Restaurant sans nom,33.5924905,-7.6158505,icons/restaurant.png
Ancienne Medina,Supérette / Mini-market sans nom,Supérette / Mini-market,Formel,Supérette / Mini-market sans nom,33.592133,-7.6157691,icons/convenience.png
Ancienne Medina,Café sans nom,Café,Formel,Café sans nom,33.5930075,-7.615992,icons/cafe.png
Ancienne Medina,Restaurant sans nom,Restaurant,Formel,Restaurant sans nom,33.5908221,-7.6148131,icons/restaurant.png
Derb Ghallef درب غلف,Electrogharib,Épicerie,Informel,Electrogharib,33.5724869,-7.628273,icons/greengrocer.png
Arrondissement de Sidi Moumen,إلكترو السلام,Épicerie,Informel,إلكترو السلام,33.5842705,-7.4788628,icons/greengrocer.png
Arrondissement de Sidi Moumen,JPM المشعشع,Épicerie,Informel,JPM المشعشع,33.5929298,-7.5175838,icons/greengrocer.png
Sidi Bernoussi,Bernoussi Phone,Épicerie,Informel,Bernoussi Phone,33.6090508,-7.512949,icons/greengrocer.png
Arrondissement d'Al Fida,KS smartphone,Épicerie,Informel,KS smartphone,33.5713577,-7.58775,icons/greengrocer.png
Arrondissement de Sidi Moumen,Said Shop 1,Épicerie,Informel,Said Shop 1,33.5929832,-7.5176172,icons/greengrocer.png
Gauthier,Pizza Hut Express,Restaurant,Formel,Pizza Hut Express,33.5891754,-7.6289622,icons/restaurant.png
Gauthier,Coin jean jaures,Restaurant,Formel,Coin jean jaures,33.5897458,-7.6275991,icons/restaurant.png
Gauthier,Casa jose,Restaurant,Formel,Casa jose,33.5896958,-7.6274645,icons/restaurant.png
N/A,Café sans nom,Café,Formel,Café sans nom,33.4560689,-7.5150199,icons/cafe.png
Préfecture d'arrondissement de Hay Hassani,Supérette / Mini-market sans nom,Supérette / Mini-market,Formel,Supérette / Mini-market sans nom,33.5399875,-7.6791549,icons/convenience.png
Lissasfa,Boulangerie sans nom,Boulangerie,Formel,Boulangerie sans nom,33.5435524,-7.6792217,icons/bakery.png
Préfecture d'arrondissement de Hay Hassani,Boulangerie sans nom,Boulangerie,Formel,Boulangerie sans nom,33.5406657,-7.6828164,icons/bakery.png
Préfecture d'arrondissement de Hay Hassani,Supérette / Mini-market sans nom,Supérette / Mini-market,Formel,Supérette / Mini-market sans nom,33.5391694,-7.6797925,icons/convenience.png
Préfecture d'arrondissement de Hay Hassani,Parapharmacie sans nom,Parapharmacie,Formel,Parapharmacie sans nom,33.5392196,-7.6788441,icons/pharmacy.png
Préfecture d'arrondissement de Hay Hassani,Café sans nom,Café,Formel,Café sans nom,33.5386387,-7.6804125,icons/cafe.png
Préfecture d'arrondissement de Hay Hassani,Carrefour Market,Supermarché,Formel,Carrefour Market,33.5379265,-7.680443,icons/supermarket.png
Arrondissement d'Aïn-Chock,Café le Rossignol,Café,Formel,Café le Rossignol,33.536662,-7.5873179,icons/cafe.png
Gauthier,Oh My Bun,Restaurant,Formel,Oh My Bun,33.5886854,-7.6317411,icons/restaurant.png
Gauthier,Dahab Café,Café,Formel,Dahab Café,33.5887839,-7.6323473,icons/cafe.png
Gauthier,Niya,Restaurant,Formel,Niya,33.5886969,-7.632462,icons/restaurant.png
Ancienne Medina,Green Black,Café,Formel,Green Black,33.607696,-7.6208604,icons/cafe.png
Ancienne Medina,Boulangerie sans nom,Boulangerie,Formel,Boulangerie sans nom,33.6023317,-7.62182,icons/bakery.png
Ancienne Medina,La Mass,Restaurant,Formel,La Mass,33.6023944,-7.6216848,icons/restaurant.png
Sour Jdid,Bambou Panda,Restaurant,Formel,Bambou Panda,33.6058793,-7.628809,icons/restaurant.png
Sour Jdid,Cappadocia,Café,Formel,Cappadocia,33.6062625,-7.62939,icons/cafe.png
Sour Jdid,Le Melliber,Restaurant,Formel,Boulevard Moulay Youssef شارع مولاي يوسف,33.6042229,-7.6328261,icons/restaurant.png
L'Hermitage,Restaurant sans nom,Restaurant,Formel,"Boulevard Abdelmoumen, Casablanca ⵜⴰⴷⴷⴰⵔⵜ ⵜⵓⵎⵍⵉⵍⵜ الدار البيضاء",33.5655408,-7.6263134,icons/restaurant.png
Derb Ghallef درب غلف,Pharmacie wato صيدلية واطو,Parapharmacie,Formel,Pharmacie wato صيدلية واطو,33.5745662,-7.6303973,icons/pharmacy.png
Derb Ghallef درب غلف,Café Black Sky,Café,Formel,Café Black Sky,33.5737817,-7.6314742,icons/cafe.png
Derb Ghallef درب غلف,BIM batinia,Supermarché,Formel,BIM batinia,33.5746394,-7.6299306,icons/supermarket.png
Palmiers,Paul Cafe,Café,Formel,Paul Cafe,33.582557,-7.627125,icons/cafe.png
Assoukhour Assawda,Marjane,Supermarché,Formel,"Boulevard Ibn Tachfine, Casablanca ⵜⴰⴷⴷⴰⵔⵜ ⵜⵓⵎⵍⵉⵍⵜ الدار البيضاء",33.5859021,-7.5930568,icons/supermarket.png
راسين,Papa John's,Restaurant,Formel,Rue Oumayma Essayeh زنقة أميمة السايح,33.587979,-7.6386446,icons/restaurant.png
راسين,Le Racine,Café,Formel,Rue Oumayma Essayeh زنقة أميمة السايح,33.5884367,-7.6388687,icons/cafe.png
راسين,dipndip,Café,Formel,Urban Square,33.5885831,-7.6406609,icons/cafe.png
راسين,Espressolab,Café,Formel,Urban Square,33.5886726,-7.6403217,icons/cafe.png
راسين,Pepe Luis,Restaurant,Formel,Urban Square,33.5887547,-7.6400219,icons/restaurant.png
راسين,Oh My Bun,Restaurant,Formel,Rue Normandie زنقة نورماندي,33.5883714,-7.6398773,icons/restaurant.png
راسين,Room 21,Café,Formel,Rue Normandie زنقة نورماندي,33.588443,-7.6398995,icons/cafe.png
راسين,Ahmet Chef,Restaurant,Formel,Boulevard d'Anfa شارع أنفا,33.5891458,-7.6402696,icons/restaurant.png
راسين,Celia Store,Supermarché,Formel,Rue Abou Yaala Al Ifrani زنقة أبو يلعى الإفراني,33.5886492,-7.6384436,icons/supermarket.png
راسين,Pharmacie Kheops,Parapharmacie,Formel,Rue Abou Yaala Al Ifrani زنقة أبو يلعى الإفراني,33.5886829,-7.6383703,icons/pharmacy.png
راسين,La Grande Brasserie,Restaurant,Formel,Rue Normandie زنقة نورماندي,33.5871666,-7.6395445,icons/restaurant.png
Préfecture d'arrondissement de Hay Hassani,Burger King,Restaurant,Formel,Burger King,33.5637085,-7.6628617,icons/restaurant.png
Préfecture d'arrondissement de Hay Hassani,ماكدونالدز,Restaurant,Formel,ماكدونالدز,33.5636967,-7.6630027,icons/restaurant.png
Préfecture d'arrondissement de Hay Hassani,دجاج كنتاكي,Restaurant,Formel,دجاج كنتاكي,33.5637907,-7.662615,icons/restaurant.png
Préfecture d'arrondissement de Hay Hassani,Dunkin',Restaurant,Formel,Dunkin',33.563312,-7.6635737,icons/restaurant.png
Préfecture d'arrondissement de Hay Hassani,Marjane,Supermarché,Formel,Marjane,33.5632914,-7.6637711,icons/supermarket.png
Préfecture d'arrondissement de Hay Hassani,Parapharmacie sans nom,Parapharmacie,Formel,Parapharmacie sans nom,33.5632692,-7.663828,icons/pharmacy.png
Casa Anfa,Parapharmacie sans nom,Parapharmacie,Formel,Parapharmacie sans nom,33.5629704,-7.6636519,icons/pharmacy.png
CIL,Parapharmacie sans nom,Parapharmacie,Formel,Parapharmacie sans nom,33.5675059,-7.6572414,icons/pharmacy.png
راسين,Chocochino,Café,Formel,Urban Square,33.588491,-7.6404604,icons/cafe.png
راسين,Japonico,Restaurant,Formel,Rue Al Mansour Saadi زنقة المنصور السعدي,33.5878325,-7.638078,icons/restaurant.png
راسين,BEX Coffee,Café,Formel,Rue Michel Ange زنقة ميشبل أنج,33.5906728,-7.637444,icons/cafe.png
راسين,Dunkin',Restaurant,Formel,Rue Michel Ange زنقة ميشبل أنج,33.5907244,-7.6373297,icons/restaurant.png
راسين,Gong Cha,Café,Formel,Boulevard d'Anfa شارع أنفا,33.5907787,-7.637218,icons/cafe.png
راسين,% Arabica,Café,Formel,Boulevard d'Anfa شارع أنفا,33.5908157,-7.6371164,icons/cafe.png
راسين,Milk + Honey,Restaurant,Formel,Rue Normandie زنقة نورماندي,33.588257,-7.6393618,icons/restaurant.png
راسين,Pastrama,Restaurant,Formel,Rue Oumayma Essayeh زنقة أميمة السايح,33.5872625,-7.6384661,icons/restaurant.png
راسين,La Grillardière,Restaurant,Formel,Rue Al Mansour Saadi زنقة المنصور السعدي,33.5883982,-7.6374661,icons/restaurant.png
Les Princesses,Pharmacie du Complexe Sportif,Parapharmacie,Formel,Rue Mamoun Mohamed زنقة مامون محمد,33.5795302,-7.6496175,icons/pharmacy.png
Beauséjour,Supérette / Mini-market sans nom,Supérette / Mini-market,Formel,Supérette / Mini-market sans nom,33.5673187,-7.6542282,icons/convenience.png
Maârif,Dream Donuts & Coffee,Restaurant,Formel,"Rue El Kadi Iass زنقة القاضي إياس, Casablanca ⵜⴰⴷⴷⴰⵔⵜ ⵜⵓⵎⵍⵉⵍⵜ الدار البيضاء",33.5858634,-7.6359647,icons/restaurant.png
راسين,Shiru Sushis,Restaurant,Formel,Rue Normandie زنقة نورماندي,33.5877628,-7.6396905,icons/restaurant.png
Arrondissement d'Aïn-Chock,حلويات الدار عند بشرى,Boulangerie,Formel,حلويات الدار عند بشرى,33.5358549,-7.6023708,icons/bakery.png
Préfecture d'arrondissement de Hay Hassani,HL Burger - Holy Choco - Crust & Grill,Restaurant,Formel,"Nationale Route Lissasfa, Casablanca,",33.5192231,-7.693517,icons/restaurant.png
Maârif Extension,Marjane,Supermarché,Formel,Rue Al Fourate زنقة الفرات,33.58076,-7.6415292,icons/supermarket.png
Maârif Extension,Supérette / Mini-market sans nom,Supérette / Mini-market,Formel,"Rue Abou Ishak Chirazi, Casablanca ⵜⴰⴷⴷⴰⵔⵜ ⵜⵓⵎⵍⵉⵍⵜ الدار البيضاء",33.5811865,-7.6422423,icons/convenience.png
Maârif Extension,Supérette / Mini-market sans nom,Supérette / Mini-market,Formel,"Rue Abou Ishak Chirazi, Casablanca ⵜⴰⴷⴷⴰⵔⵜ ⵜⵓⵎⵍⵉⵍⵜ الدار البيضاء",33.5811341,-7.6423016,icons/convenience.png
Maârif Extension,Mondial Market,Supérette / Mini-market,Formel,"Rue Abou Ishak Chirazi, Casablanca ⵜⴰⴷⴷⴰⵔⵜ ⵜⵓⵎⵍⵉⵍⵜ الدار البيضاء",33.5808266,-7.6427583,icons/convenience.png
Maârif Extension,Café Gaya,Café,Formel,Café Gaya,33.5817058,-7.6436931,icons/cafe.png
Maârif Extension,Restaurant sans nom,Restaurant,Formel,"Rue Al Mansour Al Abidi زنقة المنصور العابدي, Casablanca ⵜⴰⴷⴷⴰⵔⵜ ⵜⵓⵎⵍⵉⵍⵜ الدار البيضاء",33.5801093,-7.6416269,icons/restaurant.png
Maârif Extension,Boulangerie d'Antan,Boulangerie,Formel,"Rue Al Fourate زنقة الفرات, Casablanca ⵜⴰⴷⴷⴰⵔⵜ ⵜⵓⵎⵍⵉⵍⵜ الدار البيضاء",33.5809475,-7.6413897,icons/bakery.png
Maârif Extension,Picalla,Restaurant,Formel,"Rue Al Mansour Al Abidi زنقة المنصور العابدي, Casablanca ⵜⴰⴷⴷⴰⵔⵜ ⵜⵓⵎⵍⵉⵍⵜ الدار البيضاء",33.5806937,-7.6409454,icons/restaurant.png
Maârif Extension,Restaurant sans nom,Restaurant,Formel,"Rue Al Mansour Al Abidi زنقة المنصور العابدي, Casablanca ⵜⴰⴷⴷⴰⵔⵜ ⵜⵓⵎⵍⵉⵍⵜ الدار البيضاء",33.5807167,-7.6409225,icons/restaurant.png
Maârif Extension,Supérette / Mini-market sans nom,Supérette / Mini-market,Formel,"Rue Al Mansour Al Abidi زنقة المنصور العابدي, Casablanca ⵜⴰⴷⴷⴰⵔⵜ ⵜⵓⵎⵍⵉⵍⵜ الدار البيضاء",33.5807328,-7.6408999,icons/convenience.png
Maârif Extension,Supérette / Mini-market sans nom,Supérette / Mini-market,Formel,"Rue Al Mansour Al Abidi زنقة المنصور العابدي, Casablanca ⵜⴰⴷⴷⴰⵔⵜ ⵜⵓⵎⵍⵉⵍⵜ الدار البيضاء",33.5810079,-7.6405848,icons/convenience.png
Maârif Extension,Café Bourneix,Café,Formel,Café Bourneix,33.5798613,-7.6422831,icons/cafe.png
Maârif Extension,Pharmacie des Champions - صيدلية الأبطال,Parapharmacie,Formel,"Rue Brahim Nakhai زنقة إبراهيم النخعي, Casablanca ⵜⴰⴷⴷⴰⵔⵜ ⵜⵓⵎⵍⵉⵍⵜ الدار البيضاء",33.5816075,-7.6436672,icons/pharmacy.png
Maârif Extension,Café Wino,Café,Formel,"Rue Abou Ishak Chirazi, Casablanca ⵜⴰⴷⴷⴰⵔⵜ ⵜⵓⵎⵍⵉⵍⵜ الدار البيضاء",33.582204,-7.6408722,icons/cafe.png
Maârif Extension,Supérette / Mini-market sans nom,Supérette / Mini-market,Formel,"Rue Abou Ishak Chirazi, Casablanca ⵜⴰⴷⴷⴰⵔⵜ ⵜⵓⵎⵍⵉⵍⵜ الدار البيضاء",33.5813662,-7.6417189,icons/convenience.png
Maârif Extension,Supérette / Mini-market sans nom,Supérette / Mini-market,Formel,"Rue Ibn Jilali Tajeddine زنقة إبن الجيلالي تاج الدين, Casablanca ⵜⴰⴷⴷⴰⵔⵜ ⵜⵓⵎⵍⵉⵍⵜ الدار البيضاء",33.5815221,-7.6402524,icons/convenience.png
Maârif,Café sans nom,Café,Formel,"Boulevard Bir Anzarane شارع بئر أنزران, Casablanca ⵜⴰⴷⴷⴰⵔⵜ ⵜⵓⵎⵍⵉⵍⵜ الدار البيضاء",33.5816762,-7.6395077,icons/cafe.png
Maârif,Supérette / Mini-market sans nom,Supérette / Mini-market,Formel,"Boulevard Bir Anzarane شارع بئر أنزران, Casablanca ⵜⴰⴷⴷⴰⵔⵜ ⵜⵓⵎⵍⵉⵍⵜ الدار البيضاء",33.5817087,-7.6395588,icons/convenience.png
Maârif,Supérette / Mini-market sans nom,Supérette / Mini-market,Formel,"Boulevard Bir Anzarane شارع بئر أنزران, Casablanca ⵜⴰⴷⴷⴰⵔⵜ ⵜⵓⵎⵍⵉⵍⵜ الدار البيضاء",33.5817311,-7.6395935,icons/convenience.png
Maârif Extension,RESTAURANT MONO-CLUB,Restaurant,Formel,"Rue Al Mansour Al Abidi زنقة المنصور العابدي, Casablanca ⵜⴰⴷⴷⴰⵔⵜ ⵜⵓⵎⵍⵉⵍⵜ الدار البيضاء",33.5815049,-7.6398128,icons/restaurant.png
Maârif Extension,Supérette / Mini-market sans nom,Supérette / Mini-market,Formel,"Rue Al Mansour Al Abidi زنقة المنصور العابدي, Casablanca ⵜⴰⴷⴷⴰⵔⵜ ⵜⵓⵎⵍⵉⵍⵜ الدار البيضاء",33.5814469,-7.6398593,icons/convenience.png
Maârif Extension,Supérette / Mini-market sans nom,Supérette / Mini-market,Formel,"Rue Brahim Nakhai زنقة إبراهيم النخعي, Casablanca ⵜⴰⴷⴷⴰⵔⵜ ⵜⵓⵎⵍⵉⵍⵜ الدار البيضاء",33.5793815,-7.6414329,icons/convenience.png
Maârif Extension,Coin Vert,Supermarché,Formel,"Rue Abou Amrane El Fassi زنقة أبو عمران الفاسي, Casablanca ⵜⴰⴷⴷⴰⵔⵜ ⵜⵓⵎⵍⵉⵍⵜ الدار البيضاء",33.5796449,-7.6405726,icons/supermarket.png
Maârif Extension,Supérette / Mini-market sans nom,Supérette / Mini-market,Formel,"Rue Abou Amrane El Fassi زنقة أبو عمران الفاسي, Casablanca ⵜⴰⴷⴷⴰⵔⵜ ⵜⵓⵎⵍⵉⵍⵜ الدار البيضاء",33.5796852,-7.640525,icons/convenience.png
Maârif Extension,ZIZINE GRILLADERIE,Restaurant,Formel,"Rue Al Mansour Al Abidi زنقة المنصور العابدي, Casablanca ⵜⴰⴷⴷⴰⵔⵜ ⵜⵓⵎⵍⵉⵍⵜ الدار البيضاء",33.5802931,-7.6411676,icons/restaurant.png
Préfecture d'arrondissement de Hay Hassani,Pharmacie El Masjd El Habib,Parapharmacie,Formel,Pharmacie El Masjd El Habib,33.5361868,-7.693273,icons/pharmacy.png
Préfecture d'arrondissement de Hay Hassani,Pharmacie woroud saada,Parapharmacie,Formel,Pharmacie woroud saada,33.5341553,-7.6903995,icons/pharmacy.png
CIL,CIL market,Épicerie,Informel,CIL market,33.572348,-7.6572411,icons/greengrocer.png
Maârif,ستاربكس,Café,Formel,ستاربكس,33.5866985,-7.6386978,icons/cafe.png
راسين,Il Ferrarino,Restaurant,Formel,Il Ferrarino,33.5877316,-7.6423075,icons/restaurant.png
Préfecture d'arrondissement de Hay Hassani,Parapharmacie sans nom,Parapharmacie,Formel,Parapharmacie sans nom,33.5685766,-7.6674865,icons/pharmacy.png
Préfecture d'arrondissement de Hay Hassani,Café sans nom,Café,Formel,Café sans nom,33.5684979,-7.6674702,icons/cafe.png
راسين,Dupond,Café,Formel,Urban Square,33.5884548,-7.6405969,icons/cafe.png
Dar Bouazza,Carrefour,Supermarché,Formel,Dar Bouazza ⴷⴰⵕ ⴱⵓⵄⵣⵣⴰ دار بوعزة,33.5139735,-7.8183603,icons/supermarket.png
Dar Bouazza,Pizza Hut,Restaurant,Formel,Dar Bouazza ⴷⴰⵕ ⴱⵓⵄⵣⵣⴰ دار بوعزة,33.5137405,-7.8191865,icons/restaurant.png
Ancienne Medina,Restaurant Les Fleurs مطعم الزهور,Restaurant,Formel,Casablanca ⵜⴰⴷⴷⴰⵔⵜ ⵜⵓⵎⵍⵉⵍⵜ الدار البيضاء,33.5965112,-7.6144385,icons/restaurant.png
Maârif Extension,La Calidad,Boulangerie,Formel,Rue Ali Abderrazzak زنقة علي عبد الرزاق,33.5853739,-7.6457727,icons/bakery.png
Maârif,QUICK GRILL,Restaurant,Formel,"Rue El Hafid Salafi, Casablanca ⵜⴰⴷⴷⴰⵔⵜ ⵜⵓⵎⵍⵉⵍⵜ الدار البيضاء",33.5811263,-7.6387412,icons/restaurant.png
Maârif Extension,Supérette / Mini-market sans nom,Supérette / Mini-market,Formel,Supérette / Mini-market sans nom,33.5799469,-7.6398544,icons/convenience.png
Maârif Extension,BİM,Supérette / Mini-market,Formel,"Rue Al Ghadfa, Casablanca ⵜⴰⴷⴷⴰⵔⵜ ⵜⵓⵎⵍⵉⵍⵜ الدار البيضاء",33.5801724,-7.6382087,icons/convenience.png
Arrondissement d'Al Fida,Bouchain doukali,Parapharmacie,Formel,Bouchain doukali,33.5631005,-7.5936696,icons/pharmacy.png
Ancienne Medina,Antic Palais,Café,Formel,Rue Idriss Lahrizi,33.5930557,-7.6169666,icons/cafe.png
Arrondissement d'Aïn-Chock,Carrefour Market,Supermarché,Formel,Carrefour Market,33.531131,-7.6226294,icons/supermarket.png
راسين,Caribou Coffee,Café,Formel,Boulevard d'Anfa شارع أنفا,33.590489,-7.6379172,icons/cafe.png
Maârif Extension,Le Mynt,Restaurant,Formel,Rue Ali Abderrazzak زنقة علي عبد الرزاق,33.5852973,-7.6458199,icons/restaurant.png
راسين,Sugar Hill,Café,Formel,Rue Ahmed El Mokri زنقة أحمد المقري,33.591347,-7.6388984,icons/cafe.png
راسين,Carrefour Express,Supérette / Mini-market,Formel,Rue Ahmed El Mokri زنقة أحمد المقري,33.5911972,-7.6388189,icons/convenience.png
El Hank,Pharmacie du Phare,Parapharmacie,Formel,Avenue Docteur Mohamed Sijelmassi شارع الدكتور محمد السجلماسي,33.5932456,-7.6432234,icons/pharmacy.png
راسين,Le Marly,Restaurant,Formel,Avenue Moulay Rachid شارع مولاي رشيد,33.5884516,-7.6449671,icons/restaurant.png
El Hank,Kamanja 55,Restaurant,Formel,Boulevard de la Corniche شارع الكورنيش,33.6050003,-7.6579226,icons/restaurant.png
Arrondissement de Sidi Othmane,Biker's Coffee,Café,Formel,Casablanca ⵜⴰⴷⴷⴰⵔⵜ ⵜⵓⵎⵍⵉⵍⵜ الدار البيضاء,33.5587774,-7.5589618,icons/cafe.png
Arrondissement de Sidi Belyout,Fruits secs Ali,Supérette / Mini-market,Formel,Fruits secs Ali,33.5877474,-7.6186834,icons/convenience.png
Arrondissement de Sidi Belyout,Café Venezia,Café,Formel,Café Venezia,33.5877522,-7.618627,icons/cafe.png
Ancienne Medina,Kiosque sans nom,Kiosque,Informel,Kiosque sans nom,33.5900073,-7.6200497,icons/kiosk.png
Maârif,Pharmacie Danton,Parapharmacie,Formel,"Boulevard Bir Anzarane شارع بئر أنزران, Casablanca ⵜⴰⴷⴷⴰⵔⵜ ⵜⵓⵎⵍⵉⵍⵜ الدار البيضاء",33.5803173,-7.6375599,icons/pharmacy.png
Maârif,Café COPA GABANA,Café,Formel,"Boulevard Bir Anzarane شارع بئر أنزران, Casablanca ⵜⴰⴷⴷⴰⵔⵜ ⵜⵓⵎⵍⵉⵍⵜ الدار البيضاء",33.580165,-7.63735,icons/cafe.png
راسين,Meat Point,Restaurant,Formel,Rue Normandie زنقة نورماندي,33.5880626,-7.6397864,icons/restaurant.png
Sour Jdid,King Tacos,Restaurant,Formel,Boulevard Ziraoui شارع الزيراوي,33.596206,-7.6313725,icons/restaurant.png
Val d'Anfa,Pharmacie Dune d'Anfa,Parapharmacie,Formel,Boulevard Driss Slaoui شارع إدريس السلاوي,33.5917909,-7.6544565,icons/pharmacy.png
Beauséjour,Carrefour Market,Supermarché,Formel,Rue Al Banafsaj زنقة البنفسج,33.5667786,-7.6514343,icons/supermarket.png
Sidi Moumen,NORSINE,Café,Formel,NORSINE,33.5771307,-7.5165583,icons/cafe.png
Arrondissement d'Aïn Sebaâ,Obama,Café,Formel,Obama,33.5954718,-7.5390891,icons/cafe.png
Val d'Anfa,ستاربكس,Café,Formel,Boulevard Franklin Roosevelt شارع فرانكلين روزفلت,33.5899114,-7.6498659,icons/cafe.png
Val d'Anfa,Kôya,Restaurant,Formel,Kôya,33.5934607,-7.6548347,icons/restaurant.png
Val d'Anfa,Café Society 1920,Café,Formel,Boulevard Driss Slaoui شارع إدريس السلاوي,33.5959122,-7.6550058,icons/cafe.png
Val d'Anfa,Leopard,Restaurant,Formel,Boulevard Driss Slaoui شارع إدريس السلاوي,33.5998233,-7.6549199,icons/restaurant.png
Val d'Anfa,L'Avenue,Restaurant,Formel,Boulevard Driss Slaoui شارع إدريس السلاوي,33.6006691,-7.6550357,icons/restaurant.png
Val d'Anfa,Cézanne,Restaurant,Formel,Boulevard Driss Slaoui شارع إدريس السلاوي,33.6010073,-7.6550527,icons/restaurant.png
Val d'Anfa,Etçi Mehmet,Restaurant,Formel,Boulevard Driss Slaoui شارع إدريس السلاوي,33.6032711,-7.6570838,icons/restaurant.png
Maârif Extension,L'Abri,Restaurant,Formel,Boulevard Bir Anzarane شارع بئر أنزران,33.5868365,-7.6474582,icons/restaurant.png
Bourgogne,Chili's,Restaurant,Formel,Boulevard Abdelkrim El Khattabi شارع عبد الكريم الخطابي,33.5874321,-7.6484003,icons/restaurant.png
CIL,Yo Ti Tam,Restaurant,Formel,Boulevard Sidi Abderrahmane شارع سيدي عبد الرحمان,33.5680095,-7.6589079,icons/restaurant.png
CIL,Little Mamma,Restaurant,Formel,Boulevard Sidi Abderrahmane شارع سيدي عبد الرحمان,33.5686915,-7.660003,icons/restaurant.png
CIL,Trois W,Café,Formel,Boulevard Ibnou Sina شارع ابن سينا,33.5725173,-7.6668842,icons/cafe.png
Anfa Supérieur,Al Tazaj الطازج,Restaurant,Formel,Boulevard de la Corniche شارع الكورنيش,33.5959316,-7.6744327,icons/restaurant.png
Val d'Anfa,ماكدونالدز,Restaurant,Formel,Boulevard de la Corniche شارع الكورنيش,33.6012598,-7.66158,icons/restaurant.png
Bourgogne,Espace Bader,Restaurant,Formel,Rue Annaba زنقة عنابة,33.5953806,-7.6399885,icons/restaurant.png
Les Princesses,Shanghai Garden,Restaurant,Formel,Rue Mamoun Mohamed زنقة مامون محمد,33.5794073,-7.6505023,icons/restaurant.png
Les Princesses,Dupond,Café,Formel,Dupond,33.5793092,-7.6555099,icons/cafe.png
Maârif Extension,Marché des Fleurs ⴳⴰⴷⴰⵣ ⵏ ⵉⵊⴷⴷⵉⴳⵏ سوق الزهور,Épicerie,Informel,Rue Normandie زنقة نورماندي,33.5830208,-7.6404556,icons/greengrocer.png
Arrondissement d'Aïn-Chock,Zini,Café,Formel,Zini,33.5101691,-7.6565816,icons/cafe.png
El Hank,Marché El Hank,Épicerie,Informel,Marché El Hank,33.60462,-7.6515048,icons/greengrocer.png
Ancienne Medina,Chez Zozo,Restaurant,Formel,Avenue des Forces Armées Royales شارع الجيش الملكي,33.5966265,-7.6108546,icons/restaurant.png
Ancienne Medina,Restaurant Bidoune Monafesse,Restaurant,Formel,Restaurant Bidoune Monafesse,33.5987593,-7.619166,icons/restaurant.png
Ancienne Medina,Dar Dada,Restaurant,Formel,Dar Dada,33.6041396,-7.6216351,icons/restaurant.png
Maârif,Planète des Fruits,Restaurant,Formel,Planète des Fruits,33.5848682,-7.6359971,icons/restaurant.png
Dar Bouazza,Café Ziad,Café,Formel,Café Ziad,33.5189768,-7.8408391,icons/cafe.png
Dar Bouazza,Chez L'Maestro,Restaurant,Formel,Chez L'Maestro,33.5198779,-7.8388822,icons/restaurant.png
Arrondissement d'Aïn-Chock,Espace Bistro,Restaurant,Formel,"Boulevard El Khalil شارع الخليل, Casablanca ⵜⴰⴷⴷⴰⵔⵜ ⵜⵓⵎⵍⵉⵍⵜ الدار البيضاء",33.5465329,-7.5948079,icons/restaurant.png
Anfa Supérieur,ماكدونالدز,Restaurant,Formel,Boulevard de la Corniche شارع الكورنيش,33.5956689,-7.6779779,icons/restaurant.png
Maârif,El Ghanouj,Restaurant,Formel,Rue Normandie زنقة نورماندي,33.5836773,-7.6399474,icons/restaurant.png
راسين,Le Vélodrome,Restaurant,Formel,Boulevard Abdellatif Ben Kadour شارع عبد اللطيف بن قدور,33.5899924,-7.64666,icons/restaurant.png
Dar Bouazza,ماكدونالدز,Restaurant,Formel,ماكدونالدز,33.5349429,-7.7651628,icons/restaurant.png
Dar Bouazza,Smart Market,Supérette / Mini-market,Formel,Smart Market,33.5122874,-7.8230349,icons/convenience.png
Palmiers,Pomme de Pain,Restaurant,Formel,Pomme de Pain,33.5772223,-7.6253019,icons/restaurant.png
Palmiers,O Chef,Restaurant,Formel,Boulevard Abdelmoumen شارع عبد المومن,33.5782133,-7.6252155,icons/restaurant.png
Palmiers,Parapharmacie sans nom,Parapharmacie,Formel,Parapharmacie sans nom,33.5784386,-7.6248457,icons/pharmacy.png
Palmiers,Mademoiselle Sissi,Restaurant,Formel,Mademoiselle Sissi,33.5785594,-7.6246821,icons/restaurant.png
Palmiers,Marjane,Supermarché,Formel,Marjane,33.5785138,-7.6243943,icons/supermarket.png
Dar Bouazza,Blûssom,Restaurant,Formel,Blûssom,33.5184385,-7.8503564,icons/restaurant.png
Dar Bouazza,Snack Amine,Restaurant,Formel,Snack Amine,33.5009746,-7.8572718,icons/restaurant.png
Gauthier,Restaurant des professeurs,Restaurant,Formel,Restaurant des professeurs,33.5881493,-7.630843,icons/restaurant.png
Arrondissement de Sidi Belyout,Restaurant sans nom,Restaurant,Formel,Restaurant sans nom,33.5879264,-7.6189312,icons/restaurant.png
Arrondissement d'Aïn Sebaâ,Chez El Kaoun,Restaurant,Formel,Chez El Kaoun,33.606045,-7.5394376,icons/restaurant.png
Arrondissement d'Aïn Sebaâ,Pharmacie Ain Sebaa صيدلية عين السبع,Parapharmacie,Formel,Pharmacie Ain Sebaa صيدلية عين السبع,33.6061517,-7.539421,icons/pharmacy.png
Anfa Supérieur,Balcon 33,Restaurant,Formel,Balcon 33,33.5955958,-7.6755912,icons/restaurant.png
Préfecture d'arrondissement de Hay Hassani,La terrasse -1951- Maison Alexis,Restaurant,Formel,La terrasse -1951- Maison Alexis,33.5659386,-7.6597137,icons/restaurant.png
Val d'Anfa,Roots Coffee & More,Restaurant,Formel,Roots Coffee & More,33.5881752,-7.6457967,icons/restaurant.png
Casa Anfa,Buvette Étudiants,Restaurant,Formel,Buvette Étudiants,33.5485187,-7.6511315,icons/restaurant.png
Casa Anfa,Restaurant EHTP,Restaurant,Formel,Restaurant EHTP,33.5476851,-7.6504471,icons/restaurant.png
Casa Anfa,Buvette,Restaurant,Formel,Buvette,33.5466783,-7.651652,icons/restaurant.png
Sidi Maârouf,Nearshore Casablanca,Restaurant,Formel,Nearshore Casablanca,33.5286333,-7.6406825,icons/restaurant.png
Préfecture d'arrondissement de Hay Hassani,Verona Ice,Café,Formel,Rue 64,33.5669091,-7.6961883,icons/cafe.png
Mers Sultan,Ayour,Restaurant,Formel,Boulevard Lamartine,33.5701494,-7.6094921,icons/restaurant.png
Polo,Ziryab,Café,Formel,Ziryab,33.5580008,-7.6087417,icons/cafe.png
Arrondissement d'Aïn Sebaâ,Mafy,Restaurant,Formel,Allée des Mimosas,33.6177439,-7.5326442,icons/restaurant.png
Polo,ماكدونالدز,Restaurant,Formel,Boulevard Modibo Keita شارع موديبو كيتا,33.562303,-7.6147823,icons/restaurant.png
Hay El Hana,Pharmacie Cinem Anfa,Parapharmacie,Formel,Boulevard Sidi Abderrahmane شارع سيدي عبد الرحمان,33.5743409,-7.6710815,icons/pharmacy.png
N/A,Supérette / Mini-market sans nom,Supérette / Mini-market,Formel,Rue Caid Al Achtar زنقة القيد الأشطر,33.5822476,-7.64182,icons/convenience.png
Maârif Extension,محلبة أشبال أمغوز,Restaurant,Formel,Rue Caid Al Achtar زنقة القيد الأشطر,33.5822571,-7.6417023,icons/restaurant.png
Val d'Anfa,Marché Badr سوق بدر,Épicerie,Informel,Rue Imam El Alloussi زنقة إمام العلوسي,33.5937849,-7.6399286,icons/greengrocer.png
Maârif,Marché Central du Maârif سوق المعاريف المركزي,Épicerie,Informel,Rue du Marché,33.5851575,-7.634629,icons/greengrocer.png
Californie,Parapharmacie sans nom,Parapharmacie,Formel,Boulevard Tétouan,33.5340268,-7.6359191,icons/pharmacy.png
Maârif Extension,Supérette / Mini-market sans nom,Supérette / Mini-market,Formel,Rue Al Mansour Al Abidi زنقة المنصور العابدي,33.5796533,-7.6418564,icons/convenience.png
Sour Jdid,Agogo,Restaurant,Formel,"Rue du Souss, Casablanca ⵜⴰⴷⴷⴰⵔⵜ ⵜⵓⵎⵍⵉⵍⵜ الدار البيضاء",33.6067272,-7.6285047,icons/restaurant.png
Sour Jdid,Little Mamma,Restaurant,Formel,Little Mamma,33.5917504,-7.6272453,icons/restaurant.png
Ancienne Medina,Mood's,Restaurant,Formel,Casablanca ⵜⴰⴷⴷⴰⵔⵜ ⵜⵓⵎⵍⵉⵍⵜ الدار البيضاء,33.6066332,-7.6192613,icons/restaurant.png
Californie,Cafe Rodeo,Café,Formel,Route de l'Oasis,33.554936,-7.6319589,icons/cafe.png
Californie,Pharmacie & Para Care Oasis,Parapharmacie,Formel,Route de l'Oasis,33.5550878,-7.6318495,icons/pharmacy.png
Anfa Supérieur,Burger King,Restaurant,Formel,"Boulevard de la Corniche, Casablanca",33.5953715,-7.6775382,icons/restaurant.png
Val Fleuri,Pharmacie Aymane,Parapharmacie,Formel,Rue Henri Murger,33.5745137,-7.6368484,icons/pharmacy.png
Casa Anfa,Abouab Oum Rabiaa,Supermarché,Formel,Boulevard d'Oued Oum Rabia,33.5622339,-7.6689328,icons/supermarket.png
Beauséjour,Pharmacie Al Ourjouane صيدلية الأرجوان,Parapharmacie,Formel,Rue Al Ourjouane زنقة الأرجوان,33.5670034,-7.6530453,icons/pharmacy.png
Gauthier,L'entrecôte 212,Restaurant,Formel,L'entrecôte 212,33.5885276,-7.6323582,icons/restaurant.png
راسين,Illy caffé,Café,Formel,Illy caffé,33.5900214,-7.6379325,icons/cafe.png
Gauthier,Amistad,Restaurant,Formel,Amistad,33.5888214,-7.6335593,icons/restaurant.png
L'Oasis,Pharmacie de l'Oasis,Parapharmacie,Formel,Boulevard Abderrahim Bouabid,33.5564078,-7.6340383,icons/pharmacy.png
Gauthier,Nara,Restaurant,Formel,Nara,33.5908823,-7.6310544,icons/restaurant.png
Gauthier,Gare aux gorilles,Restaurant,Formel,Gare aux gorilles,33.5896971,-7.6324564,icons/restaurant.png
Gauthier,Sushi Club,Restaurant,Formel,Sushi Club,33.5900664,-7.6318063,icons/restaurant.png
Gauthier,Kazyon,Supermarché,Formel,Kazyon,33.589598,-7.63254,icons/supermarket.png
Gauthier,Le Courtois,Restaurant,Formel,Le Courtois,33.5894857,-7.6326889,icons/restaurant.png
Gauthier,Le petit bouillon,Restaurant,Formel,Le petit bouillon,33.589856,-7.6322896,icons/restaurant.png
Maârif,Le Louvre,Café,Formel,Le Louvre,33.5865531,-7.6348072,icons/cafe.png
Maârif,Amanda Store,Supérette / Mini-market,Formel,Amanda Store,33.5865294,-7.6365008,icons/convenience.png
Oulad Azzouz,koolsmoothie,Restaurant,Formel,koolsmoothie,33.505436,-7.6784249,icons/restaurant.png
Casa Anfa,Le Pain Quotidien,Café,Formel,Le Pain Quotidien,33.559533,-7.6536727,icons/cafe.png
Arrondissement d'Aïn-Chock,Burger King,Restaurant,Formel,Burger King,33.5066376,-7.6303565,icons/restaurant.png
Sidi Maârouf,Carrefour,Supermarché,Formel,Carrefour,33.5354196,-7.6419162,icons/supermarket.png
Arrondissement d'Al Fida,Marjane,Supermarché,Formel,Marjane,33.5616025,-7.5935293,icons/supermarket.png
Sidi Othmane,Marché de Gros de Fruits et Legumes,Épicerie,Informel,Marché de Gros de Fruits et Legumes,33.5530365,-7.5587069,icons/greengrocer.png
Cité Plateau,Joutia de Derb Ghallef جوطية درب غلف,Épicerie,Informel,Joutia de Derb Ghallef جوطية درب غلف,33.5708368,-7.6297945,icons/greengrocer.png
Val d'Anfa,Marché Lahjajma سوق لهجاجمة,Épicerie,Informel,Boulevard de Bourgogne شارع بوركون,33.5954769,-7.6503376,icons/greengrocer.png
Dar Bouazza,Épicerie sans nom,Épicerie,Informel,Épicerie sans nom,33.5083642,-7.8454911,icons/greengrocer.png
Cité Plateau,Marché Riviera,Épicerie,Informel,Marché Riviera,33.5657965,-7.638669,icons/greengrocer.png
Polo,Supermarché sans nom,Supermarché,Formel,Supermarché sans nom,33.5580014,-7.6189178,icons/supermarket.png
Bachkou,pharmacie lysere,Parapharmacie,Formel,pharmacie lysere,33.5579434,-7.6215994,icons/pharmacy.png
Polo,Supermarché sans nom,Supermarché,Formel,Supermarché sans nom,33.5562672,-7.6171274,icons/supermarket.png
Polo,Pharmaice Al Amne,Parapharmacie,Formel,Rue du Golo,33.5561984,-7.6173977,icons/pharmacy.png
Ain Diab,Parapharmacie sans nom,Parapharmacie,Formel,Parapharmacie sans nom,33.5819813,-7.6753431,icons/pharmacy.png
Arrondissement de Sidi Othmane,Marjane,Supermarché,Formel,Marjane,33.5602836,-7.5614755,icons/supermarket.png
Arrondissement de Sidi Othmane,Café sans nom,Café,Formel,Café sans nom,33.5652069,-7.5564015,icons/cafe.png
Arrondissement de Sidi Othmane,Dam-Dam,Restaurant,Formel,Dam-Dam,33.5652027,-7.5563348,icons/restaurant.png
Préfecture d'arrondissements de Ben M'sick,al joulane,Parapharmacie,Formel,al joulane,33.5461206,-7.5641194,icons/pharmacy.png
El Oulfa,Marché Al Oulfa,Épicerie,Informel,Marché Al Oulfa,33.5545263,-7.680338,icons/greengrocer.png
El Oulfa,Café le Lagon,Café,Formel,"Boulevard Oued Oum Rbia, Casablanca",33.5554023,-7.6845755,icons/cafe.png
Dar Bouazza,Le Marie Jeanne,Restaurant,Formel,Le Marie Jeanne,33.500122,-7.8547123,icons/restaurant.png
Sidi Maârouf,Boca,Café,Formel,Boca,33.5261768,-7.6420676,icons/cafe.png
Préfecture d'arrondissements de Ben M'sick,Souk Al Mtlashiyat سوق المتلاشيات,Épicerie,Informel,Souk Al Mtlashiyat سوق المتلاشيات,33.5417149,-7.556075,icons/greengrocer.png
Arrondissement d'Aïn Sebaâ,Kissariat Hay Mohammadi,Épicerie,Informel,Kissariat Hay Mohammadi,33.5860206,-7.562441,icons/greengrocer.png
Préfecture d'arrondissement de Hay Hassani,Souk Selk,Épicerie,Informel,Souk Selk,33.5716207,-7.677402,icons/greengrocer.png
N/A,Épicerie sans nom,Épicerie,Informel,Épicerie sans nom,33.4158191,-7.8688642,icons/greengrocer.png
Arrondissement d'Aïn-Chock,Le Marché couvert du derb lakdim السوق المغطى للدرب القديم,Épicerie,Informel,Le Marché couvert du derb lakdim السوق المغطى للدرب القديم,33.5521862,-7.5993336,icons/greengrocer.png
Polo,Parapharmacie sans nom,Parapharmacie,Formel,Boulevard Modibo Keita,33.5617115,-7.617121,icons/pharmacy.png
Les Hôpitaux,Marché des Fleurs,Épicerie,Informel,Marché des Fleurs,33.5823862,-7.6202913,icons/greengrocer.png
Bachkou,Pharmacie Bab Taddart,Parapharmacie,Formel,Route de Taddart,33.5597518,-7.6263099,icons/pharmacy.png
Arrondissement d'Aïn Sebaâ,Atacadão,Supermarché,Formel,Atacadão,33.5960324,-7.5225868,icons/supermarket.png
Arrondissement de Sidi Belyout,Épicerie sans nom,Épicerie,Informel,Épicerie sans nom,33.5856217,-7.6107419,icons/greengrocer.png
Mohammédia,Aswak Assalam,Supermarché,Formel,"Boulevard Hassan II شارع الحسن الثاني, Mohammedia",33.6886521,-7.4008019,icons/supermarket.png
Casa Anfa,Souk Ould Mina,Épicerie,Informel,Souk Ould Mina,33.5685171,-7.6740623,icons/greengrocer.png
El Oulfa,Marjane,Supermarché,Formel,Marjane,33.5662976,-7.6760715,icons/supermarket.png
Mohammédia,Café Nassim,Café,Formel,Café Nassim,33.6797568,-7.4012456,icons/cafe.png
Mohammédia,Annasr,Café,Formel,Annasr,33.6976839,-7.3585111,icons/cafe.png
Ancienne Medina,BİM,Supermarché,Formel,"Rue de La Douane, Casablanca",33.6001813,-7.616268,icons/supermarket.png
Arrondissement d'Aïn-Chock,Acima آسيما,Supermarché,Formel,Acima آسيما,33.5395458,-7.6016523,icons/supermarket.png
Arrondissement de Sidi Belyout,Vidange,Supérette / Mini-market,Formel,Boulevard de la Résistance,33.5897877,-7.6041349,icons/convenience.png
El Oulfa,Poissons & Fruits de Mar Bhaylisa,Épicerie,Informel,Boulevard Oued Oum Rbia,33.5540541,-7.6882616,icons/greengrocer.png
Casa Anfa,Cafe Torana,Café,Formel,Boulevard d'Oued Oum Rabia,33.559995,-7.6753463,icons/cafe.png
Hay Mohammadi,Épicerie sans nom,Épicerie,Informel,Épicerie sans nom,33.5860481,-7.5533292,icons/greengrocer.png
Hay Mohammadi,Al-Amal,Parapharmacie,Formel,Boulevard Ibn Zair Abdessalam,33.5845373,-7.562482,icons/pharmacy.png
Arrondissement d'Aïn Sebaâ,Parapharmacie,Parapharmacie,Formel,Route de Rabat,33.6042897,-7.5297001,icons/pharmacy.png
Ancienne Medina,Pharmacie Central,Parapharmacie,Formel,Rue Hommane Al Fatwaki,33.5923667,-7.6091624,icons/pharmacy.png
Ancienne Medina,Café Jbel Hebri,Café,Formel,Rue Léon l'Africain,33.595661,-7.6101719,icons/cafe.png
Arrondissement d'Aïn Sebaâ,Place Ahmed Mekouar,Parapharmacie,Formel,Boulevard de la Gare,33.612772,-7.5317453,icons/pharmacy.png
Arrondissement de Moulay Rachid,Épicerie sans nom,Épicerie,Informel,Épicerie sans nom,33.5655786,-7.5542405,icons/greengrocer.png
Arrondissement d'Aïn Sebaâ,Pharmacie Choura,Parapharmacie,Formel,Boulevard Ibn Al Ouannane,33.595657,-7.5610861,icons/pharmacy.png
Hay Mohammadi,Parapharmacie sans nom,Parapharmacie,Formel,Boulevard Okba Bnou Nafie,33.5828745,-7.5682548,icons/pharmacy.png
Arrondissement de Sidi Moumen,Parapharmacie sans nom,Parapharmacie,Formel,Boulevard Okba Bnou Nafie,33.5760287,-7.5442647,icons/pharmacy.png
Polo,Traumedic,Parapharmacie,Formel,Rue de l'Hérault,33.557548,-7.6104928,icons/pharmacy.png
Habous ⵍⵃⵓⴱⵓⵙ الحبوس,Épicerie sans nom,Épicerie,Informel,Rue Ibn Khaldoun,33.5778142,-7.6055596,icons/greengrocer.png
Sidi Bernoussi,Adosani,Café,Formel,Boulevard Imam Chafii,33.6202084,-7.486741,icons/cafe.png
Mers Sultan,Épicerie sans nom,Épicerie,Informel,Épicerie sans nom,33.5735817,-7.6027141,icons/greengrocer.png
Mers Sultan,Épicerie sans nom,Épicerie,Informel,Épicerie sans nom,33.5724291,-7.60293,icons/greengrocer.png
Mers Sultan,Épicerie sans nom,Épicerie,Informel,Épicerie sans nom,33.5730487,-7.6052688,icons/greengrocer.png
Habous ⵍⵃⵓⴱⵓⵙ الحبوس,Épicerie sans nom,Épicerie,Informel,Rue du Palais du Sultan,33.5787103,-7.6049657,icons/greengrocer.png
Mers Sultan,Épicerie sans nom,Épicerie,Informel,Épicerie sans nom,33.5726755,-7.6052522,icons/greengrocer.png
Californie,Pharmacie Ghziwat,Parapharmacie,Formel,Pharmacie Ghziwat,33.5420687,-7.6345011,icons/pharmacy.png
Arrondissement de Sidi Moumen,Papparoti Café,Café,Formel,Papparoti Café,33.6083048,-7.4806766,icons/cafe.png
Cité Plateau,Parapharmacie sans nom,Parapharmacie,Formel,Rue Mohamed Al Hayani,33.5664743,-7.6283433,icons/pharmacy.png
N/A,Épicerie sans nom,Épicerie,Informel,Épicerie sans nom,33.6380043,-7.4517062,icons/greengrocer.png
Sidi Bernoussi,Épicerie sans nom,Épicerie,Informel,Épicerie sans nom,33.609642,-7.5155819,icons/greengrocer.png
N/A,Épicerie sans nom,Épicerie,Informel,Épicerie sans nom,33.6372498,-7.4507549,icons/greengrocer.png
Mers Sultan,Pharmacie Menara,Parapharmacie,Formel,Rue 1,33.5683974,-7.6098351,icons/pharmacy.png
Arrondissement d'Aïn-Chock,Para & Pharmacie,Parapharmacie,Formel,Rue 2,33.529637,-7.5966943,icons/pharmacy.png
Ain Diab,Parapharmacie sans nom,Parapharmacie,Formel,Boulevard Abdelhadi Boutaleb,33.5766722,-7.675367,icons/pharmacy.png
El Oulfa,Espace Danisma,Café,Formel,Boulevard Oued Sebou,33.5528259,-7.6770769,icons/cafe.png
El Oulfa,Cafe Kamal,Café,Formel,Rue 177,33.5526403,-7.6771205,icons/cafe.png
Dar Bouazza,Pharmacie Aqua Parc,Parapharmacie,Formel,R320,33.5184124,-7.7983433,icons/pharmacy.png
Ain Diab,KFC,Restaurant,Formel,الدار البيضاء,33.5873876,-7.6850644,icons/restaurant.png
L'Oasis,Marché De L'Oasis,Épicerie,Informel,Marché De L'Oasis,33.5567134,-7.6350995,icons/greengrocer.png
L'Oasis,Supermarché sans nom,Supermarché,Formel,Supermarché sans nom,33.5521582,-7.6427512,icons/supermarket.png
L'Oasis,Parapharmacie sans nom,Parapharmacie,Formel,Parapharmacie sans nom,33.5521537,-7.6401432,icons/pharmacy.png
Sidi Bernoussi,Café sans nom,Café,Formel,Café sans nom,33.6083797,-7.4997145,icons/cafe.png
Sidi Bernoussi,Épicerie sans nom,Épicerie,Informel,Casablanca ⵜⴰⴷⴷⴰⵔⵜ ⵜⵓⵎⵍⵉⵍⵜ الدار البيضاء,33.6085329,-7.5115367,icons/greengrocer.png
Sidi Bernoussi,Supermarché sans nom,Supermarché,Formel,Supermarché sans nom,33.6136183,-7.5064635,icons/supermarket.png
Sidi Bernoussi,سوق طارق,Épicerie,Informel,سوق طارق,33.6099527,-7.5157466,icons/greengrocer.png
Sidi Bernoussi,Épicerie sans nom,Épicerie,Informel,Épicerie sans nom,33.6147985,-7.4974842,icons/greengrocer.png
Arrondissement d'Aïn-Chock,Famagusta,Café,Formel,Famagusta,33.5318053,-7.6168265,icons/cafe.png
Casablanca,Les terrases des près,Café,Formel,"Route d'Azemmour, Casablanca",33.5329323,-7.7486462,icons/cafe.png
Arrondissement d'Aïn Sebaâ,Bolzano Ice,Café,Formel,Bolzano Ice,33.6088714,-7.5287159,icons/cafe.png
Arrondissement d'Aïn Sebaâ,Espace La Flandre,Café,Formel,Espace La Flandre,33.6141298,-7.5310306,icons/cafe.png
Arrondissement d'Aïn Sebaâ,Le Château d'Or,Café,Formel,Le Château d'Or,33.616962,-7.5329122,icons/cafe.png
Arrondissement d'Aïn Sebaâ,Café sans nom,Café,Formel,Café sans nom,33.6165098,-7.5327003,icons/cafe.png
Sidi Bernoussi,Pomme de Pain,Café,Formel,Pomme de Pain,33.6232652,-7.524987,icons/cafe.png
Sidi Bernoussi,Café sans nom,Café,Formel,Café sans nom,33.6210096,-7.5318542,icons/cafe.png
Oulad Azzouz,Supermarché sans nom,Supermarché,Formel,Supermarché sans nom,33.5170568,-7.7996641,icons/supermarket.png
Sidi Othmane,Marché de gros des légumes et des fruits de Casablanca,Épicerie,Informel,"Avenue du Commandant Idriss Elharti, arrondissement de Sidi Othmane مقاطعة سيدي عثمان",33.5532479,-7.5584464,icons/greengrocer.png
Hay Mohammadi,Hay Mohammadi Market (Souika),Épicerie,Informel,Hay Mohammadi Market (Souika),33.5855619,-7.5638238,icons/greengrocer.png
Arrondissement d'Aïn-Chock,marché ousra,Épicerie,Informel,marché ousra,33.5351836,-7.5814558,icons/greengrocer.png
Hay Mohammadi,Épicerie sans nom,Épicerie,Informel,Épicerie sans nom,33.5820348,-7.5662054,icons/greengrocer.png
Soualem Trifiya,Superette,Supérette / Mini-market,Formel,Superette,33.4911333,-7.8980402,icons/convenience.png
Arrondissement d'Aïn-Chock,Marché Ain Choc,Épicerie,Informel,Marché Ain Choc,33.5475865,-7.5974569,icons/greengrocer.png
Arrondissement d'Aïn Sebaâ,Supermarché sans nom,Supermarché,Formel,Supermarché sans nom,33.5989474,-7.5751425,icons/supermarket.png
CIL,Paul,Boulangerie,Formel,Paul,33.5704321,-7.6664915,icons/bakery.png
Les Princesses,Kiosque sans nom,Kiosque,Informel,Kiosque sans nom,33.5818573,-7.6484646,icons/kiosk.png
Soualem Trifiya,Kiosque sans nom,Kiosque,Informel,Kiosque sans nom,33.4927255,-7.8982499,icons/kiosk.png
Maârif Extension,Kiosque sans nom,Kiosque,Informel,Kiosque sans nom,33.5839461,-7.6443584,icons/kiosk.png
Les Princesses,Kiosque sans nom,Kiosque,Informel,Kiosque sans nom,33.5840114,-7.6495285,icons/kiosk.png
Arrondissement d'Aïn-Chock,Carrefour,Supermarché,Formel,Carrefour,33.5290416,-7.5930685,icons/supermarket.png
Arrondissement d'Aïn-Chock,Marché Typique Sekkat,Épicerie,Informel,Marché Typique Sekkat,33.5468004,-7.5871728,icons/greengrocer.png
Arrondissement d'Aïn-Chock,Marché Al Khiam,Épicerie,Informel,Marché Al Khiam,33.5460403,-7.5862771,icons/greengrocer.png
Arrondissement de Sidi Moumen,Épicerie sans nom,Épicerie,Informel,Épicerie sans nom,33.5840376,-7.4775738,icons/greengrocer.png
